{"textures":{"0":"anubis_head0"},"elements":[{"from":[4,0,4],"to":[12,8,12],"faces":{"down":{"uv":[0,0,2,2],"texture":"#0"},"north":{"uv":[0,0,2,2],"texture":"#0"},"south":{"uv":[0,0,2,2],"texture":"#0"},"west":{"uv":[0,0,2,2],"texture":"#0"}}},{"from":[3,1,4],"to":[4,8,12],"faces":{"down":{"uv":[4,1.5,6,1.75],"texture":"#0","rotation":90},"up":{"uv":[4,0,6,0.25],"texture":"#0","rotation":90},"north":{"uv":[4,0,4.25,1.75],"texture":"#0"},"south":{"uv":[5.75,0,6,1.75],"texture":"#0"},"west":{"uv":[4,0,6,1.75],"texture":"#0"}}},{"from":[4,8,4],"to":[12,9,12],"faces":{"up":{"uv":[6,0,8,2],"texture":"#0","rotation":90},"north":{"uv":[6,2,6.25,0],"texture":"#0","rotation":90},"south":{"uv":[7.75,0,8,2],"texture":"#0","rotation":90},"west":{"uv":[6,1.75,8,2],"texture":"#0"},"east":{"uv":[6,0,8,0.25],"texture":"#0"}}},{"from":[-3,2,5],"to":[3,5,11],"faces":{"down":{"uv":[5.75,2.5,7.25,2.75],"texture":"#0"},"up":{"uv":[5.75,2,7.25,2.25],"texture":"#0"},"north":{"uv":[5.75,2,7.25,2.75],"texture":"#0"},"south":{"uv":[5.75,2,7.25,2.75],"texture":"#0"},"west":{"uv":[5.75,2,7.25,2.75],"texture":"#0"}}},{"from":[-3,5,6],"to":[0,6,10],"faces":{"up":{"uv":[3.5,3.5,4.5,4.25],"texture":"#0","rotation":90},"north":{"uv":[3.5,4.25,3.75,3.5],"texture":"#0","rotation":90},"south":{"uv":[4.25,3.5,4.5,4.25],"texture":"#0","rotation":90},"west":{"uv":[3.5,4,4.5,4.25],"texture":"#0"}}},{"from":[-5,2,6],"to":[-3,5,10],"faces":{"down":{"uv":[5.75,2.5,6.5,2.75],"texture":"#0","rotation":90},"up":{"uv":[5.75,2.75,6.75,3.25],"texture":"#0","rotation":90},"north":{"uv":[5.75,2,6.5,2.75],"texture":"#0"},"south":{"uv":[5.75,2,6.5,2.75],"texture":"#0"},"west":{"uv":[5.75,2,6.75,2.75],"texture":"#0"}}},{"from":[-4,1,7],"to":[3,2,9],"faces":{"down":{"uv":[0,5.25,0.5,7],"texture":"#0","rotation":90},"up":{"uv":[0,5.25,0.5,7],"texture":"#0","rotation":90},"north":{"uv":[0,7,0.5,5.25],"texture":"#0","rotation":90},"south":{"uv":[0,5.25,0.5,7],"texture":"#0","rotation":90},"west":{"uv":[0,6.75,0.5,7],"texture":"#0"}}},{"from":[4,4,3],"to":[12,8,4],"faces":{"down":{"uv":[2,0.75,4,1],"texture":"#0"},"up":{"uv":[2,0,4,0.25],"texture":"#0"},"north":{"uv":[4,0,2,1],"texture":"#0"},"west":{"uv":[2,0,2.25,1],"texture":"#0"},"east":{"uv":[3.75,0,4,1],"texture":"#0"}}},{"from":[4,4,12],"to":[12,8,13],"faces":{"down":{"uv":[2,0.75,4,1],"texture":"#0"},"up":{"uv":[2,0,4,0.25],"texture":"#0"},"south":{"uv":[2,0,4,1],"texture":"#0"},"west":{"uv":[2,0,2.25,1],"texture":"#0"},"east":{"uv":[3.75,0,4,1],"texture":"#0"}}},{"from":[5,1,12],"to":[12,4,13],"faces":{"down":{"uv":[0.25,1.5,2,1.75],"texture":"#0"},"south":{"uv":[0.25,1,2,1.75],"texture":"#0"},"west":{"uv":[0.25,1,0.5,1.75],"texture":"#0"},"east":{"uv":[1.75,1,2,1.75],"texture":"#0"}}},{"from":[5,1,3],"to":[12,4,4],"faces":{"down":{"uv":[0.25,1.5,2,1.75],"texture":"#0"},"north":{"uv":[2,1,0.25,1.75],"texture":"#0"},"west":{"uv":[0.25,1,0.5,1.75],"texture":"#0"},"east":{"uv":[1.75,1,2,1.75],"texture":"#0"}}},{"from":[9,9,10],"to":[10,16,13],"faces":{"down":{"uv":[0,4.25,0.75,4.5],"texture":"#0","rotation":90},"up":{"uv":[0,2.75,0.75,3],"texture":"#0","rotation":90},"north":{"uv":[0,2.75,0.25,4.5],"texture":"#0"},"south":{"uv":[0.5,2.75,0.75,4.5],"texture":"#0"},"west":{"uv":[0,2.75,0.75,4.5],"texture":"#0"},"east":{"uv":[1.25,5.25,0.5,7],"texture":"#0"}}},{"from":[9,8,12],"to":[10,9,13],"faces":{"west":{"uv":[0.5,4.5,0.75,4.75],"texture":"#0"},"east":{"uv":[0.5,4.5,0.75,4.75],"texture":"#0"}}},{"from":[9,6,13],"to":[10,12,14],"faces":{"down":{"uv":[0.75,5,1,5.25],"texture":"#0"},"up":{"uv":[0.75,3.75,1,4],"texture":"#0"},"north":{"uv":[0.75,3.75,1,5.25],"texture":"#0"},"south":{"uv":[0.75,3.75,1,5.25],"texture":"#0"},"west":{"uv":[0.75,3.75,1,5.25],"texture":"#0"},"east":{"uv":[0.75,3.75,1,5.25],"texture":"#0"}}},{"from":[9,16,10],"to":[10,19,12],"faces":{"up":{"uv":[0,2,0.5,2.25],"texture":"#0"},"north":{"uv":[0,2,0.5,2.75],"texture":"#0"},"south":{"uv":[0,2,0.5,2.75],"texture":"#0"},"west":{"uv":[0,2,0.5,2.75],"texture":"#0"},"east":{"uv":[0,2,0.5,2.75],"texture":"#0"}}},{"from":[9,9,3],"to":[10,16,6],"faces":{"down":{"uv":[0,4.25,0.75,4.5],"texture":"#0","rotation":90},"up":{"uv":[0.75,2.75,0,3],"texture":"#0","rotation":90},"north":{"uv":[0.5,2.75,0.75,4.5],"texture":"#0"},"south":{"uv":[0,2.75,0.25,4.5],"texture":"#0"},"west":{"uv":[0.75,2.75,0,4.5],"texture":"#0"},"east":{"uv":[0.5,5.25,1.25,7],"texture":"#0"}}},{"from":[9,8,3],"to":[10,9,4],"faces":{"west":{"uv":[0.5,4.5,0.75,4.75],"texture":"#0"},"east":{"uv":[0.5,4.5,0.75,4.75],"texture":"#0"}}},{"from":[9,6,2],"to":[10,12,3],"faces":{"down":{"uv":[0.75,5,1,5.25],"texture":"#0"},"up":{"uv":[0.75,3.75,1,4],"texture":"#0"},"north":{"uv":[0.75,3.75,1,5.25],"texture":"#0"},"south":{"uv":[0.75,3.75,1,5.25],"texture":"#0"},"west":{"uv":[0.75,3.75,1,5.25],"texture":"#0"},"east":{"uv":[0.75,3.75,1,5.25],"texture":"#0"}}},{"from":[9,16,4],"to":[10,19,6],"faces":{"up":{"uv":[0,2,0.5,2.25],"texture":"#0"},"north":{"uv":[0,2,0.5,2.75],"texture":"#0"},"south":{"uv":[0,2,0.5,2.75],"texture":"#0"},"west":{"uv":[0,2,0.5,2.75],"texture":"#0"},"east":{"uv":[0,2,0.5,2.75],"texture":"#0"}}},{"from":[0,5,5],"to":[3,7,11],"faces":{"up":{"uv":[3.5,2,5,2.75],"texture":"#0","rotation":90},"north":{"uv":[5,2,5.75,2.5],"texture":"#0"},"south":{"uv":[5.75,2,5,2.5],"texture":"#0"},"west":{"uv":[3.5,2.75,5,3.25],"texture":"#0"}}},{"from":[12,-2,4],"to":[13,8,12],"faces":{"down":{"uv":[1,4.25,3,4.5],"texture":"#0","rotation":90},"up":{"uv":[1,2,3,2.25],"texture":"#0","rotation":90},"north":{"uv":[1,2,1.25,4.5],"texture":"#0"},"south":{"uv":[2.75,2,3,4.5],"texture":"#0"},"west":{"uv":[1,2,3,4.5],"texture":"#0"},"east":{"uv":[1,2,3,4.5],"texture":"#0"}}},{"from":[12,-8,7],"to":[13,-2,9],"faces":{"down":{"uv":[1.75,5.75,2.25,6],"texture":"#0"},"north":{"uv":[1.75,4.5,2.25,6],"texture":"#0"},"south":{"uv":[1.75,4.5,2.25,6],"texture":"#0"},"west":{"uv":[1.75,4.5,2.25,6],"texture":"#0"},"east":{"uv":[1.75,4.5,2.25,6],"texture":"#0"}}},{"from":[12,-5,6],"to":[13,-2,7],"faces":{"down":{"uv":[1.5,5,1.75,5.25],"texture":"#0"},"north":{"uv":[1.5,4.5,1.75,5.25],"texture":"#0"},"west":{"uv":[1.5,4.5,1.75,5.25],"texture":"#0"},"east":{"uv":[1.5,4.5,1.75,5.25],"texture":"#0"}}},{"from":[12,-5,9],"to":[13,-2,10],"faces":{"down":{"uv":[1.5,5,1.75,5.25],"texture":"#0"},"south":{"uv":[1.5,4.5,1.75,5.25],"texture":"#0"},"west":{"uv":[1.5,4.5,1.75,5.25],"texture":"#0"},"east":{"uv":[1.5,4.5,1.75,5.25],"texture":"#0"}}},{"from":[13,-4,7],"to":[14,7,9],"faces":{"down":{"uv":[3,4.5,3.5,4.75],"texture":"#0"},"up":{"uv":[3,2,3.5,2.25],"texture":"#0"},"north":{"uv":[3.25,2,3.5,4.75],"texture":"#0"},"south":{"uv":[3,2,3.25,4.75],"texture":"#0"},"west":{"uv":[3,2,3.5,4.75],"texture":"#0"},"east":{"uv":[3,2,3.5,4.75],"texture":"#0"}}},{"from":[3,-5,4],"to":[4,1,6],"faces":{"down":{"uv":[4.5,4.5,5,4.75],"texture":"#0","rotation":90},"north":{"uv":[4.75,3.25,5,4.75],"texture":"#0"},"south":{"uv":[4.5,3.25,4.75,4.75],"texture":"#0"},"west":{"uv":[5,3.25,4.5,4.75],"texture":"#0"},"east":{"uv":[4.5,3.25,5,4.75],"texture":"#0"}}},{"from":[3,-5,10],"to":[4,1,12],"faces":{"down":{"uv":[5,4.5,4.5,4.75],"texture":"#0","rotation":90},"north":{"uv":[4.5,3.25,4.75,4.75],"texture":"#0"},"south":{"uv":[4.75,3.25,5,4.75],"texture":"#0"},"west":{"uv":[4.5,3.25,5,4.75],"texture":"#0"},"east":{"uv":[5,3.25,4.5,4.75],"texture":"#0"}}},{"from":[3,-6,5],"to":[4,-5,6],"faces":{"down":{"uv":[4.5,4.25,4.75,4.5],"texture":"#0"},"north":{"uv":[4.5,4.25,4.75,4.5],"texture":"#0"},"south":{"uv":[4.5,4.25,4.75,4.5],"texture":"#0"},"west":{"uv":[4.5,4.25,4.75,4.5],"texture":"#0"},"east":{"uv":[4.5,4.25,4.75,4.5],"texture":"#0"}}},{"from":[3,-6,10],"to":[4,-5,11],"faces":{"down":{"uv":[4.5,4.25,4.75,4.5],"texture":"#0"},"north":{"uv":[4.5,4.25,4.75,4.5],"texture":"#0"},"south":{"uv":[4.5,4.25,4.75,4.5],"texture":"#0"},"west":{"uv":[4.5,4.25,4.75,4.5],"texture":"#0"},"east":{"uv":[4.5,4.25,4.75,4.5],"texture":"#0"}}},{"from":[11,-1,3],"to":[12,1,4],"faces":{"down":{"uv":[0,0,0.25,0.25],"texture":"#0"},"north":{"uv":[0,0,0.25,0.25],"texture":"#0"},"south":{"uv":[0,0,0.25,0.25],"texture":"#0"},"west":{"uv":[0,0,0.25,0.25],"texture":"#0"},"east":{"uv":[0,0,0.25,0.25],"texture":"#0"}}},{"from":[11,-1,12],"to":[12,1,13],"faces":{"down":{"uv":[0,0,0.25,0.25],"texture":"#0"},"north":{"uv":[0,0,0.25,0.25],"texture":"#0"},"south":{"uv":[0,0,0.25,0.25],"texture":"#0"},"west":{"uv":[0,0,0.25,0.25],"texture":"#0"},"east":{"uv":[0,0,0.25,0.25],"texture":"#0"}}},{"from":[9,0,3],"to":[11,1,4],"faces":{"down":{"uv":[0.75,1.75,0.25,2],"texture":"#0"},"north":{"uv":[0.25,1.75,0.75,2],"texture":"#0"},"west":{"uv":[0.5,1.75,0.75,2],"texture":"#0"}}},{"from":[9,0,12],"to":[11,1,13],"faces":{"down":{"uv":[0.75,1.75,0.25,2],"texture":"#0"},"south":{"uv":[0.75,1.75,0.25,2],"texture":"#0"},"west":{"uv":[0.5,1.75,0.75,2],"texture":"#0"}}},{"from":[1,1,6],"to":[3,2,7],"faces":{"down":{"uv":[0.75,1.75,0.25,2],"texture":"#0"},"north":{"uv":[0.25,1.75,0.75,2],"texture":"#0"},"west":{"uv":[0.5,1.75,0.75,2],"texture":"#0"}}},{"from":[1,1,9],"to":[3,2,10],"faces":{"down":{"uv":[0.75,1.75,0.25,2],"texture":"#0"},"south":{"uv":[0.75,1.75,0.25,2],"texture":"#0"},"west":{"uv":[0.5,1.75,0.75,2],"texture":"#0"}}}],"display":{"thirdperson_righthand":{"translation":[0,6.61,-1.89]},"thirdperson_lefthand":{"rotation":[0,180,0],"translation":[0,3.59,-0.94]},"firstperson_righthand":{"rotation":[0,10,0],"translation":[0.94,2.83,-0.94],"scale":[0.5,0.5,0.5]},"firstperson_lefthand":{"rotation":[0,-180,0],"translation":[0.94,2.83,-0.94],"scale":[0.5,0.5,0.5]},"gui":{"rotation":[26,58,-10],"translation":[0.57,0.94,0],"scale":[0.55,0.55,0.55]},"head":{"rotation":[0,-90,0],"translation":[0,5.67,0],"scale":[1.65,1.65,1.65]},"ground":{"translation":[0,9.07,0],"scale":[0.5,0.5,0.5]},"fixed":{"translation":[1.51,1.89,0],"scale":[0.65,0.65,0.65]}}}