{
	"credit": "Made with Blockbench",
	"textures": {
		"0": "Baton/Baton",
		"particle": "Baton/Baton"
	},
	"elements": [
		{
			"from": [6, 5, 6],
			"to": [10, 16, 10],
			"rotation": {"angle": 0, "axis": "y", "origin": [8, 10.5, 8]},
			"faces": {
				"north": {"uv": [0, 0, 4, 11], "texture": "#0"},
				"east": {"uv": [0, 0, 4, 11], "texture": "#0"},
				"south": {"uv": [0, 0, 4, 11], "texture": "#0"},
				"west": {"uv": [0, 0, 4, 11], "texture": "#0"},
				"up": {"uv": [4, 0, 8, 4], "texture": "#0"},
				"down": {"uv": [4, 4, 8, 8], "texture": "#0"}
			}
		},
		{
			"from": [6.5, 0, 6.5],
			"to": [9.5, 5, 9.5],
			"rotation": {"angle": 0, "axis": "y", "origin": [14.5, 8, 14.5]},
			"faces": {
				"north": {"uv": [0, 11, 3, 16], "texture": "#0"},
				"east": {"uv": [0, 11, 3, 16], "texture": "#0"},
				"south": {"uv": [0, 11, 3, 16], "texture": "#0"},
				"west": {"uv": [0, 11, 3, 16], "texture": "#0"},
				"up": {"uv": [8, 0, 11, 3], "texture": "#0"},
				"down": {"uv": [8, 3, 11, 6], "texture": "#0"}
			}
		},
		{
			"from": [7, -5, 7],
			"to": [9, 0, 9],
			"rotation": {"angle": 0, "axis": "y", "origin": [15, 7, 15]},
			"faces": {
				"north": {"uv": [3, 11, 5, 16], "texture": "#0"},
				"east": {"uv": [3, 11, 5, 16], "texture": "#0"},
				"south": {"uv": [3, 11, 5, 16], "texture": "#0"},
				"west": {"uv": [3, 11, 5, 16], "texture": "#0"},
				"up": {"uv": [0, 0, 2, 2], "texture": "#0"},
				"down": {"uv": [0, 0, 2, 2], "texture": "#0"}
			}
		},
		{
			"from": [6.5, -6, 6.5],
			"to": [9.5, -5, 9.5],
			"rotation": {"angle": 0, "axis": "y", "origin": [14.5, 1, 14.5]},
			"faces": {
				"north": {"uv": [8, 12, 11, 13], "texture": "#0"},
				"east": {"uv": [8, 12, 11, 13], "texture": "#0"},
				"south": {"uv": [8, 12, 11, 13], "texture": "#0"},
				"west": {"uv": [8, 12, 11, 13], "texture": "#0"},
				"up": {"uv": [8, 6, 11, 9], "texture": "#0"},
				"down": {"uv": [8, 9, 11, 12], "texture": "#0"}
			}
		}
	],
	"display": {
		"thirdperson_righthand": {
			"translation": [0, 8.75, 1.5]
		},
		"thirdperson_lefthand": {
			"translation": [0, 8.75, 1.5]
		},
		"firstperson_righthand": {
			"rotation": [10.75, -7.5, 0],
			"translation": [2.25, 1.5, 1.5]
		},
		"firstperson_lefthand": {
			"rotation": [10.75, -7.5, 0],
			"translation": [1.75, 1.5, 1.5]
		},
		"ground": {
			"rotation": [0, 0, 90],
			"translation": [-3.75, -1.75, 0]
		},
		"gui": {
			"rotation": [50.75, -2.5, -31],
			"translation": [1.5, 1.25, 0]
		},
		"head": {
			"rotation": [0, 0, 90],
			"translation": [-4.75, 1.25, 0.25],
			"scale": [1.56836, 1.56836, 1.56836]
		},
		"fixed": {
			"translation": [0, 3.5, -2],
			"scale": [1.23047, 1.23047, 1.23047]
		}
	}
}