{
	"credit": "Made with Blockbench",
	"ambientocclusion": false,
	"texture_size": [64, 64],
	"textures": {
		"0": "mobs/ogre",
		"particle": "mobs/ogre"
	},
	"elements": [
		{
			"from": [6, 0, 6],
			"to": [10, 23, 10],
			"rotation": {"angle": 0, "axis": "y", "origin": [16, 2, 16]},
			"faces": {
				"north": {"uv": [14.25, 4, 15.25, 11.25], "texture": "#0"},
				"east": {"uv": [14, 4, 15, 11.25], "texture": "#0"},
				"south": {"uv": [13.75, 4, 14.75, 11.25], "texture": "#0"},
				"west": {"uv": [14, 4.25, 15, 11.5], "texture": "#0"},
				"up": {"uv": [14, 5.75, 15, 6.75], "texture": "#0"},
				"down": {"uv": [13.75, 7.75, 14.75, 8.75], "texture": "#0"}
			}
		},
		{
			"from": [7, 13, 5],
			"to": [9, 22, 6],
			"rotation": {"angle": 0, "axis": "y", "origin": [16, 22, 13]},
			"faces": {
				"north": {"uv": [13.75, 6.25, 14.25, 8.5], "texture": "#0"},
				"east": {"uv": [14.25, 7.5, 14.5, 9.75], "texture": "#0"},
				"south": {"uv": [14.25, 6.5, 14.75, 8.75], "texture": "#0"},
				"west": {"uv": [14, 7.75, 14.25, 10], "texture": "#0"},
				"up": {"uv": [13.75, 9.25, 14.25, 9.5], "texture": "#0"},
				"down": {"uv": [13.75, 8.5, 14.25, 8.75], "texture": "#0"}
			}
		},
		{
			"from": [7.5, 14, 11],
			"to": [8.5, 21, 12],
			"rotation": {"angle": 0, "axis": "y", "origin": [15, 28, 19]},
			"faces": {
				"north": {"uv": [14.75, 6.5, 15, 8.25], "texture": "#0"},
				"east": {"uv": [14.5, 8.25, 14.75, 10], "texture": "#0"},
				"south": {"uv": [14.5, 8, 14.75, 9.75], "texture": "#0"},
				"west": {"uv": [13.75, 8.25, 14, 10], "texture": "#0"},
				"up": {"uv": [14.5, 8.75, 14.75, 9], "texture": "#0"},
				"down": {"uv": [14.25, 9, 14.5, 9.25], "texture": "#0"}
			}
		},
		{
			"from": [5, 13, 7],
			"to": [6, 22, 9],
			"rotation": {"angle": 0, "axis": "y", "origin": [13, 22, 0]},
			"faces": {
				"north": {"uv": [14.25, 7.5, 14.5, 9.75], "texture": "#0"},
				"east": {"uv": [14.25, 6.5, 14.75, 8.75], "texture": "#0"},
				"south": {"uv": [14, 7.75, 14.25, 10], "texture": "#0"},
				"west": {"uv": [13.75, 6.25, 14.25, 8.5], "texture": "#0"},
				"up": {"uv": [13.75, 9.25, 14.25, 9.5], "rotation": 270, "texture": "#0"},
				"down": {"uv": [13.75, 8.5, 14.25, 8.75], "rotation": 90, "texture": "#0"}
			}
		},
		{
			"from": [11, 14, 7.5],
			"to": [12, 21, 8.5],
			"rotation": {"angle": 0, "axis": "y", "origin": [19, 28, 1]},
			"faces": {
				"north": {"uv": [14.5, 8.25, 14.75, 10], "texture": "#0"},
				"east": {"uv": [14.5, 8, 14.75, 9.75], "texture": "#0"},
				"south": {"uv": [13.75, 8.25, 14, 10], "texture": "#0"},
				"west": {"uv": [14.75, 6.5, 15, 8.25], "texture": "#0"},
				"up": {"uv": [14.5, 8.75, 14.75, 9], "rotation": 270, "texture": "#0"},
				"down": {"uv": [14.25, 9, 14.5, 9.25], "rotation": 90, "texture": "#0"}
			}
		},
		{
			"from": [10, 13, 7],
			"to": [11, 22, 9],
			"rotation": {"angle": 0, "axis": "y", "origin": [18, 22, 0]},
			"faces": {
				"north": {"uv": [14.25, 7.5, 14.5, 9.75], "texture": "#0"},
				"east": {"uv": [14.25, 6.5, 14.75, 8.75], "texture": "#0"},
				"south": {"uv": [14, 7.75, 14.25, 10], "texture": "#0"},
				"west": {"uv": [13.75, 6.25, 14.25, 8.5], "texture": "#0"},
				"up": {"uv": [13.75, 9.25, 14.25, 9.5], "rotation": 270, "texture": "#0"},
				"down": {"uv": [13.75, 8.5, 14.25, 8.75], "rotation": 90, "texture": "#0"}
			}
		},
		{
			"from": [4, 14, 7.5],
			"to": [5, 21, 8.5],
			"rotation": {"angle": 0, "axis": "y", "origin": [12, 28, 1]},
			"faces": {
				"north": {"uv": [14.5, 8.25, 14.75, 10], "texture": "#0"},
				"east": {"uv": [14.5, 8, 14.75, 9.75], "texture": "#0"},
				"south": {"uv": [13.75, 8.25, 14, 10], "texture": "#0"},
				"west": {"uv": [14.75, 6.5, 15, 8.25], "texture": "#0"},
				"up": {"uv": [14.5, 8.75, 14.75, 9], "rotation": 270, "texture": "#0"},
				"down": {"uv": [14.25, 9, 14.5, 9.25], "rotation": 90, "texture": "#0"}
			}
		},
		{
			"from": [7, 13, 10],
			"to": [9, 22, 11],
			"rotation": {"angle": 0, "axis": "y", "origin": [16, 22, 18]},
			"faces": {
				"north": {"uv": [13.75, 6.25, 14.25, 8.5], "texture": "#0"},
				"east": {"uv": [14.25, 7.5, 14.5, 9.75], "texture": "#0"},
				"south": {"uv": [14.25, 6.5, 14.75, 8.75], "texture": "#0"},
				"west": {"uv": [14, 7.75, 14.25, 10], "texture": "#0"},
				"up": {"uv": [13.75, 9.25, 14.25, 9.5], "texture": "#0"},
				"down": {"uv": [13.75, 8.5, 14.25, 8.75], "texture": "#0"}
			}
		},
		{
			"from": [7.5, 14, 4],
			"to": [8.5, 21, 5],
			"rotation": {"angle": 0, "axis": "y", "origin": [15, 28, 12]},
			"faces": {
				"north": {"uv": [14.75, 6.5, 15, 8.25], "texture": "#0"},
				"east": {"uv": [14.5, 8.25, 14.75, 10], "texture": "#0"},
				"south": {"uv": [14.5, 8, 14.75, 9.75], "texture": "#0"},
				"west": {"uv": [13.75, 8.25, 14, 10], "texture": "#0"},
				"up": {"uv": [14.5, 8.75, 14.75, 9], "texture": "#0"},
				"down": {"uv": [14.25, 9, 14.5, 9.25], "texture": "#0"}
			}
		}
	],
	"display": {
		"thirdperson_righthand": {
			"translation": [0, 5.75, 2],
			"scale": [0.8, 0.8, 0.8]
		},
		"thirdperson_lefthand": {
			"translation": [0, 5.75, 2],
			"scale": [0.8, 0.8, 0.8]
		},
		"firstperson_righthand": {
			"translation": [0, 3.25, 2],
			"scale": [0.5, 0.5, 0.5]
		},
		"firstperson_lefthand": {
			"translation": [0, 3.25, 2],
			"scale": [0.5, 0.5, 0.5]
		},
		"ground": {
			"rotation": [-90, 0, 0],
			"translation": [0, -0.5, 2],
			"scale": [0.5, 0.5, 0.5]
		},
		"gui": {
			"rotation": [0, 0, 47.5],
			"translation": [2.5, -2, 0]
		},
		"fixed": {
			"rotation": [0, 0, -46.5],
			"translation": [-2.75, -2.75, 0]
		}
	}
}