{"__comment":"DesignedbyHighBridRedforOraxen","textures":{"0":"bone_sword"},"elements":[{"from":[7,10,6.5],"to":[7.5,10.5,7],"faces":{"down":{"uv":[6.48,0.4799995,7.52,1.52],"texture":"#0"},"north":{"uv":[6.48,0.4799995,7.52,1.52],"texture":"#0"},"west":{"uv":[6.48,0.4799995,7.52,1.52],"texture":"#0"}}},{"from":[7,10,7],"to":[7.5,10.5,7.5],"faces":{"down":{"uv":[12.48,0.4799995,13.52,1.52],"texture":"#0"},"south":{"uv":[12.48,0.4799995,13.52,1.52],"texture":"#0"},"west":{"uv":[12.48,0.4799995,13.52,1.52],"texture":"#0"}}},{"from":[7,10.5,6.5],"to":[7.5,11,7],"faces":{"up":{"uv":[2.48,0.4799995,3.52,1.52],"texture":"#0"},"north":{"uv":[2.48,0.4799995,3.52,1.52],"texture":"#0"},"west":{"uv":[2.48,0.4799995,3.52,1.52],"texture":"#0"}}},{"from":[7,10.5,7],"to":[9.5,11,7.5],"faces":{"down":{"uv":[10.48,0.4799995,11.52,1.52],"texture":"#0"},"up":{"uv":[10.48,0.4799995,11.52,1.52],"texture":"#0"},"north":{"uv":[10.48,0.4799995,11.52,1.52],"texture":"#0"},"south":{"uv":[10.48,0.4799995,11.52,1.52],"texture":"#0"},"west":{"uv":[10.48,0.4799995,11.52,1.52],"texture":"#0"},"east":{"uv":[10.48,0.4799995,11.52,1.52],"texture":"#0"}}},{"from":[7,10.5,7.5],"to":[7.5,11,8],"faces":{"down":{"uv":[4.48,0.4799995,5.52,1.52],"texture":"#0"},"west":{"uv":[4.48,0.4799995,5.52,1.52],"texture":"#0"}}},{"from":[7,10.5,8],"to":[9.5,11.5,8.5],"faces":{"down":{"uv":[12.48,0.4799995,13.52,1.52],"texture":"#0"},"up":{"uv":[12.48,0.4799995,13.52,1.52],"texture":"#0"},"north":{"uv":[12.48,0.4799995,13.52,1.52],"texture":"#0"},"south":{"uv":[12.48,0.4799995,13.52,1.52],"texture":"#0"},"west":{"uv":[12.48,0.4799995,13.52,1.52],"texture":"#0"},"east":{"uv":[12.48,0.4799995,13.52,1.52],"texture":"#0"}}},{"from":[7,10.5,8.5],"to":[7.5,11,9],"faces":{"down":{"uv":[8.48,0.4799995,9.52,1.52],"texture":"#0"},"south":{"uv":[8.48,0.4799995,9.52,1.52],"texture":"#0"},"west":{"uv":[8.48,0.4799995,9.52,1.52],"texture":"#0"}}},{"from":[7,11,7.5],"to":[7.5,11.5,8],"faces":{"up":{"uv":[6.48,0.4799995,7.52,1.52],"texture":"#0"},"north":{"uv":[6.48,0.4799995,7.52,1.52],"texture":"#0"},"west":{"uv":[6.48,0.4799995,7.52,1.52],"texture":"#0"}}},{"from":[7,11,8.5],"to":[8,11.5,9],"faces":{"down":{"uv":[4.48,0.4799995,5.52,1.52],"texture":"#0"},"up":{"uv":[4.48,0.4799995,5.52,1.52],"texture":"#0"},"south":{"uv":[4.48,0.4799995,5.52,1.52],"texture":"#0"},"west":{"uv":[4.48,0.4799995,5.52,1.52],"texture":"#0"}}},{"from":[7.5,0,9.5],"to":[8,0.5,10],"faces":{"down":{"uv":[4.48,0.4799995,5.52,1.52],"texture":"#0"},"north":{"uv":[4.48,0.4799995,5.52,1.52],"texture":"#0"},"west":{"uv":[4.48,0.4799995,5.52,1.52],"texture":"#0"}}},{"from":[7.5,0,10],"to":[8,1,10.5],"faces":{"down":{"uv":[6.48,0.4799995,7.52,1.52],"texture":"#0"},"up":{"uv":[6.48,0.4799995,7.52,1.52],"texture":"#0"},"north":{"uv":[6.48,0.4799995,7.52,1.52],"texture":"#0"},"south":{"uv":[6.48,0.4799995,7.52,1.52],"texture":"#0"},"west":{"uv":[6.48,0.4799995,7.52,1.52],"texture":"#0"}}},{"from":[7.5,0.5,8],"to":[9,1,8.5],"faces":{"down":{"uv":[4.48,0.4799995,5.52,1.52],"texture":"#0"},"up":{"uv":[4.48,0.4799995,5.52,1.52],"texture":"#0"},"north":{"uv":[4.48,0.4799995,5.52,1.52],"texture":"#0"},"south":{"uv":[4.48,0.4799995,5.52,1.52],"texture":"#0"},"west":{"uv":[4.48,0.4799995,5.52,1.52],"texture":"#0"},"east":{"uv":[4.48,0.4799995,5.52,1.52],"texture":"#0"}}},{"from":[7.5,0.5,8.5],"to":[8,1,9],"faces":{"down":{"uv":[8.48,0.4799995,9.52,1.52],"texture":"#0"},"west":{"uv":[8.48,0.4799995,9.52,1.52],"texture":"#0"}}},{"from":[7.5,0.5,9],"to":[9,1,10],"faces":{"down":{"uv":[10.48,0.4799995,11.52,1.52],"texture":"#0"},"up":{"uv":[10.48,0.4799995,11.52,1.52],"texture":"#0"},"north":{"uv":[10.48,0.4799995,11.52,1.52],"texture":"#0"},"south":{"uv":[10.48,0.4799995,11.52,1.52],"texture":"#0"},"west":{"uv":[10.48,0.4799995,11.52,1.52],"texture":"#0"},"east":{"uv":[10.48,0.4799995,11.52,1.52],"texture":"#0"}}},{"from":[7.5,0.5,10.5],"to":[8,1,11],"faces":{"down":{"uv":[4.48,0.4799995,5.52,1.52],"texture":"#0"},"up":{"uv":[4.48,0.4799995,5.52,1.52],"texture":"#0"},"south":{"uv":[4.48,0.4799995,5.52,1.52],"texture":"#0"},"west":{"uv":[4.48,0.4799995,5.52,1.52],"texture":"#0"}}},{"from":[7.5,1,7],"to":[9,1.5,7.5],"faces":{"down":{"uv":[2.48,0.4799995,3.52,1.52],"texture":"#0"},"up":{"uv":[2.48,0.4799995,3.52,1.52],"texture":"#0"},"north":{"uv":[2.48,0.4799995,3.52,1.52],"texture":"#0"},"south":{"uv":[2.48,0.4799995,3.52,1.52],"texture":"#0"},"west":{"uv":[2.48,0.4799995,3.52,1.52],"texture":"#0"},"east":{"uv":[2.48,0.4799995,3.52,1.52],"texture":"#0"}}},{"from":[7.5,1,7.5],"to":[8,1.5,8],"faces":{"down":{"uv":[2.48,0.4799995,3.52,1.52],"texture":"#0"},"up":{"uv":[2.48,0.4799995,3.52,1.52],"texture":"#0"},"west":{"uv":[2.48,0.4799995,3.52,1.52],"texture":"#0"}}},{"from":[7.5,1,8],"to":[8,1.5,8.5],"faces":{"up":{"uv":[6.48,0.4799995,7.52,1.52],"texture":"#0"},"west":{"uv":[6.48,0.4799995,7.52,1.52],"texture":"#0"}}},{"from":[7.5,1,8.5],"to":[9,1.5,9],"faces":{"down":{"uv":[12.48,0.4799995,13.52,1.52],"texture":"#0"},"up":{"uv":[12.48,0.4799995,13.52,1.52],"texture":"#0"},"north":{"uv":[12.48,0.4799995,13.52,1.52],"texture":"#0"},"south":{"uv":[12.48,0.4799995,13.52,1.52],"texture":"#0"},"west":{"uv":[12.48,0.4799995,13.52,1.52],"texture":"#0"},"east":{"uv":[12.48,0.4799995,13.52,1.52],"texture":"#0"}}},{"from":[7.5,1,9],"to":[8,1.5,9.5],"faces":{"west":{"uv":[12.48,0.4799995,13.52,1.52],"texture":"#0"}}},{"from":[7.5,1,9.5],"to":[8,1.5,10],"faces":{"up":{"uv":[2.48,0.4799995,3.52,1.52],"texture":"#0"},"south":{"uv":[2.48,0.4799995,3.52,1.52],"texture":"#0"},"west":{"uv":[2.48,0.4799995,3.52,1.52],"texture":"#0"}}},{"from":[7.5,1.5,8.5],"to":[8,2.5,9.5],"faces":{"down":{"uv":[14.48,0.4799995,15.52,1.52],"texture":"#0"},"north":{"uv":[14.48,0.4799995,15.52,1.52],"texture":"#0"},"south":{"uv":[14.48,0.4799995,15.52,1.52],"texture":"#0"},"west":{"uv":[14.48,0.4799995,15.52,1.52],"texture":"#0"},"east":{"uv":[14.48,0.4799995,15.52,1.52],"texture":"#0"}}},{"from":[7.5,2.5,8.5],"to":[8,3,9.5],"faces":{"up":{"uv":[0.48,2.48,1.52,3.52],"texture":"#0"},"north":{"uv":[0.48,2.48,1.52,3.52],"texture":"#0"},"west":{"uv":[0.48,2.48,1.52,3.52],"texture":"#0"},"east":{"uv":[0.48,2.48,1.52,3.52],"texture":"#0"}}},{"from":[7.5,2.5,9.5],"to":[9,3,10],"faces":{"down":{"uv":[14.48,0.4799995,15.52,1.52],"texture":"#0"},"up":{"uv":[14.48,0.4799995,15.52,1.52],"texture":"#0"},"north":{"uv":[14.48,0.4799995,15.52,1.52],"texture":"#0"},"south":{"uv":[14.48,0.4799995,15.52,1.52],"texture":"#0"},"west":{"uv":[14.48,0.4799995,15.52,1.52],"texture":"#0"},"east":{"uv":[14.48,0.4799995,15.52,1.52],"texture":"#0"}}},{"from":[7.5,3,9],"to":[9,3.5,9.5],"faces":{"down":{"uv":[0.48,2.48,1.52,3.52],"texture":"#0"},"north":{"uv":[0.48,2.48,1.52,3.52],"texture":"#0"},"south":{"uv":[0.48,2.48,1.52,3.52],"texture":"#0"},"west":{"uv":[0.48,2.48,1.52,3.52],"texture":"#0"},"east":{"uv":[0.48,2.48,1.52,3.52],"texture":"#0"}}},{"from":[7.5,3,9.5],"to":[8,3.5,10],"faces":{"south":{"uv":[0.48,2.48,1.52,3.52],"texture":"#0"},"west":{"uv":[0.48,2.48,1.52,3.52],"texture":"#0"}}},{"from":[7.5,3.5,9],"to":[9,4,10],"faces":{"down":{"uv":[14.48,0.4799995,15.52,1.52],"texture":"#0"},"up":{"uv":[14.48,0.4799995,15.52,1.52],"texture":"#0"},"north":{"uv":[14.48,0.4799995,15.52,1.52],"texture":"#0"},"south":{"uv":[14.48,0.4799995,15.52,1.52],"texture":"#0"},"west":{"uv":[14.48,0.4799995,15.52,1.52],"texture":"#0"},"east":{"uv":[14.48,0.4799995,15.52,1.52],"texture":"#0"}}},{"from":[7.5,4,9.5],"to":[9,6,10],"faces":{"up":{"uv":[14.48,0.4799995,15.52,1.52],"texture":"#0"},"north":{"uv":[14.48,0.4799995,15.52,1.52],"texture":"#0"},"south":{"uv":[14.48,0.4799995,15.52,1.52],"texture":"#0"},"west":{"uv":[14.48,0.4799995,15.52,1.52],"texture":"#0"},"east":{"uv":[14.48,0.4799995,15.52,1.52],"texture":"#0"}}},{"from":[7.5,5.5,9],"to":[8,6.5,9.5],"faces":{"down":{"uv":[0.48,2.48,1.52,3.52],"texture":"#0"},"north":{"uv":[0.48,2.48,1.52,3.52],"texture":"#0"},"south":{"uv":[0.48,2.48,1.52,3.52],"texture":"#0"},"west":{"uv":[0.48,2.48,1.52,3.52],"texture":"#0"}}},{"from":[7.5,6,9.5],"to":[8,6.5,10],"faces":{"south":{"uv":[0.48,2.48,1.52,3.52],"texture":"#0"},"west":{"uv":[0.48,2.48,1.52,3.52],"texture":"#0"}}},{"from":[7.5,6.5,9],"to":[9,8.5,9.5],"faces":{"down":{"uv":[14.48,0.4799995,15.52,1.52],"texture":"#0"},"up":{"uv":[14.48,0.4799995,15.52,1.52],"texture":"#0"},"north":{"uv":[14.48,0.4799995,15.52,1.52],"texture":"#0"},"south":{"uv":[14.48,0.4799995,15.52,1.52],"texture":"#0"},"west":{"uv":[14.48,0.4799995,15.52,1.52],"texture":"#0"},"east":{"uv":[14.48,0.4799995,15.52,1.52],"texture":"#0"}}},{"from":[7.5,6.5,9.5],"to":[9,8,10],"faces":{"down":{"uv":[14.48,0.4799995,15.52,1.52],"texture":"#0"},"up":{"uv":[14.48,0.4799995,15.52,1.52],"texture":"#0"},"south":{"uv":[14.48,0.4799995,15.52,1.52],"texture":"#0"},"west":{"uv":[14.48,0.4799995,15.52,1.52],"texture":"#0"},"east":{"uv":[14.48,0.4799995,15.52,1.52],"texture":"#0"}}},{"from":[7.5,7.5,8.5],"to":[9,8,9],"faces":{"down":{"uv":[14.48,0.4799995,15.52,1.52],"texture":"#0"},"up":{"uv":[14.48,0.4799995,15.52,1.52],"texture":"#0"},"north":{"uv":[14.48,0.4799995,15.52,1.52],"texture":"#0"},"west":{"uv":[14.48,0.4799995,15.52,1.52],"texture":"#0"},"east":{"uv":[14.48,0.4799995,15.52,1.52],"texture":"#0"}}},{"from":[7.5,8,8.5],"to":[8,8.5,9],"faces":{"north":{"uv":[0.48,2.48,1.52,3.52],"texture":"#0"},"west":{"uv":[0.48,2.48,1.52,3.52],"texture":"#0"}}},{"from":[7.5,8.5,8],"to":[9,10,9],"faces":{"down":{"uv":[14.48,0.4799995,15.52,1.52],"texture":"#0"},"up":{"uv":[14.48,0.4799995,15.52,1.52],"texture":"#0"},"north":{"uv":[14.48,0.4799995,15.52,1.52],"texture":"#0"},"south":{"uv":[14.48,0.4799995,15.52,1.52],"texture":"#0"},"west":{"uv":[14.48,0.4799995,15.52,1.52],"texture":"#0"},"east":{"uv":[14.48,0.4799995,15.52,1.52],"texture":"#0"}}},{"from":[7.5,8.5,9],"to":[8,9,9.5],"faces":{"south":{"uv":[0.48,2.48,1.52,3.52],"texture":"#0"},"west":{"uv":[0.48,2.48,1.52,3.52],"texture":"#0"}}},{"from":[7.5,9,9],"to":[9,9.5,9.5],"faces":{"down":{"uv":[14.48,0.4799995,15.52,1.52],"texture":"#0"},"up":{"uv":[14.48,0.4799995,15.52,1.52],"texture":"#0"},"south":{"uv":[14.48,0.4799995,15.52,1.52],"texture":"#0"},"west":{"uv":[14.48,0.4799995,15.52,1.52],"texture":"#0"},"east":{"uv":[14.48,0.4799995,15.52,1.52],"texture":"#0"}}},{"from":[7.5,9.5,6],"to":[9,10,6.5],"faces":{"down":{"uv":[12.48,0.4799995,13.52,1.52],"texture":"#0"},"up":{"uv":[12.48,0.4799995,13.52,1.52],"texture":"#0"},"north":{"uv":[12.48,0.4799995,13.52,1.52],"texture":"#0"},"south":{"uv":[12.48,0.4799995,13.52,1.52],"texture":"#0"},"west":{"uv":[12.48,0.4799995,13.52,1.52],"texture":"#0"},"east":{"uv":[12.48,0.4799995,13.52,1.52],"texture":"#0"}}},{"from":[7.5,9.5,7.5],"to":[9,10.5,8],"faces":{"down":{"uv":[14.48,0.4799995,15.52,1.52],"texture":"#0"},"up":{"uv":[14.48,0.4799995,15.52,1.52],"texture":"#0"},"north":{"uv":[14.48,0.4799995,15.52,1.52],"texture":"#0"},"south":{"uv":[14.48,0.4799995,15.52,1.52],"texture":"#0"},"west":{"uv":[14.48,0.4799995,15.52,1.52],"texture":"#0"},"east":{"uv":[14.48,0.4799995,15.52,1.52],"texture":"#0"}}},{"from":[7.5,9.5,9],"to":[8,10,9.5],"faces":{"up":{"uv":[14.48,0.4799995,15.52,1.52],"texture":"#0"},"south":{"uv":[14.48,0.4799995,15.52,1.52],"texture":"#0"},"west":{"uv":[14.48,0.4799995,15.52,1.52],"texture":"#0"}}},{"from":[7.5,10,6],"to":[8,10.5,6.5],"faces":{"up":{"uv":[6.48,0.4799995,7.52,1.52],"texture":"#0"},"north":{"uv":[6.48,0.4799995,7.52,1.52],"texture":"#0"},"west":{"uv":[6.48,0.4799995,7.52,1.52],"texture":"#0"}}},{"from":[7.5,10,6.5],"to":[9,10.5,7],"faces":{"down":{"uv":[8.48,0.4799995,9.52,1.52],"texture":"#0"},"up":{"uv":[8.48,0.4799995,9.52,1.52],"texture":"#0"},"north":{"uv":[8.48,0.4799995,9.52,1.52],"texture":"#0"}}},{"from":[7.5,10,7],"to":[9,10.5,7.5],"faces":{"down":{"uv":[10.48,0.4799995,11.52,1.52],"texture":"#0"}}},{"from":[7.5,10,8],"to":[8,10.5,9],"faces":{"up":{"uv":[14.48,0.4799995,15.52,1.52],"texture":"#0"},"south":{"uv":[14.48,0.4799995,15.52,1.52],"texture":"#0"},"west":{"uv":[14.48,0.4799995,15.52,1.52],"texture":"#0"},"east":{"uv":[14.48,0.4799995,15.52,1.52],"texture":"#0"}}},{"from":[7.5,10.5,6.5],"to":[8,11,7],"faces":{"north":{"uv":[12.48,0.4799995,13.52,1.52],"texture":"#0"}}},{"from":[7.5,10.5,9],"to":[9,11.5,9.5],"faces":{"down":{"uv":[12.48,0.4799995,13.52,1.52],"texture":"#0"},"up":{"uv":[12.48,0.4799995,13.52,1.52],"texture":"#0"},"north":{"uv":[12.48,0.4799995,13.52,1.52],"texture":"#0"},"south":{"uv":[12.48,0.4799995,13.52,1.52],"texture":"#0"},"west":{"uv":[12.48,0.4799995,13.52,1.52],"texture":"#0"},"east":{"uv":[12.48,0.4799995,13.52,1.52],"texture":"#0"}}},{"from":[7.5,11,6],"to":[8,11.5,6.5],"faces":{"down":{"uv":[6.48,0.4799995,7.52,1.52],"texture":"#0"},"north":{"uv":[6.48,0.4799995,7.52,1.52],"texture":"#0"},"west":{"uv":[6.48,0.4799995,7.52,1.52],"texture":"#0"}}},{"from":[7.5,11,6.5],"to":[9,11.5,7],"faces":{"down":{"uv":[4.48,0.4799995,5.52,1.52],"texture":"#0"},"up":{"uv":[4.48,0.4799995,5.52,1.52],"texture":"#0"},"north":{"uv":[4.48,0.4799995,5.52,1.52],"texture":"#0"},"south":{"uv":[4.48,0.4799995,5.52,1.52],"texture":"#0"},"west":{"uv":[4.48,0.4799995,5.52,1.52],"texture":"#0"},"east":{"uv":[4.48,0.4799995,5.52,1.52],"texture":"#0"}}},{"from":[7.5,11,7],"to":[8,11.5,7.5],"faces":{"west":{"uv":[8.48,0.4799995,9.52,1.52],"texture":"#0"}}},{"from":[7.5,11,7.5],"to":[8,12.5,8],"faces":{"north":{"uv":[10.48,0.4799995,11.52,1.52],"texture":"#0"},"south":{"uv":[10.48,0.4799995,11.52,1.52],"texture":"#0"},"west":{"uv":[10.48,0.4799995,11.52,1.52],"texture":"#0"},"east":{"uv":[10.48,0.4799995,11.52,1.52],"texture":"#0"}}},{"from":[7.5,11.5,5.5],"to":[9,12,6],"faces":{"down":{"uv":[2.48,0.4799995,3.52,1.52],"texture":"#0"},"up":{"uv":[2.48,0.4799995,3.52,1.52],"texture":"#0"},"north":{"uv":[2.48,0.4799995,3.52,1.52],"texture":"#0"},"west":{"uv":[2.48,0.4799995,3.52,1.52],"texture":"#0"},"east":{"uv":[2.48,0.4799995,3.52,1.52],"texture":"#0"}}},{"from":[7.5,11.5,6],"to":[9,12,6.5],"faces":{"down":{"uv":[8.48,0.4799995,9.52,1.52],"texture":"#0"},"south":{"uv":[8.48,0.4799995,9.52,1.52],"texture":"#0"},"west":{"uv":[8.48,0.4799995,9.52,1.52],"texture":"#0"},"east":{"uv":[8.48,0.4799995,9.52,1.52],"texture":"#0"}}},{"from":[7.5,11.5,6.5],"to":[8,12,7],"faces":{"west":{"uv":[2.48,0.4799995,3.52,1.52],"texture":"#0"}}},{"from":[7.5,11.5,7],"to":[9,12,7.5],"faces":{"down":{"uv":[10.48,0.4799995,11.52,1.52],"texture":"#0"},"up":{"uv":[10.48,0.4799995,11.52,1.52],"texture":"#0"},"north":{"uv":[10.48,0.4799995,11.52,1.52],"texture":"#0"},"south":{"uv":[10.48,0.4799995,11.52,1.52],"texture":"#0"},"west":{"uv":[10.48,0.4799995,11.52,1.52],"texture":"#0"},"east":{"uv":[10.48,0.4799995,11.52,1.52],"texture":"#0"}}},{"from":[7.5,11.5,8],"to":[8,12,8.5],"faces":{"west":{"uv":[4.48,0.4799995,5.52,1.52],"texture":"#0"}}},{"from":[7.5,11.5,8.5],"to":[9,12,9],"faces":{"down":{"uv":[12.48,0.4799995,13.52,1.52],"texture":"#0"},"up":{"uv":[12.48,0.4799995,13.52,1.52],"texture":"#0"},"north":{"uv":[12.48,0.4799995,13.52,1.52],"texture":"#0"},"south":{"uv":[12.48,0.4799995,13.52,1.52],"texture":"#0"},"west":{"uv":[12.48,0.4799995,13.52,1.52],"texture":"#0"},"east":{"uv":[12.48,0.4799995,13.52,1.52],"texture":"#0"}}},{"from":[7.5,12,5],"to":[8,12.5,5.5],"faces":{"down":{"uv":[10.48,0.4799995,11.52,1.52],"texture":"#0"},"north":{"uv":[10.48,0.4799995,11.52,1.52],"texture":"#0"},"west":{"uv":[10.48,0.4799995,11.52,1.52],"texture":"#0"}}},{"from":[7.5,12,5.5],"to":[8,13,6],"faces":{"north":{"uv":[4.48,0.4799995,5.52,1.52],"texture":"#0"},"south":{"uv":[4.48,0.4799995,5.52,1.52],"texture":"#0"},"west":{"uv":[4.48,0.4799995,5.52,1.52],"texture":"#0"},"east":{"uv":[4.48,0.4799995,5.52,1.52],"texture":"#0"}}},{"from":[7.5,12,6],"to":[9,12.5,7],"faces":{"down":{"uv":[6.48,0.4799995,7.52,1.52],"texture":"#0"},"up":{"uv":[6.48,0.4799995,7.52,1.52],"texture":"#0"},"north":{"uv":[6.48,0.4799995,7.52,1.52],"texture":"#0"},"south":{"uv":[6.48,0.4799995,7.52,1.52],"texture":"#0"},"west":{"uv":[6.48,0.4799995,7.52,1.52],"texture":"#0"},"east":{"uv":[6.48,0.4799995,7.52,1.52],"texture":"#0"}}},{"from":[7.5,12,7],"to":[8,12.5,7.5],"faces":{"west":{"uv":[12.48,0.4799995,13.52,1.52],"texture":"#0"}}},{"from":[7.5,12,8],"to":[9,12.5,8.5],"faces":{"down":{"uv":[8.48,0.4799995,9.52,1.52],"texture":"#0"},"up":{"uv":[8.48,0.4799995,9.52,1.52],"texture":"#0"},"north":{"uv":[8.48,0.4799995,9.52,1.52],"texture":"#0"},"south":{"uv":[8.48,0.4799995,9.52,1.52],"texture":"#0"},"west":{"uv":[8.48,0.4799995,9.52,1.52],"texture":"#0"},"east":{"uv":[8.48,0.4799995,9.52,1.52],"texture":"#0"}}},{"from":[7.5,12,8.5],"to":[8,12.5,9],"faces":{"up":{"uv":[10.48,0.4799995,11.52,1.52],"texture":"#0"},"south":{"uv":[10.48,0.4799995,11.52,1.52],"texture":"#0"},"west":{"uv":[10.48,0.4799995,11.52,1.52],"texture":"#0"}}},{"from":[7.5,12.5,5],"to":[8,13,5.5],"faces":{"north":{"uv":[6.48,0.4799995,7.52,1.52],"texture":"#0"},"west":{"uv":[6.48,0.4799995,7.52,1.52],"texture":"#0"}}},{"from":[7.5,12.5,6],"to":[8,13,6.5],"faces":{"west":{"uv":[2.48,0.4799995,3.52,1.52],"texture":"#0"}}},{"from":[7.5,12.5,6.5],"to":[8,13,7],"faces":{"west":{"uv":[12.48,0.4799995,13.52,1.52],"texture":"#0"}}},{"from":[7.5,12.5,7],"to":[9,13,7.5],"faces":{"down":{"uv":[4.48,0.4799995,5.52,1.52],"texture":"#0"},"up":{"uv":[4.48,0.4799995,5.52,1.52],"texture":"#0"},"north":{"uv":[4.48,0.4799995,5.52,1.52],"texture":"#0"},"south":{"uv":[4.48,0.4799995,5.52,1.52],"texture":"#0"},"west":{"uv":[4.48,0.4799995,5.52,1.52],"texture":"#0"},"east":{"uv":[4.48,0.4799995,5.52,1.52],"texture":"#0"}}},{"from":[7.5,12.5,7.5],"to":[8,13,8],"faces":{"south":{"uv":[12.48,0.4799995,13.52,1.52],"texture":"#0"},"west":{"uv":[12.48,0.4799995,13.52,1.52],"texture":"#0"}}},{"from":[7.5,13,5],"to":[8,13.5,5.5],"faces":{"up":{"uv":[2.48,0.4799995,3.52,1.52],"texture":"#0"},"north":{"uv":[2.48,0.4799995,3.52,1.52],"texture":"#0"},"west":{"uv":[2.48,0.4799995,3.52,1.52],"texture":"#0"}}},{"from":[7.5,13,5.5],"to":[9,13.5,6],"faces":{"down":{"uv":[10.48,0.4799995,11.52,1.52],"texture":"#0"},"up":{"uv":[10.48,0.4799995,11.52,1.52],"texture":"#0"},"north":{"uv":[10.48,0.4799995,11.52,1.52],"texture":"#0"},"south":{"uv":[10.48,0.4799995,11.52,1.52],"texture":"#0"},"west":{"uv":[10.48,0.4799995,11.52,1.52],"texture":"#0"},"east":{"uv":[10.48,0.4799995,11.52,1.52],"texture":"#0"}}},{"from":[7.5,13,6],"to":[8,13.5,6.5],"faces":{"west":{"uv":[12.48,0.4799995,13.52,1.52],"texture":"#0"}}},{"from":[7.5,13,6.5],"to":[9,14.5,7],"faces":{"down":{"uv":[6.48,0.4799995,7.52,1.52],"texture":"#0"},"up":{"uv":[6.48,0.4799995,7.52,1.52],"texture":"#0"},"north":{"uv":[6.48,0.4799995,7.52,1.52],"texture":"#0"},"south":{"uv":[6.48,0.4799995,7.52,1.52],"texture":"#0"},"west":{"uv":[6.48,0.4799995,7.52,1.52],"texture":"#0"},"east":{"uv":[6.48,0.4799995,7.52,1.52],"texture":"#0"}}},{"from":[7.5,13,7],"to":[8,13.5,7.5],"faces":{"west":{"uv":[10.48,0.4799995,11.52,1.52],"texture":"#0"}}},{"from":[7.5,13,7.5],"to":[9,13.5,8],"faces":{"down":{"uv":[4.48,0.4799995,5.52,1.52],"texture":"#0"},"up":{"uv":[4.48,0.4799995,5.52,1.52],"texture":"#0"},"north":{"uv":[4.48,0.4799995,5.52,1.52],"texture":"#0"},"south":{"uv":[4.48,0.4799995,5.52,1.52],"texture":"#0"},"west":{"uv":[4.48,0.4799995,5.52,1.52],"texture":"#0"},"east":{"uv":[4.48,0.4799995,5.52,1.52],"texture":"#0"}}},{"from":[7.5,13.5,5.5],"to":[8,15,6],"faces":{"north":{"uv":[2.48,0.4799995,3.52,1.52],"texture":"#0"},"south":{"uv":[2.48,0.4799995,3.52,1.52],"texture":"#0"},"west":{"uv":[2.48,0.4799995,3.52,1.52],"texture":"#0"},"east":{"uv":[2.48,0.4799995,3.52,1.52],"texture":"#0"}}},{"from":[7.5,13.5,6],"to":[9,14,6.5],"faces":{"down":{"uv":[6.48,0.4799995,7.52,1.52],"texture":"#0"},"up":{"uv":[6.48,0.4799995,7.52,1.52],"texture":"#0"},"north":{"uv":[6.48,0.4799995,7.52,1.52],"texture":"#0"},"west":{"uv":[6.48,0.4799995,7.52,1.52],"texture":"#0"},"east":{"uv":[6.48,0.4799995,7.52,1.52],"texture":"#0"}}},{"from":[7.5,13.5,7],"to":[8,14,7.5],"faces":{"west":{"uv":[4.48,0.4799995,5.52,1.52],"texture":"#0"}}},{"from":[7.5,13.5,7.5],"to":[8,14,8],"faces":{"up":{"uv":[10.48,0.4799995,11.52,1.52],"texture":"#0"},"south":{"uv":[10.48,0.4799995,11.52,1.52],"texture":"#0"},"west":{"uv":[10.48,0.4799995,11.52,1.52],"texture":"#0"}}},{"from":[7.5,14,6],"to":[8,14.5,6.5],"faces":{"west":{"uv":[6.48,0.4799995,7.52,1.52],"texture":"#0"}}},{"from":[7.5,14,7],"to":[8,15,7.5],"faces":{"up":{"uv":[8.48,0.4799995,9.52,1.52],"texture":"#0"},"north":{"uv":[8.48,0.4799995,9.52,1.52],"texture":"#0"},"south":{"uv":[8.48,0.4799995,9.52,1.52],"texture":"#0"},"west":{"uv":[8.48,0.4799995,9.52,1.52],"texture":"#0"}}},{"from":[7.5,14.5,6],"to":[9,15,6.5],"faces":{"down":{"uv":[10.48,0.4799995,11.52,1.52],"texture":"#0"},"up":{"uv":[10.48,0.4799995,11.52,1.52],"texture":"#0"},"north":{"uv":[10.48,0.4799995,11.52,1.52],"texture":"#0"},"south":{"uv":[10.48,0.4799995,11.52,1.52],"texture":"#0"},"west":{"uv":[10.48,0.4799995,11.52,1.52],"texture":"#0"},"east":{"uv":[10.48,0.4799995,11.52,1.52],"texture":"#0"}}},{"from":[7.5,14.5,6.5],"to":[8,15,7],"faces":{"west":{"uv":[10.48,0.4799995,11.52,1.52],"texture":"#0"}}},{"from":[7.5,15,5.5],"to":[9,15.5,6],"faces":{"down":{"uv":[4.48,0.4799995,5.52,1.52],"texture":"#0"},"up":{"uv":[4.48,0.4799995,5.52,1.52],"texture":"#0"},"north":{"uv":[4.48,0.4799995,5.52,1.52],"texture":"#0"},"south":{"uv":[4.48,0.4799995,5.52,1.52],"texture":"#0"},"west":{"uv":[4.48,0.4799995,5.52,1.52],"texture":"#0"},"east":{"uv":[4.48,0.4799995,5.52,1.52],"texture":"#0"}}},{"from":[7.5,15,6],"to":[8,15.5,6.5],"faces":{"west":{"uv":[2.48,0.4799995,3.52,1.52],"texture":"#0"}}},{"from":[7.5,15,6.5],"to":[9,15.5,7],"faces":{"down":{"uv":[4.48,0.4799995,5.52,1.52],"texture":"#0"},"up":{"uv":[4.48,0.4799995,5.52,1.52],"texture":"#0"},"north":{"uv":[4.48,0.4799995,5.52,1.52],"texture":"#0"},"south":{"uv":[4.48,0.4799995,5.52,1.52],"texture":"#0"},"west":{"uv":[4.48,0.4799995,5.52,1.52],"texture":"#0"},"east":{"uv":[4.48,0.4799995,5.52,1.52],"texture":"#0"}}},{"from":[7.5,15.5,6],"to":[9,16.5,6.5],"faces":{"down":{"uv":[12.48,0.4799995,13.52,1.52],"texture":"#0"},"up":{"uv":[12.48,0.4799995,13.52,1.52],"texture":"#0"},"north":{"uv":[12.48,0.4799995,13.52,1.52],"texture":"#0"},"south":{"uv":[12.48,0.4799995,13.52,1.52],"texture":"#0"},"west":{"uv":[12.48,0.4799995,13.52,1.52],"texture":"#0"},"east":{"uv":[12.48,0.4799995,13.52,1.52],"texture":"#0"}}},{"from":[7.5,15.5,6.5],"to":[8,16,7],"faces":{"south":{"uv":[8.48,0.4799995,9.52,1.52],"texture":"#0"},"west":{"uv":[8.48,0.4799995,9.52,1.52],"texture":"#0"}}},{"from":[7.5,16,6.5],"to":[8,16.5,7],"faces":{"south":{"uv":[12.48,0.4799995,13.52,1.52],"texture":"#0"},"west":{"uv":[12.48,0.4799995,13.52,1.52],"texture":"#0"}}},{"from":[7.5,16.5,6.5],"to":[9,17,7],"faces":{"down":{"uv":[8.48,0.4799995,9.52,1.52],"texture":"#0"},"up":{"uv":[8.48,0.4799995,9.52,1.52],"texture":"#0"},"north":{"uv":[8.48,0.4799995,9.52,1.52],"texture":"#0"},"south":{"uv":[8.48,0.4799995,9.52,1.52],"texture":"#0"},"west":{"uv":[8.48,0.4799995,9.52,1.52],"texture":"#0"},"east":{"uv":[8.48,0.4799995,9.52,1.52],"texture":"#0"}}},{"from":[7.5,17,6.5],"to":[8,17.5,7],"faces":{"north":{"uv":[10.48,0.4799995,11.52,1.52],"texture":"#0"},"south":{"uv":[10.48,0.4799995,11.52,1.52],"texture":"#0"},"west":{"uv":[10.48,0.4799995,11.52,1.52],"texture":"#0"}}},{"from":[7.5,17.5,6],"to":[9,18,6.5],"faces":{"down":{"uv":[8.48,0.4799995,9.52,1.52],"texture":"#0"},"up":{"uv":[8.48,0.4799995,9.52,1.52],"texture":"#0"},"north":{"uv":[8.48,0.4799995,9.52,1.52],"texture":"#0"},"south":{"uv":[8.48,0.4799995,9.52,1.52],"texture":"#0"},"west":{"uv":[8.48,0.4799995,9.52,1.52],"texture":"#0"},"east":{"uv":[8.48,0.4799995,9.52,1.52],"texture":"#0"}}},{"from":[7.5,17.5,6.5],"to":[8,18,7],"faces":{"west":{"uv":[12.48,0.4799995,13.52,1.52],"texture":"#0"}}},{"from":[7.5,17.5,7],"to":[9,18,7.5],"faces":{"down":{"uv":[8.48,0.4799995,9.52,1.52],"texture":"#0"},"up":{"uv":[8.48,0.4799995,9.52,1.52],"texture":"#0"},"north":{"uv":[8.48,0.4799995,9.52,1.52],"texture":"#0"},"south":{"uv":[8.48,0.4799995,9.52,1.52],"texture":"#0"},"west":{"uv":[8.48,0.4799995,9.52,1.52],"texture":"#0"},"east":{"uv":[8.48,0.4799995,9.52,1.52],"texture":"#0"}}},{"from":[7.5,18,6],"to":[8,18.5,6.5],"faces":{"up":{"uv":[10.48,0.4799995,11.52,1.52],"texture":"#0"},"north":{"uv":[10.48,0.4799995,11.52,1.52],"texture":"#0"},"west":{"uv":[10.48,0.4799995,11.52,1.52],"texture":"#0"}}},{"from":[7.5,18,6.5],"to":[9,18.5,7],"faces":{"down":{"uv":[8.48,0.4799995,9.52,1.52],"texture":"#0"},"up":{"uv":[8.48,0.4799995,9.52,1.52],"texture":"#0"},"north":{"uv":[8.48,0.4799995,9.52,1.52],"texture":"#0"},"south":{"uv":[8.48,0.4799995,9.52,1.52],"texture":"#0"},"west":{"uv":[8.48,0.4799995,9.52,1.52],"texture":"#0"},"east":{"uv":[8.48,0.4799995,9.52,1.52],"texture":"#0"}}},{"from":[7.5,18,7],"to":[8,18.5,7.5],"faces":{"south":{"uv":[2.48,0.4799995,3.52,1.52],"texture":"#0"},"west":{"uv":[2.48,0.4799995,3.52,1.52],"texture":"#0"}}},{"from":[7.5,18.5,6.5],"to":[8,19,7.5],"faces":{"down":{"uv":[4.48,0.4799995,5.52,1.52],"texture":"#0"},"up":{"uv":[4.48,0.4799995,5.52,1.52],"texture":"#0"},"north":{"uv":[4.48,0.4799995,5.52,1.52],"texture":"#0"},"south":{"uv":[4.48,0.4799995,5.52,1.52],"texture":"#0"},"west":{"uv":[4.48,0.4799995,5.52,1.52],"texture":"#0"}}},{"from":[7.5,19,7],"to":[9,20,7.5],"faces":{"down":{"uv":[2.48,0.4799995,3.52,1.52],"texture":"#0"},"up":{"uv":[2.48,0.4799995,3.52,1.52],"texture":"#0"},"north":{"uv":[2.48,0.4799995,3.52,1.52],"texture":"#0"},"south":{"uv":[2.48,0.4799995,3.52,1.52],"texture":"#0"},"west":{"uv":[2.48,0.4799995,3.52,1.52],"texture":"#0"},"east":{"uv":[2.48,0.4799995,3.52,1.52],"texture":"#0"}}},{"from":[7.5,19,7.5],"to":[9,19.5,8],"faces":{"down":{"uv":[12.48,0.4799995,13.52,1.52],"texture":"#0"},"up":{"uv":[12.48,0.4799995,13.52,1.52],"texture":"#0"},"south":{"uv":[12.48,0.4799995,13.52,1.52],"texture":"#0"},"west":{"uv":[12.48,0.4799995,13.52,1.52],"texture":"#0"},"east":{"uv":[12.48,0.4799995,13.52,1.52],"texture":"#0"}}},{"from":[7.5,19.5,7.5],"to":[8,20,8],"faces":{"south":{"uv":[6.48,0.4799995,7.52,1.52],"texture":"#0"},"west":{"uv":[6.48,0.4799995,7.52,1.52],"texture":"#0"}}},{"from":[7.5,20,4.5],"to":[9,20.5,5],"faces":{"down":{"uv":[6.48,0.4799995,7.52,1.52],"texture":"#0"},"up":{"uv":[6.48,0.4799995,7.52,1.52],"texture":"#0"},"north":{"uv":[6.48,0.4799995,7.52,1.52],"texture":"#0"},"south":{"uv":[6.48,0.4799995,7.52,1.52],"texture":"#0"},"west":{"uv":[6.48,0.4799995,7.52,1.52],"texture":"#0"},"east":{"uv":[6.48,0.4799995,7.52,1.52],"texture":"#0"}}},{"from":[7.5,20,6.5],"to":[9,20.5,7],"faces":{"down":{"uv":[12.48,0.4799995,13.52,1.52],"texture":"#0"},"up":{"uv":[12.48,0.4799995,13.52,1.52],"texture":"#0"},"north":{"uv":[12.48,0.4799995,13.52,1.52],"texture":"#0"},"south":{"uv":[12.48,0.4799995,13.52,1.52],"texture":"#0"},"west":{"uv":[12.48,0.4799995,13.52,1.52],"texture":"#0"},"east":{"uv":[12.48,0.4799995,13.52,1.52],"texture":"#0"}}},{"from":[7.5,20,7],"to":[8,20.5,7.5],"faces":{"west":{"uv":[12.48,0.4799995,13.52,1.52],"texture":"#0"}}},{"from":[7.5,20,7.5],"to":[9,20.5,8],"faces":{"down":{"uv":[8.48,0.4799995,9.52,1.52],"texture":"#0"},"up":{"uv":[8.48,0.4799995,9.52,1.52],"texture":"#0"},"north":{"uv":[8.48,0.4799995,9.52,1.52],"texture":"#0"},"south":{"uv":[8.48,0.4799995,9.52,1.52],"texture":"#0"},"west":{"uv":[8.48,0.4799995,9.52,1.52],"texture":"#0"},"east":{"uv":[8.48,0.4799995,9.52,1.52],"texture":"#0"}}},{"from":[7.5,20.5,4],"to":[8,21,4.5],"faces":{"down":{"uv":[4.48,0.4799995,5.52,1.52],"texture":"#0"},"north":{"uv":[4.48,0.4799995,5.52,1.52],"texture":"#0"},"west":{"uv":[4.48,0.4799995,5.52,1.52],"texture":"#0"}}},{"from":[7.5,20.5,4.5],"to":[8,21,5.5],"faces":{"down":{"uv":[10.48,0.4799995,11.52,1.52],"texture":"#0"},"up":{"uv":[10.48,0.4799995,11.52,1.52],"texture":"#0"},"south":{"uv":[10.48,0.4799995,11.52,1.52],"texture":"#0"},"west":{"uv":[10.48,0.4799995,11.52,1.52],"texture":"#0"},"east":{"uv":[10.48,0.4799995,11.52,1.52],"texture":"#0"}}},{"from":[7.5,20.5,6],"to":[9,21.5,6.5],"faces":{"down":{"uv":[6.48,0.4799995,7.52,1.52],"texture":"#0"},"north":{"uv":[6.48,0.4799995,7.52,1.52],"texture":"#0"},"south":{"uv":[6.48,0.4799995,7.52,1.52],"texture":"#0"},"west":{"uv":[6.48,0.4799995,7.52,1.52],"texture":"#0"},"east":{"uv":[6.48,0.4799995,7.52,1.52],"texture":"#0"}}},{"from":[7.5,20.5,6.5],"to":[8,21,7],"faces":{"west":{"uv":[8.48,0.4799995,9.52,1.52],"texture":"#0"}}},{"from":[7.5,20.5,7],"to":[9,21,7.5],"faces":{"down":{"uv":[6.48,0.4799995,7.52,1.52],"texture":"#0"},"up":{"uv":[6.48,0.4799995,7.52,1.52],"texture":"#0"},"north":{"uv":[6.48,0.4799995,7.52,1.52],"texture":"#0"},"south":{"uv":[6.48,0.4799995,7.52,1.52],"texture":"#0"},"west":{"uv":[6.48,0.4799995,7.52,1.52],"texture":"#0"},"east":{"uv":[6.48,0.4799995,7.52,1.52],"texture":"#0"}}},{"from":[7.5,20.5,7.5],"to":[8,21,8],"faces":{"west":{"uv":[6.48,0.4799995,7.52,1.52],"texture":"#0"}}},{"from":[7.5,20.5,8],"to":[9,21,8.5],"faces":{"down":{"uv":[4.48,0.4799995,5.52,1.52],"texture":"#0"},"up":{"uv":[4.48,0.4799995,5.52,1.52],"texture":"#0"},"north":{"uv":[4.48,0.4799995,5.52,1.52],"texture":"#0"},"south":{"uv":[4.48,0.4799995,5.52,1.52],"texture":"#0"},"west":{"uv":[4.48,0.4799995,5.52,1.52],"texture":"#0"},"east":{"uv":[4.48,0.4799995,5.52,1.52],"texture":"#0"}}},{"from":[7.5,21,4],"to":[8,22,4.5],"faces":{"north":{"uv":[12.48,0.4799995,13.52,1.52],"texture":"#0"},"south":{"uv":[12.48,0.4799995,13.52,1.52],"texture":"#0"},"west":{"uv":[12.48,0.4799995,13.52,1.52],"texture":"#0"},"east":{"uv":[12.48,0.4799995,13.52,1.52],"texture":"#0"}}},{"from":[7.5,21,4.5],"to":[9,21.5,5],"faces":{"down":{"uv":[6.48,0.4799995,7.52,1.52],"texture":"#0"},"up":{"uv":[6.48,0.4799995,7.52,1.52],"texture":"#0"},"north":{"uv":[6.48,0.4799995,7.52,1.52],"texture":"#0"},"south":{"uv":[6.48,0.4799995,7.52,1.52],"texture":"#0"},"west":{"uv":[6.48,0.4799995,7.52,1.52],"texture":"#0"},"east":{"uv":[6.48,0.4799995,7.52,1.52],"texture":"#0"}}},{"from":[7.5,21,5],"to":[8,21.5,6],"faces":{"down":{"uv":[10.48,0.4799995,11.52,1.52],"texture":"#0"},"up":{"uv":[10.48,0.4799995,11.52,1.52],"texture":"#0"},"west":{"uv":[10.48,0.4799995,11.52,1.52],"texture":"#0"},"east":{"uv":[10.48,0.4799995,11.52,1.52],"texture":"#0"}}},{"from":[7.5,21,6.5],"to":[8,21.5,7],"faces":{"west":{"uv":[10.48,0.4799995,11.52,1.52],"texture":"#0"}}},{"from":[7.5,21,7],"to":[8,22,7.5],"faces":{"up":{"uv":[8.48,0.4799995,9.52,1.52],"texture":"#0"},"north":{"uv":[8.48,0.4799995,9.52,1.52],"texture":"#0"},"south":{"uv":[8.48,0.4799995,9.52,1.52],"texture":"#0"},"west":{"uv":[8.48,0.4799995,9.52,1.52],"texture":"#0"},"east":{"uv":[8.48,0.4799995,9.52,1.52],"texture":"#0"}}},{"from":[7.5,21,7.5],"to":[9,21.5,8],"faces":{"down":{"uv":[8.48,0.4799995,9.52,1.52],"texture":"#0"},"up":{"uv":[8.48,0.4799995,9.52,1.52],"texture":"#0"},"north":{"uv":[8.48,0.4799995,9.52,1.52],"texture":"#0"},"south":{"uv":[8.48,0.4799995,9.52,1.52],"texture":"#0"},"west":{"uv":[8.48,0.4799995,9.52,1.52],"texture":"#0"},"east":{"uv":[8.48,0.4799995,9.52,1.52],"texture":"#0"}}},{"from":[7.5,21,8],"to":[8,21.5,9],"faces":{"down":{"uv":[10.48,0.4799995,11.52,1.52],"texture":"#0"},"south":{"uv":[10.48,0.4799995,11.52,1.52],"texture":"#0"},"west":{"uv":[10.48,0.4799995,11.52,1.52],"texture":"#0"},"east":{"uv":[10.48,0.4799995,11.52,1.52],"texture":"#0"}}},{"from":[7.5,21.5,4.5],"to":[8,22,5],"faces":{"west":{"uv":[10.48,0.4799995,11.52,1.52],"texture":"#0"}}},{"from":[7.5,21.5,5],"to":[9,22.5,5.5],"faces":{"down":{"uv":[6.48,0.4799995,7.52,1.52],"texture":"#0"},"up":{"uv":[6.48,0.4799995,7.52,1.52],"texture":"#0"},"north":{"uv":[6.48,0.4799995,7.52,1.52],"texture":"#0"},"south":{"uv":[6.48,0.4799995,7.52,1.52],"texture":"#0"},"west":{"uv":[6.48,0.4799995,7.52,1.52],"texture":"#0"},"east":{"uv":[6.48,0.4799995,7.52,1.52],"texture":"#0"}}},{"from":[7.5,21.5,5.5],"to":[8,22,6],"faces":{"west":{"uv":[4.48,0.4799995,5.52,1.52],"texture":"#0"}}},{"from":[7.5,21.5,6],"to":[9,22,6.5],"faces":{"up":{"uv":[12.48,0.4799995,13.52,1.52],"texture":"#0"},"north":{"uv":[12.48,0.4799995,13.52,1.52],"texture":"#0"},"south":{"uv":[12.48,0.4799995,13.52,1.52],"texture":"#0"},"west":{"uv":[12.48,0.4799995,13.52,1.52],"texture":"#0"},"east":{"uv":[12.48,0.4799995,13.52,1.52],"texture":"#0"}}},{"from":[7.5,21.5,6.5],"to":[8,22,7],"faces":{"up":{"uv":[8.48,0.4799995,9.52,1.52],"texture":"#0"},"west":{"uv":[8.48,0.4799995,9.52,1.52],"texture":"#0"}}},{"from":[7.5,21.5,7.5],"to":[8,22,8],"faces":{"west":{"uv":[10.48,0.4799995,11.52,1.52],"texture":"#0"}}},{"from":[7.5,21.5,8],"to":[9,22.5,9],"faces":{"down":{"uv":[8.48,0.4799995,9.52,1.52],"texture":"#0"},"up":{"uv":[8.48,0.4799995,9.52,1.52],"texture":"#0"},"north":{"uv":[8.48,0.4799995,9.52,1.52],"texture":"#0"},"south":{"uv":[8.48,0.4799995,9.52,1.52],"texture":"#0"},"west":{"uv":[8.48,0.4799995,9.52,1.52],"texture":"#0"},"east":{"uv":[8.48,0.4799995,9.52,1.52],"texture":"#0"}}},{"from":[7.5,22,3.5],"to":[8,22.5,5],"faces":{"down":{"uv":[6.48,0.4799995,7.52,1.52],"texture":"#0"},"up":{"uv":[6.48,0.4799995,7.52,1.52],"texture":"#0"},"north":{"uv":[6.48,0.4799995,7.52,1.52],"texture":"#0"},"west":{"uv":[6.48,0.4799995,7.52,1.52],"texture":"#0"},"east":{"uv":[6.48,0.4799995,7.52,1.52],"texture":"#0"}}},{"from":[7.5,22,5.5],"to":[8,22.5,6],"faces":{"up":{"uv":[12.48,0.4799995,13.52,1.52],"texture":"#0"},"south":{"uv":[12.48,0.4799995,13.52,1.52],"texture":"#0"},"west":{"uv":[12.48,0.4799995,13.52,1.52],"texture":"#0"}}},{"from":[7.5,22,7.5],"to":[8,22.5,8],"faces":{"up":{"uv":[12.48,0.4799995,13.52,1.52],"texture":"#0"},"north":{"uv":[12.48,0.4799995,13.52,1.52],"texture":"#0"},"west":{"uv":[12.48,0.4799995,13.52,1.52],"texture":"#0"}}},{"from":[7.5,22,9],"to":[9,22.5,9.5],"faces":{"down":{"uv":[12.48,0.4799995,13.52,1.52],"texture":"#0"},"up":{"uv":[12.48,0.4799995,13.52,1.52],"texture":"#0"},"west":{"uv":[12.48,0.4799995,13.52,1.52],"texture":"#0"},"east":{"uv":[12.48,0.4799995,13.52,1.52],"texture":"#0"}}},{"from":[7.5,22,9.5],"to":[9,22.5,10],"faces":{"down":{"uv":[6.48,0.4799995,7.52,1.52],"texture":"#0"},"up":{"uv":[6.48,0.4799995,7.52,1.52],"texture":"#0"},"south":{"uv":[6.48,0.4799995,7.52,1.52],"texture":"#0"},"west":{"uv":[6.48,0.4799995,7.52,1.52],"texture":"#0"},"east":{"uv":[6.48,0.4799995,7.52,1.52],"texture":"#0"}}},{"from":[7.5,22.5,3.5],"to":[9,23,4],"faces":{"down":{"uv":[8.48,0.4799995,9.52,1.52],"texture":"#0"},"up":{"uv":[8.48,0.4799995,9.52,1.52],"texture":"#0"},"north":{"uv":[8.48,0.4799995,9.52,1.52],"texture":"#0"},"west":{"uv":[8.48,0.4799995,9.52,1.52],"texture":"#0"},"east":{"uv":[8.48,0.4799995,9.52,1.52],"texture":"#0"}}},{"from":[7.5,22.5,4],"to":[9,23,4.5],"faces":{"down":{"uv":[6.48,0.4799995,7.52,1.52],"texture":"#0"},"up":{"uv":[6.48,0.4799995,7.52,1.52],"texture":"#0"},"south":{"uv":[6.48,0.4799995,7.52,1.52],"texture":"#0"},"west":{"uv":[6.48,0.4799995,7.52,1.52],"texture":"#0"},"east":{"uv":[6.48,0.4799995,7.52,1.52],"texture":"#0"}}},{"from":[7.5,22.5,8.5],"to":[8,23,9.5],"faces":{"down":{"uv":[8.48,0.4799995,9.52,1.52],"texture":"#0"},"up":{"uv":[8.48,0.4799995,9.52,1.52],"texture":"#0"},"north":{"uv":[8.48,0.4799995,9.52,1.52],"texture":"#0"},"west":{"uv":[8.48,0.4799995,9.52,1.52],"texture":"#0"},"east":{"uv":[8.48,0.4799995,9.52,1.52],"texture":"#0"}}},{"from":[7.5,22.5,9.5],"to":[8,23,10.5],"faces":{"down":{"uv":[2.48,0.4799995,3.52,1.52],"texture":"#0"},"west":{"uv":[2.48,0.4799995,3.52,1.52],"texture":"#0"},"east":{"uv":[2.48,0.4799995,3.52,1.52],"texture":"#0"}}},{"from":[7.5,22.5,10.5],"to":[9,23,11],"faces":{"down":{"uv":[10.48,0.4799995,11.52,1.52],"texture":"#0"},"up":{"uv":[10.48,0.4799995,11.52,1.52],"texture":"#0"},"north":{"uv":[10.48,0.4799995,11.52,1.52],"texture":"#0"},"south":{"uv":[10.48,0.4799995,11.52,1.52],"texture":"#0"},"west":{"uv":[10.48,0.4799995,11.52,1.52],"texture":"#0"},"east":{"uv":[10.48,0.4799995,11.52,1.52],"texture":"#0"}}},{"from":[7.5,23,9],"to":[9,23.5,10.5],"faces":{"down":{"uv":[6.48,0.4799995,7.52,1.52],"texture":"#0"},"up":{"uv":[6.48,0.4799995,7.52,1.52],"texture":"#0"},"north":{"uv":[6.48,0.4799995,7.52,1.52],"texture":"#0"},"south":{"uv":[6.48,0.4799995,7.52,1.52],"texture":"#0"},"west":{"uv":[6.48,0.4799995,7.52,1.52],"texture":"#0"},"east":{"uv":[6.48,0.4799995,7.52,1.52],"texture":"#0"}}},{"from":[7.5,23,10.5],"to":[8,23.5,11.5],"faces":{"down":{"uv":[6.48,0.4799995,7.52,1.52],"texture":"#0"},"up":{"uv":[6.48,0.4799995,7.52,1.52],"texture":"#0"},"south":{"uv":[6.48,0.4799995,7.52,1.52],"texture":"#0"},"west":{"uv":[6.48,0.4799995,7.52,1.52],"texture":"#0"},"east":{"uv":[6.48,0.4799995,7.52,1.52],"texture":"#0"}}},{"from":[7.5,23.5,10],"to":[8,24,10.5],"faces":{"north":{"uv":[4.48,0.4799995,5.52,1.52],"texture":"#0"},"west":{"uv":[4.48,0.4799995,5.52,1.52],"texture":"#0"}}},{"from":[7.5,23.5,10.5],"to":[9,24,11],"faces":{"down":{"uv":[8.48,0.4799995,9.52,1.52],"texture":"#0"},"north":{"uv":[8.48,0.4799995,9.52,1.52],"texture":"#0"},"south":{"uv":[8.48,0.4799995,9.52,1.52],"texture":"#0"},"west":{"uv":[8.48,0.4799995,9.52,1.52],"texture":"#0"},"east":{"uv":[8.48,0.4799995,9.52,1.52],"texture":"#0"}}},{"from":[7.5,23.5,11],"to":[8,24,11.5],"faces":{"west":{"uv":[4.48,0.4799995,5.52,1.52],"texture":"#0"}}},{"from":[7.5,23.5,11.5],"to":[8,24,12],"faces":{"down":{"uv":[6.48,0.4799995,7.52,1.52],"texture":"#0"},"south":{"uv":[6.48,0.4799995,7.52,1.52],"texture":"#0"},"west":{"uv":[6.48,0.4799995,7.52,1.52],"texture":"#0"}}},{"from":[7.5,24,9.5],"to":[9,24.5,10],"faces":{"down":{"uv":[2.48,0.4799995,3.52,1.52],"texture":"#0"},"up":{"uv":[2.48,0.4799995,3.52,1.52],"texture":"#0"},"north":{"uv":[2.48,0.4799995,3.52,1.52],"texture":"#0"},"south":{"uv":[2.48,0.4799995,3.52,1.52],"texture":"#0"},"west":{"uv":[2.48,0.4799995,3.52,1.52],"texture":"#0"},"east":{"uv":[2.48,0.4799995,3.52,1.52],"texture":"#0"}}},{"from":[7.5,24,10],"to":[8,24.5,10.5],"faces":{"up":{"uv":[8.48,0.4799995,9.52,1.52],"texture":"#0"},"west":{"uv":[8.48,0.4799995,9.52,1.52],"texture":"#0"}}},{"from":[7.5,24,10.5],"to":[9,24.5,11],"faces":{"up":{"uv":[2.48,0.4799995,3.52,1.52],"texture":"#0"},"north":{"uv":[2.48,0.4799995,3.52,1.52],"texture":"#0"},"south":{"uv":[2.48,0.4799995,3.52,1.52],"texture":"#0"},"west":{"uv":[2.48,0.4799995,3.52,1.52],"texture":"#0"},"east":{"uv":[2.48,0.4799995,3.52,1.52],"texture":"#0"}}},{"from":[7.5,24,11],"to":[8,24.5,11.5],"faces":{"west":{"uv":[10.48,0.4799995,11.52,1.52],"texture":"#0"}}},{"from":[7.5,24,11.5],"to":[9,24.5,12],"faces":{"down":{"uv":[2.48,0.4799995,3.52,1.52],"texture":"#0"},"up":{"uv":[2.48,0.4799995,3.52,1.52],"texture":"#0"},"north":{"uv":[2.48,0.4799995,3.52,1.52],"texture":"#0"},"south":{"uv":[2.48,0.4799995,3.52,1.52],"texture":"#0"},"west":{"uv":[2.48,0.4799995,3.52,1.52],"texture":"#0"},"east":{"uv":[2.48,0.4799995,3.52,1.52],"texture":"#0"}}},{"from":[7.5,24.5,11],"to":[9,25,11.5],"faces":{"down":{"uv":[4.48,0.4799995,5.52,1.52],"texture":"#0"},"up":{"uv":[4.48,0.4799995,5.52,1.52],"texture":"#0"},"north":{"uv":[4.48,0.4799995,5.52,1.52],"texture":"#0"},"south":{"uv":[4.48,0.4799995,5.52,1.52],"texture":"#0"},"west":{"uv":[4.48,0.4799995,5.52,1.52],"texture":"#0"},"east":{"uv":[4.48,0.4799995,5.52,1.52],"texture":"#0"}}},{"from":[7.5,24.5,11.5],"to":[8,25,12],"faces":{"up":{"uv":[6.48,0.4799995,7.52,1.52],"texture":"#0"},"west":{"uv":[6.48,0.4799995,7.52,1.52],"texture":"#0"}}},{"from":[7.5,24.5,12],"to":[9,25,12.5],"faces":{"down":{"uv":[12.48,0.4799995,13.52,1.52],"texture":"#0"},"up":{"uv":[12.48,0.4799995,13.52,1.52],"texture":"#0"},"north":{"uv":[12.48,0.4799995,13.52,1.52],"texture":"#0"},"south":{"uv":[12.48,0.4799995,13.52,1.52],"texture":"#0"},"west":{"uv":[12.48,0.4799995,13.52,1.52],"texture":"#0"},"east":{"uv":[12.48,0.4799995,13.52,1.52],"texture":"#0"}}},{"from":[7.5,24.5,12.5],"to":[8,25,13],"faces":{"down":{"uv":[4.48,0.4799995,5.52,1.52],"texture":"#0"},"south":{"uv":[4.48,0.4799995,5.52,1.52],"texture":"#0"},"west":{"uv":[4.48,0.4799995,5.52,1.52],"texture":"#0"}}},{"from":[7.5,25,12.5],"to":[9,25.5,13],"faces":{"down":{"uv":[6.48,0.4799995,7.52,1.52],"texture":"#0"},"up":{"uv":[6.48,0.4799995,7.52,1.52],"texture":"#0"},"north":{"uv":[6.48,0.4799995,7.52,1.52],"texture":"#0"},"south":{"uv":[6.48,0.4799995,7.52,1.52],"texture":"#0"},"west":{"uv":[6.48,0.4799995,7.52,1.52],"texture":"#0"},"east":{"uv":[6.48,0.4799995,7.52,1.52],"texture":"#0"}}},{"from":[8,0,8],"to":[8.5,0.5,8.5],"faces":{"down":{"uv":[4.48,0.4799995,5.52,1.52],"texture":"#0"},"north":{"uv":[4.48,0.4799995,5.52,1.52],"texture":"#0"},"west":{"uv":[4.48,0.4799995,5.52,1.52],"texture":"#0"},"east":{"uv":[4.48,0.4799995,5.52,1.52],"texture":"#0"}}},{"from":[8,0,8.5],"to":[8.5,0.5,9],"faces":{"down":{"uv":[2.48,0.4799995,3.52,1.52],"texture":"#0"},"west":{"uv":[2.48,0.4799995,3.52,1.52],"texture":"#0"},"east":{"uv":[2.48,0.4799995,3.52,1.52],"texture":"#0"}}},{"from":[8,0,9],"to":[8.5,0.5,9.5],"faces":{"down":{"uv":[8.48,0.4799995,9.52,1.52],"texture":"#0"},"west":{"uv":[8.48,0.4799995,9.52,1.52],"texture":"#0"},"east":{"uv":[8.48,0.4799995,9.52,1.52],"texture":"#0"}}},{"from":[8,0,9.5],"to":[8.5,0.5,10],"faces":{"down":{"uv":[2.48,0.4799995,3.52,1.52],"texture":"#0"}}},{"from":[8,0,10],"to":[8.5,1,10.5],"faces":{"down":{"uv":[4.48,0.4799995,5.52,1.52],"texture":"#0"},"up":{"uv":[4.48,0.4799995,5.52,1.52],"texture":"#0"},"north":{"uv":[4.48,0.4799995,5.52,1.52],"texture":"#0"},"south":{"uv":[4.48,0.4799995,5.52,1.52],"texture":"#0"}}},{"from":[8,0,10.5],"to":[8.5,0.5,11],"faces":{"down":{"uv":[2.48,2.48,3.52,3.52],"texture":"#0"},"south":{"uv":[2.48,2.48,3.52,3.52],"texture":"#0"},"west":{"uv":[2.48,2.48,3.52,3.52],"texture":"#0"},"east":{"uv":[2.48,2.48,3.52,3.52],"texture":"#0"}}},{"from":[8,0.5,7],"to":[8.5,1,8],"faces":{"down":{"uv":[2.48,2.48,3.52,3.52],"texture":"#0"},"up":{"uv":[2.48,2.48,3.52,3.52],"texture":"#0"},"north":{"uv":[2.48,2.48,3.52,3.52],"texture":"#0"},"west":{"uv":[2.48,2.48,3.52,3.52],"texture":"#0"},"east":{"uv":[2.48,2.48,3.52,3.52],"texture":"#0"}}},{"from":[8,0.5,10.5],"to":[8.5,1,11],"faces":{"up":{"uv":[8.48,0.4799995,9.52,1.52],"texture":"#0"}}},{"from":[8,0.5,11],"to":[8.5,1.5,11.5],"faces":{"down":{"uv":[2.48,2.48,3.52,3.52],"texture":"#0"},"up":{"uv":[2.48,2.48,3.52,3.52],"texture":"#0"},"north":{"uv":[2.48,2.48,3.52,3.52],"texture":"#0"},"south":{"uv":[2.48,2.48,3.52,3.52],"texture":"#0"},"west":{"uv":[2.48,2.48,3.52,3.52],"texture":"#0"},"east":{"uv":[2.48,2.48,3.52,3.52],"texture":"#0"}}},{"from":[8,1,6.5],"to":[8.5,2,7],"faces":{"down":{"uv":[2.48,2.48,3.52,3.52],"texture":"#0"},"up":{"uv":[2.48,2.48,3.52,3.52],"texture":"#0"},"north":{"uv":[2.48,2.48,3.52,3.52],"texture":"#0"},"south":{"uv":[2.48,2.48,3.52,3.52],"texture":"#0"},"west":{"uv":[2.48,2.48,3.52,3.52],"texture":"#0"},"east":{"uv":[2.48,2.48,3.52,3.52],"texture":"#0"}}},{"from":[8,1,7.5],"to":[8.5,1.5,8.5],"faces":{"down":{"uv":[4.48,0.4799995,5.52,1.52],"texture":"#0"},"up":{"uv":[4.48,0.4799995,5.52,1.52],"texture":"#0"},"west":{"uv":[4.48,0.4799995,5.52,1.52],"texture":"#0"},"east":{"uv":[4.48,0.4799995,5.52,1.52],"texture":"#0"}}},{"from":[8,1,9],"to":[8.5,1.5,10],"faces":{"up":{"uv":[4.48,0.4799995,5.52,1.52],"texture":"#0"},"south":{"uv":[4.48,0.4799995,5.52,1.52],"texture":"#0"},"west":{"uv":[4.48,0.4799995,5.52,1.52],"texture":"#0"},"east":{"uv":[4.48,0.4799995,5.52,1.52],"texture":"#0"}}},{"from":[8,1,11.5],"to":[8.5,1.5,12],"faces":{"down":{"uv":[2.48,2.48,3.52,3.52],"texture":"#0"},"up":{"uv":[2.48,2.48,3.52,3.52],"texture":"#0"},"south":{"uv":[2.48,2.48,3.52,3.52],"texture":"#0"},"west":{"uv":[2.48,2.48,3.52,3.52],"texture":"#0"},"east":{"uv":[2.48,2.48,3.52,3.52],"texture":"#0"}}},{"from":[8,1.5,7],"to":[8.5,2,7.5],"faces":{"up":{"uv":[2.48,2.48,3.52,3.52],"texture":"#0"},"south":{"uv":[2.48,2.48,3.52,3.52],"texture":"#0"},"west":{"uv":[2.48,2.48,3.52,3.52],"texture":"#0"},"east":{"uv":[2.48,2.48,3.52,3.52],"texture":"#0"}}},{"from":[8,1.5,8],"to":[8.5,2,8.5],"faces":{"north":{"uv":[14.48,0.4799995,15.52,1.52],"texture":"#0"},"west":{"uv":[14.48,0.4799995,15.52,1.52],"texture":"#0"},"east":{"uv":[14.48,0.4799995,15.52,1.52],"texture":"#0"}}},{"from":[8,1.5,9.5],"to":[8.5,2.5,10],"faces":{"north":{"uv":[14.48,0.4799995,15.52,1.52],"texture":"#0"},"south":{"uv":[14.48,0.4799995,15.52,1.52],"texture":"#0"},"west":{"uv":[14.48,0.4799995,15.52,1.52],"texture":"#0"},"east":{"uv":[14.48,0.4799995,15.52,1.52],"texture":"#0"}}},{"from":[8,2,8],"to":[8.5,2.5,8.5],"faces":{"up":{"uv":[0.48,2.48,1.52,3.52],"texture":"#0"},"north":{"uv":[0.48,2.48,1.52,3.52],"texture":"#0"},"west":{"uv":[0.48,2.48,1.52,3.52],"texture":"#0"},"east":{"uv":[0.48,2.48,1.52,3.52],"texture":"#0"}}},{"from":[8,2,8.5],"to":[9,2.5,9.5],"faces":{"down":{"uv":[14.48,0.4799995,15.52,1.52],"texture":"#0"},"up":{"uv":[14.48,0.4799995,15.52,1.52],"texture":"#0"},"north":{"uv":[14.48,0.4799995,15.52,1.52],"texture":"#0"},"south":{"uv":[14.48,0.4799995,15.52,1.52],"texture":"#0"},"east":{"uv":[14.48,0.4799995,15.52,1.52],"texture":"#0"}}},{"from":[8,2.5,8.5],"to":[8.5,4,9],"faces":{"up":{"uv":[14.48,0.4799995,15.52,1.52],"texture":"#0"},"north":{"uv":[14.48,0.4799995,15.52,1.52],"texture":"#0"},"south":{"uv":[14.48,0.4799995,15.52,1.52],"texture":"#0"},"west":{"uv":[14.48,0.4799995,15.52,1.52],"texture":"#0"},"east":{"uv":[14.48,0.4799995,15.52,1.52],"texture":"#0"}}},{"from":[8,3,10],"to":[8.5,3.5,10.5],"faces":{"down":{"uv":[0.48,2.48,1.52,3.52],"texture":"#0"},"south":{"uv":[0.48,2.48,1.52,3.52],"texture":"#0"},"west":{"uv":[0.48,2.48,1.52,3.52],"texture":"#0"},"east":{"uv":[0.48,2.48,1.52,3.52],"texture":"#0"}}},{"from":[8,3.5,10],"to":[8.5,6,10.5],"faces":{"north":{"uv":[14.48,0.4799995,15.52,1.52],"texture":"#0"},"south":{"uv":[14.48,0.4799995,15.52,1.52],"texture":"#0"},"west":{"uv":[14.48,0.4799995,15.52,1.52],"texture":"#0"},"east":{"uv":[14.48,0.4799995,15.52,1.52],"texture":"#0"}}},{"from":[8,4,9],"to":[8.5,6.5,9.5],"faces":{"north":{"uv":[14.48,0.4799995,15.52,1.52],"texture":"#0"},"south":{"uv":[14.48,0.4799995,15.52,1.52],"texture":"#0"},"west":{"uv":[14.48,0.4799995,15.52,1.52],"texture":"#0"},"east":{"uv":[14.48,0.4799995,15.52,1.52],"texture":"#0"}}},{"from":[8,6,8.5],"to":[8.5,7.5,9],"faces":{"down":{"uv":[14.48,0.4799995,15.52,1.52],"texture":"#0"},"north":{"uv":[14.48,0.4799995,15.52,1.52],"texture":"#0"},"south":{"uv":[14.48,0.4799995,15.52,1.52],"texture":"#0"},"west":{"uv":[14.48,0.4799995,15.52,1.52],"texture":"#0"},"east":{"uv":[14.48,0.4799995,15.52,1.52],"texture":"#0"}}},{"from":[8,6,10],"to":[8.5,7,10.5],"faces":{"north":{"uv":[0.48,2.48,1.52,3.52],"texture":"#0"},"south":{"uv":[0.48,2.48,1.52,3.52],"texture":"#0"},"west":{"uv":[0.48,2.48,1.52,3.52],"texture":"#0"},"east":{"uv":[0.48,2.48,1.52,3.52],"texture":"#0"}}},{"from":[8,7,10],"to":[8.5,7.5,10.5],"faces":{"up":{"uv":[14.48,0.4799995,15.52,1.52],"texture":"#0"},"south":{"uv":[14.48,0.4799995,15.52,1.52],"texture":"#0"},"west":{"uv":[14.48,0.4799995,15.52,1.52],"texture":"#0"},"east":{"uv":[14.48,0.4799995,15.52,1.52],"texture":"#0"}}},{"from":[8,8,8],"to":[8.5,8.5,8.5],"faces":{"down":{"uv":[0.48,2.48,1.52,3.52],"texture":"#0"},"north":{"uv":[0.48,2.48,1.52,3.52],"texture":"#0"},"west":{"uv":[0.48,2.48,1.52,3.52],"texture":"#0"},"east":{"uv":[0.48,2.48,1.52,3.52],"texture":"#0"}}},{"from":[8,8,9.5],"to":[8.5,8.5,10],"faces":{"south":{"uv":[14.48,0.4799995,15.52,1.52],"texture":"#0"},"west":{"uv":[14.48,0.4799995,15.52,1.52],"texture":"#0"},"east":{"uv":[14.48,0.4799995,15.52,1.52],"texture":"#0"}}},{"from":[8,8.5,5],"to":[8.5,9,5.5],"faces":{"down":{"uv":[4.48,0.4799995,5.52,1.52],"texture":"#0"},"north":{"uv":[4.48,0.4799995,5.52,1.52],"texture":"#0"},"south":{"uv":[4.48,0.4799995,5.52,1.52],"texture":"#0"},"west":{"uv":[4.48,0.4799995,5.52,1.52],"texture":"#0"},"east":{"uv":[4.48,0.4799995,5.52,1.52],"texture":"#0"}}},{"from":[8,8.5,9.5],"to":[8.5,9.5,10],"faces":{"up":{"uv":[0.48,2.48,1.52,3.52],"texture":"#0"},"north":{"uv":[0.48,2.48,1.52,3.52],"texture":"#0"},"south":{"uv":[0.48,2.48,1.52,3.52],"texture":"#0"},"west":{"uv":[0.48,2.48,1.52,3.52],"texture":"#0"},"east":{"uv":[0.48,2.48,1.52,3.52],"texture":"#0"}}},{"from":[8,9,5],"to":[8.5,9.5,5.5],"faces":{"up":{"uv":[12.48,0.4799995,13.52,1.52],"texture":"#0"},"north":{"uv":[12.48,0.4799995,13.52,1.52],"texture":"#0"},"west":{"uv":[12.48,0.4799995,13.52,1.52],"texture":"#0"},"east":{"uv":[12.48,0.4799995,13.52,1.52],"texture":"#0"}}},{"from":[8,9,5.5],"to":[8.5,10,6],"faces":{"down":{"uv":[8.48,0.4799995,9.52,1.52],"texture":"#0"},"up":{"uv":[8.48,0.4799995,9.52,1.52],"texture":"#0"},"north":{"uv":[8.48,0.4799995,9.52,1.52],"texture":"#0"},"south":{"uv":[8.48,0.4799995,9.52,1.52],"texture":"#0"},"west":{"uv":[8.48,0.4799995,9.52,1.52],"texture":"#0"},"east":{"uv":[8.48,0.4799995,9.52,1.52],"texture":"#0"}}},{"from":[8,9,6],"to":[8.5,9.5,6.5],"faces":{"down":{"uv":[8.48,0.4799995,9.52,1.52],"texture":"#0"},"south":{"uv":[8.48,0.4799995,9.52,1.52],"texture":"#0"},"west":{"uv":[8.48,0.4799995,9.52,1.52],"texture":"#0"},"east":{"uv":[8.48,0.4799995,9.52,1.52],"texture":"#0"}}},{"from":[8,9,7.5],"to":[8.5,9.5,8],"faces":{"down":{"uv":[14.48,0.4799995,15.52,1.52],"texture":"#0"},"north":{"uv":[14.48,0.4799995,15.52,1.52],"texture":"#0"},"west":{"uv":[14.48,0.4799995,15.52,1.52],"texture":"#0"},"east":{"uv":[14.48,0.4799995,15.52,1.52],"texture":"#0"}}},{"from":[8,9.5,6.5],"to":[8.5,10,7.5],"faces":{"down":{"uv":[14.48,0.4799995,15.52,1.52],"texture":"#0"},"up":{"uv":[14.48,0.4799995,15.52,1.52],"texture":"#0"},"west":{"uv":[14.48,0.4799995,15.52,1.52],"texture":"#0"},"east":{"uv":[14.48,0.4799995,15.52,1.52],"texture":"#0"}}},{"from":[8,9.5,9],"to":[8.5,10,9.5],"faces":{"south":{"uv":[14.48,2.48,15.52,3.52],"texture":"#0"}}},{"from":[8,10,6],"to":[8.5,10.5,6.5],"faces":{"up":{"uv":[10.48,0.4799995,11.52,1.52],"texture":"#0"},"north":{"uv":[10.48,0.4799995,11.52,1.52],"texture":"#0"}}},{"from":[8,10,9],"to":[8.5,10.5,9.5],"faces":{"south":{"uv":[14.48,0.4799995,15.52,1.52],"texture":"#0"},"west":{"uv":[14.48,0.4799995,15.52,1.52],"texture":"#0"},"east":{"uv":[14.48,0.4799995,15.52,1.52],"texture":"#0"}}},{"from":[8,10.5,6.5],"to":[8.5,11,7],"faces":{"north":{"uv":[8.48,0.4799995,9.52,1.52],"texture":"#0"}}},{"from":[8,11,6],"to":[8.5,11.5,6.5],"faces":{"down":{"uv":[12.48,0.4799995,13.52,1.52],"texture":"#0"},"north":{"uv":[12.48,0.4799995,13.52,1.52],"texture":"#0"}}},{"from":[8,11,7.5],"to":[8.5,12,8],"faces":{"north":{"uv":[4.48,0.4799995,5.52,1.52],"texture":"#0"},"south":{"uv":[4.48,0.4799995,5.52,1.52],"texture":"#0"}}},{"from":[8,11,9.5],"to":[8.5,11.5,10],"faces":{"down":{"uv":[12.48,0.4799995,13.52,1.52],"texture":"#0"},"south":{"uv":[12.48,0.4799995,13.52,1.52],"texture":"#0"},"west":{"uv":[12.48,0.4799995,13.52,1.52],"texture":"#0"},"east":{"uv":[12.48,0.4799995,13.52,1.52],"texture":"#0"}}},{"from":[8,11.5,9],"to":[8.5,12,9.5],"faces":{"west":{"uv":[8.48,2.48,9.52,3.52],"texture":"#0"},"east":{"uv":[8.48,2.48,9.52,3.52],"texture":"#0"}}},{"from":[8,11.5,9.5],"to":[8.5,12,10],"faces":{"up":{"uv":[2.48,0.4799995,3.52,1.52],"texture":"#0"},"south":{"uv":[2.48,0.4799995,3.52,1.52],"texture":"#0"},"west":{"uv":[2.48,0.4799995,3.52,1.52],"texture":"#0"},"east":{"uv":[2.48,0.4799995,3.52,1.52],"texture":"#0"}}},{"from":[8,12,5],"to":[8.5,12.5,5.5],"faces":{"down":{"uv":[2.48,0.4799995,3.52,1.52],"texture":"#0"},"north":{"uv":[2.48,0.4799995,3.52,1.52],"texture":"#0"}}},{"from":[8,12,7],"to":[8.5,12.5,8],"faces":{"down":{"uv":[8.48,0.4799995,9.52,1.52],"texture":"#0"},"up":{"uv":[8.48,0.4799995,9.52,1.52],"texture":"#0"},"west":{"uv":[8.48,0.4799995,9.52,1.52],"texture":"#0"},"east":{"uv":[8.48,0.4799995,9.52,1.52],"texture":"#0"}}},{"from":[8,12,9],"to":[8.5,12.5,9.5],"faces":{"up":{"uv":[0.48,4.48,1.52,5.52],"texture":"#0"},"south":{"uv":[0.48,4.48,1.52,5.52],"texture":"#0"},"west":{"uv":[0.48,4.48,1.52,5.52],"texture":"#0"},"east":{"uv":[0.48,4.48,1.52,5.52],"texture":"#0"}}},{"from":[8,12.5,5],"to":[8.5,13,5.5],"faces":{"north":{"uv":[10.48,0.4799995,11.52,1.52],"texture":"#0"}}},{"from":[8,12.5,6],"to":[8.5,13,7],"faces":{"up":{"uv":[6.48,0.4799995,7.52,1.52],"texture":"#0"},"west":{"uv":[6.48,0.4799995,7.52,1.52],"texture":"#0"},"east":{"uv":[6.48,0.4799995,7.52,1.52],"texture":"#0"}}},{"from":[8,12.5,8],"to":[8.5,13,9],"faces":{"down":{"uv":[2.48,4.48,3.52,5.52],"texture":"#0"},"up":{"uv":[2.48,4.48,3.52,5.52],"texture":"#0"},"south":{"uv":[2.48,4.48,3.52,5.52],"texture":"#0"},"west":{"uv":[2.48,4.48,3.52,5.52],"texture":"#0"},"east":{"uv":[2.48,4.48,3.52,5.52],"texture":"#0"}}},{"from":[8,13,5],"to":[8.5,13.5,5.5],"faces":{"north":{"uv":[6.48,0.4799995,7.52,1.52],"texture":"#0"}}},{"from":[8,13,8],"to":[8.5,13.5,8.5],"faces":{"south":{"uv":[12.48,2.48,13.52,3.52],"texture":"#0"},"west":{"uv":[12.48,2.48,13.52,3.52],"texture":"#0"},"east":{"uv":[12.48,2.48,13.52,3.52],"texture":"#0"}}},{"from":[8,13.5,5],"to":[8.5,14,5.5],"faces":{"north":{"uv":[4.48,2.48,5.52,3.52],"texture":"#0"},"west":{"uv":[4.48,2.48,5.52,3.52],"texture":"#0"},"east":{"uv":[4.48,2.48,5.52,3.52],"texture":"#0"}}},{"from":[8,13.5,5.5],"to":[8.5,14.5,6],"faces":{"north":{"uv":[8.48,0.4799995,9.52,1.52],"texture":"#0"},"south":{"uv":[8.48,0.4799995,9.52,1.52],"texture":"#0"}}},{"from":[8,13.5,8],"to":[8.5,14,8.5],"faces":{"up":{"uv":[10.48,2.48,11.52,3.52],"texture":"#0"},"south":{"uv":[10.48,2.48,11.52,3.52],"texture":"#0"},"west":{"uv":[10.48,2.48,11.52,3.52],"texture":"#0"},"east":{"uv":[10.48,2.48,11.52,3.52],"texture":"#0"}}},{"from":[8,14,4.5],"to":[8.5,16,5],"faces":{"down":{"uv":[2.48,2.48,3.52,3.52],"texture":"#0"},"up":{"uv":[2.48,2.48,3.52,3.52],"texture":"#0"},"north":{"uv":[2.48,2.48,3.52,3.52],"texture":"#0"},"south":{"uv":[2.48,2.48,3.52,3.52],"texture":"#0"},"west":{"uv":[2.48,2.48,3.52,3.52],"texture":"#0"},"east":{"uv":[2.48,2.48,3.52,3.52],"texture":"#0"}}},{"from":[8,14,5],"to":[8.5,15,5.5],"faces":{"south":{"uv":[6.48,2.48,7.52,3.52],"texture":"#0"},"west":{"uv":[6.48,2.48,7.52,3.52],"texture":"#0"},"east":{"uv":[6.48,2.48,7.52,3.52],"texture":"#0"}}},{"from":[8,14,7],"to":[8.5,15,7.5],"faces":{"north":{"uv":[10.48,0.4799995,11.52,1.52],"texture":"#0"}}},{"from":[8,14,7.5],"to":[8.5,15,8],"faces":{"south":{"uv":[8.48,2.48,9.52,3.52],"texture":"#0"},"west":{"uv":[8.48,2.48,9.52,3.52],"texture":"#0"},"east":{"uv":[8.48,2.48,9.52,3.52],"texture":"#0"}}},{"from":[8,14,9],"to":[8.5,14.5,9.5],"faces":{"down":{"uv":[10.48,2.48,11.52,3.52],"texture":"#0"},"up":{"uv":[10.48,2.48,11.52,3.52],"texture":"#0"},"north":{"uv":[10.48,2.48,11.52,3.52],"texture":"#0"},"south":{"uv":[10.48,2.48,11.52,3.52],"texture":"#0"},"west":{"uv":[10.48,2.48,11.52,3.52],"texture":"#0"},"east":{"uv":[10.48,2.48,11.52,3.52],"texture":"#0"}}},{"from":[8,14.5,8],"to":[8.5,15,9],"faces":{"down":{"uv":[0.48,4.48,1.52,5.52],"texture":"#0"},"up":{"uv":[0.48,4.48,1.52,5.52],"texture":"#0"},"south":{"uv":[0.48,4.48,1.52,5.52],"texture":"#0"},"west":{"uv":[0.48,4.48,1.52,5.52],"texture":"#0"},"east":{"uv":[0.48,4.48,1.52,5.52],"texture":"#0"}}},{"from":[8,15,5],"to":[8.5,18,5.5],"faces":{"up":{"uv":[2.48,2.48,3.52,3.52],"texture":"#0"},"north":{"uv":[2.48,2.48,3.52,3.52],"texture":"#0"},"south":{"uv":[2.48,2.48,3.52,3.52],"texture":"#0"},"west":{"uv":[2.48,2.48,3.52,3.52],"texture":"#0"},"east":{"uv":[2.48,2.48,3.52,3.52],"texture":"#0"}}},{"from":[8,15,7],"to":[8.5,15.5,7.5],"faces":{"west":{"uv":[8.48,2.48,9.52,3.52],"texture":"#0"},"east":{"uv":[8.48,2.48,9.52,3.52],"texture":"#0"}}},{"from":[8,15,7.5],"to":[8.5,15.5,8],"faces":{"west":{"uv":[10.48,2.48,11.52,3.52],"texture":"#0"},"east":{"uv":[10.48,2.48,11.52,3.52],"texture":"#0"}}},{"from":[8,15,8],"to":[8.5,15.5,8.5],"faces":{"up":{"uv":[12.48,2.48,13.52,3.52],"texture":"#0"},"south":{"uv":[12.48,2.48,13.52,3.52],"texture":"#0"},"west":{"uv":[12.48,2.48,13.52,3.52],"texture":"#0"},"east":{"uv":[12.48,2.48,13.52,3.52],"texture":"#0"}}},{"from":[8,15.5,5.5],"to":[8.5,16,6],"faces":{"west":{"uv":[4.48,2.48,5.52,3.52],"texture":"#0"},"east":{"uv":[4.48,2.48,5.52,3.52],"texture":"#0"}}},{"from":[8,15.5,7],"to":[8.5,16,8],"faces":{"down":{"uv":[12.48,2.48,13.52,3.52],"texture":"#0"},"up":{"uv":[12.48,2.48,13.52,3.52],"texture":"#0"},"south":{"uv":[12.48,2.48,13.52,3.52],"texture":"#0"},"west":{"uv":[12.48,2.48,13.52,3.52],"texture":"#0"},"east":{"uv":[12.48,2.48,13.52,3.52],"texture":"#0"}}},{"from":[8,16,5.5],"to":[8.5,17,6],"faces":{"south":{"uv":[6.48,2.48,7.52,3.52],"texture":"#0"},"west":{"uv":[6.48,2.48,7.52,3.52],"texture":"#0"},"east":{"uv":[6.48,2.48,7.52,3.52],"texture":"#0"}}},{"from":[8,16,7],"to":[8.5,16.5,7.5],"faces":{"west":{"uv":[0.48,4.48,1.52,5.52],"texture":"#0"},"east":{"uv":[0.48,4.48,1.52,5.52],"texture":"#0"}}},{"from":[8,16,7.5],"to":[8.5,16.5,8],"faces":{"south":{"uv":[2.48,4.48,3.52,5.52],"texture":"#0"},"west":{"uv":[2.48,4.48,3.52,5.52],"texture":"#0"},"east":{"uv":[2.48,4.48,3.52,5.52],"texture":"#0"}}},{"from":[8,16,9],"to":[8.5,16.5,9.5],"faces":{"down":{"uv":[4.48,4.48,5.52,5.52],"texture":"#0"},"up":{"uv":[4.48,4.48,5.52,5.52],"texture":"#0"},"north":{"uv":[4.48,4.48,5.52,5.52],"texture":"#0"},"south":{"uv":[4.48,4.48,5.52,5.52],"texture":"#0"},"west":{"uv":[4.48,4.48,5.52,5.52],"texture":"#0"},"east":{"uv":[4.48,4.48,5.52,5.52],"texture":"#0"}}},{"from":[8,16.5,6],"to":[8.5,17,6.5],"faces":{"west":{"uv":[4.48,2.48,5.52,3.52],"texture":"#0"},"east":{"uv":[4.48,2.48,5.52,3.52],"texture":"#0"}}},{"from":[8,16.5,7],"to":[8.5,17,7.5],"faces":{"west":{"uv":[4.48,4.48,5.52,5.52],"texture":"#0"},"east":{"uv":[4.48,4.48,5.52,5.52],"texture":"#0"}}},{"from":[8,16.5,7.5],"to":[8.5,17,8],"faces":{"west":{"uv":[10.48,2.48,11.52,3.52],"texture":"#0"},"east":{"uv":[10.48,2.48,11.52,3.52],"texture":"#0"}}},{"from":[8,16.5,8],"to":[8.5,17,8.5],"faces":{"down":{"uv":[12.48,2.48,13.52,3.52],"texture":"#0"},"west":{"uv":[12.48,2.48,13.52,3.52],"texture":"#0"},"east":{"uv":[12.48,2.48,13.52,3.52],"texture":"#0"}}},{"from":[8,16.5,8.5],"to":[8.5,17,9],"faces":{"down":{"uv":[2.48,4.48,3.52,5.52],"texture":"#0"},"up":{"uv":[2.48,4.48,3.52,5.52],"texture":"#0"},"south":{"uv":[2.48,4.48,3.52,5.52],"texture":"#0"},"west":{"uv":[2.48,4.48,3.52,5.52],"texture":"#0"},"east":{"uv":[2.48,4.48,3.52,5.52],"texture":"#0"}}},{"from":[8,17,5.5],"to":[8.5,20.5,6],"faces":{"north":{"uv":[2.48,2.48,3.52,3.52],"texture":"#0"},"south":{"uv":[2.48,2.48,3.52,3.52],"texture":"#0"},"west":{"uv":[2.48,2.48,3.52,3.52],"texture":"#0"},"east":{"uv":[2.48,2.48,3.52,3.52],"texture":"#0"}}},{"from":[8,17,6],"to":[8.5,17.5,6.5],"faces":{"west":{"uv":[6.48,2.48,7.52,3.52],"texture":"#0"},"east":{"uv":[6.48,2.48,7.52,3.52],"texture":"#0"}}},{"from":[8,17,7],"to":[8.5,17.5,8],"faces":{"down":{"uv":[0.48,4.48,1.52,5.52],"texture":"#0"},"up":{"uv":[0.48,4.48,1.52,5.52],"texture":"#0"},"west":{"uv":[0.48,4.48,1.52,5.52],"texture":"#0"},"east":{"uv":[0.48,4.48,1.52,5.52],"texture":"#0"}}},{"from":[8,17,8],"to":[8.5,17.5,8.5],"faces":{"south":{"uv":[10.48,2.48,11.52,3.52],"texture":"#0"},"west":{"uv":[10.48,2.48,11.52,3.52],"texture":"#0"},"east":{"uv":[10.48,2.48,11.52,3.52],"texture":"#0"}}},{"from":[8,17.5,7.5],"to":[8.5,18,8],"faces":{"west":{"uv":[12.48,2.48,13.52,3.52],"texture":"#0"},"east":{"uv":[12.48,2.48,13.52,3.52],"texture":"#0"}}},{"from":[8,17.5,8],"to":[8.5,18.5,8.5],"faces":{"north":{"uv":[0.48,4.48,1.52,5.52],"texture":"#0"},"south":{"uv":[0.48,4.48,1.52,5.52],"texture":"#0"},"west":{"uv":[0.48,4.48,1.52,5.52],"texture":"#0"},"east":{"uv":[0.48,4.48,1.52,5.52],"texture":"#0"}}},{"from":[8,18,7.5],"to":[8.5,18.5,8],"faces":{"west":{"uv":[4.48,4.48,5.52,5.52],"texture":"#0"},"east":{"uv":[4.48,4.48,5.52,5.52],"texture":"#0"}}},{"from":[8,18.5,6],"to":[8.5,19,6.5],"faces":{"west":{"uv":[6.48,2.48,7.52,3.52],"texture":"#0"},"east":{"uv":[6.48,2.48,7.52,3.52],"texture":"#0"}}},{"from":[8,18.5,6.5],"to":[8.5,19,7.5],"faces":{"down":{"uv":[12.48,0.4799995,13.52,1.52],"texture":"#0"},"up":{"uv":[12.48,0.4799995,13.52,1.52],"texture":"#0"}}},{"from":[8,18.5,7.5],"to":[8.5,19,8],"faces":{"west":{"uv":[10.48,2.48,11.52,3.52],"texture":"#0"},"east":{"uv":[10.48,2.48,11.52,3.52],"texture":"#0"}}},{"from":[8,18.5,8],"to":[8.5,19.5,8.5],"faces":{"north":{"uv":[4.48,4.48,5.52,5.52],"texture":"#0"},"south":{"uv":[4.48,4.48,5.52,5.52],"texture":"#0"},"west":{"uv":[4.48,4.48,5.52,5.52],"texture":"#0"},"east":{"uv":[4.48,4.48,5.52,5.52],"texture":"#0"}}},{"from":[8,19,5],"to":[8.5,20.5,5.5],"faces":{"down":{"uv":[2.48,2.48,3.52,3.52],"texture":"#0"},"north":{"uv":[2.48,2.48,3.52,3.52],"texture":"#0"},"west":{"uv":[2.48,2.48,3.52,3.52],"texture":"#0"},"east":{"uv":[2.48,2.48,3.52,3.52],"texture":"#0"}}},{"from":[8,19,6],"to":[8.5,20,6.5],"faces":{"south":{"uv":[2.48,2.48,3.52,3.52],"texture":"#0"},"west":{"uv":[2.48,2.48,3.52,3.52],"texture":"#0"},"east":{"uv":[2.48,2.48,3.52,3.52],"texture":"#0"}}},{"from":[8,19,6.5],"to":[8.5,19.5,7],"faces":{"west":{"uv":[4.48,2.48,5.52,3.52],"texture":"#0"},"east":{"uv":[4.48,2.48,5.52,3.52],"texture":"#0"}}},{"from":[8,19,8.5],"to":[8.5,19.5,9],"faces":{"down":{"uv":[10.48,2.48,11.52,3.52],"texture":"#0"},"south":{"uv":[10.48,2.48,11.52,3.52],"texture":"#0"},"west":{"uv":[10.48,2.48,11.52,3.52],"texture":"#0"},"east":{"uv":[10.48,2.48,11.52,3.52],"texture":"#0"}}},{"from":[8,19.5,6.5],"to":[8.5,20,7],"faces":{"west":{"uv":[6.48,2.48,7.52,3.52],"texture":"#0"},"east":{"uv":[6.48,2.48,7.52,3.52],"texture":"#0"}}},{"from":[8,19.5,8],"to":[8.5,20,9],"faces":{"down":{"uv":[2.48,4.48,3.52,5.52],"texture":"#0"},"up":{"uv":[2.48,4.48,3.52,5.52],"texture":"#0"},"south":{"uv":[2.48,4.48,3.52,5.52],"texture":"#0"},"west":{"uv":[2.48,4.48,3.52,5.52],"texture":"#0"},"east":{"uv":[2.48,4.48,3.52,5.52],"texture":"#0"}}},{"from":[8,20,6],"to":[8.5,20.5,6.5],"faces":{"west":{"uv":[6.48,2.48,7.52,3.52],"texture":"#0"},"east":{"uv":[6.48,2.48,7.52,3.52],"texture":"#0"}}},{"from":[8,20,8],"to":[8.5,20.5,8.5],"faces":{"west":{"uv":[8.48,2.48,9.52,3.52],"texture":"#0"},"east":{"uv":[8.48,2.48,9.52,3.52],"texture":"#0"}}},{"from":[8,20,8.5],"to":[8.5,20.5,9],"faces":{"west":{"uv":[2.48,4.48,3.52,5.52],"texture":"#0"},"east":{"uv":[2.48,4.48,3.52,5.52],"texture":"#0"}}},{"from":[8,20,9],"to":[8.5,20.5,9.5],"faces":{"down":{"uv":[10.48,2.48,11.52,3.52],"texture":"#0"},"south":{"uv":[10.48,2.48,11.52,3.52],"texture":"#0"},"west":{"uv":[10.48,2.48,11.52,3.52],"texture":"#0"},"east":{"uv":[10.48,2.48,11.52,3.52],"texture":"#0"}}},{"from":[8,20.5,4],"to":[8.5,21,4.5],"faces":{"down":{"uv":[8.48,0.4799995,9.52,1.52],"texture":"#0"},"north":{"uv":[8.48,0.4799995,9.52,1.52],"texture":"#0"}}},{"from":[8,20.5,5.5],"to":[8.5,21,6],"faces":{"west":{"uv":[4.48,2.48,5.52,3.52],"texture":"#0"},"east":{"uv":[4.48,2.48,5.52,3.52],"texture":"#0"}}},{"from":[8,20.5,8.5],"to":[8.5,21,9],"faces":{"west":{"uv":[12.48,2.48,13.52,3.52],"texture":"#0"},"east":{"uv":[12.48,2.48,13.52,3.52],"texture":"#0"}}},{"from":[8,20.5,9],"to":[8.5,21,9.5],"faces":{"south":{"uv":[8.48,2.48,9.52,3.52],"texture":"#0"},"west":{"uv":[8.48,2.48,9.52,3.52],"texture":"#0"},"east":{"uv":[8.48,2.48,9.52,3.52],"texture":"#0"}}},{"from":[8,21,4],"to":[8.5,21.5,4.5],"faces":{"north":{"uv":[2.48,0.4799995,3.52,1.52],"texture":"#0"}}},{"from":[8,21,5.5],"to":[8.5,22,6],"faces":{"north":{"uv":[12.48,0.4799995,13.52,1.52],"texture":"#0"},"south":{"uv":[12.48,0.4799995,13.52,1.52],"texture":"#0"},"west":{"uv":[12.48,0.4799995,13.52,1.52],"texture":"#0"},"east":{"uv":[12.48,0.4799995,13.52,1.52],"texture":"#0"}}},{"from":[8,21,6.5],"to":[8.5,22,7],"faces":{"north":{"uv":[6.48,0.4799995,7.52,1.52],"texture":"#0"},"south":{"uv":[6.48,0.4799995,7.52,1.52],"texture":"#0"},"west":{"uv":[6.48,0.4799995,7.52,1.52],"texture":"#0"},"east":{"uv":[6.48,0.4799995,7.52,1.52],"texture":"#0"}}},{"from":[8,21,8.5],"to":[9,21.5,9],"faces":{"down":{"uv":[10.48,0.4799995,11.52,1.52],"texture":"#0"},"north":{"uv":[10.48,0.4799995,11.52,1.52],"texture":"#0"},"south":{"uv":[10.48,0.4799995,11.52,1.52],"texture":"#0"},"east":{"uv":[10.48,0.4799995,11.52,1.52],"texture":"#0"}}},{"from":[8,21,9],"to":[8.5,21.5,9.5],"faces":{"west":{"uv":[0.48,4.48,1.52,5.52],"texture":"#0"},"east":{"uv":[0.48,4.48,1.52,5.52],"texture":"#0"}}},{"from":[8,21,9.5],"to":[8.5,22,10],"faces":{"down":{"uv":[4.48,4.48,5.52,5.52],"texture":"#0"},"north":{"uv":[4.48,4.48,5.52,5.52],"texture":"#0"},"south":{"uv":[4.48,4.48,5.52,5.52],"texture":"#0"},"west":{"uv":[4.48,4.48,5.52,5.52],"texture":"#0"},"east":{"uv":[4.48,4.48,5.52,5.52],"texture":"#0"}}},{"from":[8,21.5,3.5],"to":[8.5,22,4],"faces":{"down":{"uv":[2.48,2.48,3.52,3.52],"texture":"#0"},"north":{"uv":[2.48,2.48,3.52,3.52],"texture":"#0"},"west":{"uv":[2.48,2.48,3.52,3.52],"texture":"#0"},"east":{"uv":[2.48,2.48,3.52,3.52],"texture":"#0"}}},{"from":[8,21.5,4.5],"to":[8.5,22.5,5],"faces":{"north":{"uv":[8.48,0.4799995,9.52,1.52],"texture":"#0"},"west":{"uv":[8.48,0.4799995,9.52,1.52],"texture":"#0"},"east":{"uv":[8.48,0.4799995,9.52,1.52],"texture":"#0"}}},{"from":[8,21.5,7.5],"to":[8.5,22.5,8],"faces":{"north":{"uv":[2.48,0.4799995,3.52,1.52],"texture":"#0"},"west":{"uv":[2.48,0.4799995,3.52,1.52],"texture":"#0"},"east":{"uv":[2.48,0.4799995,3.52,1.52],"texture":"#0"}}},{"from":[8,21.5,9],"to":[8.5,22,9.5],"faces":{"west":{"uv":[8.48,2.48,9.52,3.52],"texture":"#0"},"east":{"uv":[8.48,2.48,9.52,3.52],"texture":"#0"}}},{"from":[8,21.5,10],"to":[8.5,22,10.5],"faces":{"down":{"uv":[0.48,4.48,1.52,5.52],"texture":"#0"},"south":{"uv":[0.48,4.48,1.52,5.52],"texture":"#0"},"west":{"uv":[0.48,4.48,1.52,5.52],"texture":"#0"},"east":{"uv":[0.48,4.48,1.52,5.52],"texture":"#0"}}},{"from":[8,22,3.5],"to":[8.5,22.5,4],"faces":{"north":{"uv":[10.48,0.4799995,11.52,1.52],"texture":"#0"}}},{"from":[8,22,6],"to":[8.5,22.5,7],"faces":{"down":{"uv":[6.48,2.48,7.52,3.52],"texture":"#0"},"west":{"uv":[6.48,2.48,7.52,3.52],"texture":"#0"},"east":{"uv":[6.48,2.48,7.52,3.52],"texture":"#0"}}},{"from":[8,22,7],"to":[8.5,22.5,7.5],"faces":{"west":{"uv":[4.48,2.48,5.52,3.52],"texture":"#0"},"east":{"uv":[4.48,2.48,5.52,3.52],"texture":"#0"}}},{"from":[8,22,10],"to":[8.5,22.5,10.5],"faces":{"west":{"uv":[2.48,4.48,3.52,5.52],"texture":"#0"},"east":{"uv":[2.48,4.48,3.52,5.52],"texture":"#0"}}},{"from":[8,22,10.5],"to":[8.5,22.5,11],"faces":{"down":{"uv":[4.48,4.48,5.52,5.52],"texture":"#0"},"south":{"uv":[4.48,4.48,5.52,5.52],"texture":"#0"},"west":{"uv":[4.48,4.48,5.52,5.52],"texture":"#0"},"east":{"uv":[4.48,4.48,5.52,5.52],"texture":"#0"}}},{"from":[8,22.5,3],"to":[8.5,23.5,3.5],"faces":{"down":{"uv":[2.48,2.48,3.52,3.52],"texture":"#0"},"up":{"uv":[2.48,2.48,3.52,3.52],"texture":"#0"},"north":{"uv":[2.48,2.48,3.52,3.52],"texture":"#0"},"south":{"uv":[2.48,2.48,3.52,3.52],"texture":"#0"},"west":{"uv":[2.48,2.48,3.52,3.52],"texture":"#0"},"east":{"uv":[2.48,2.48,3.52,3.52],"texture":"#0"}}},{"from":[8,22.5,4.5],"to":[8.5,23,7],"faces":{"down":{"uv":[2.48,2.48,3.52,3.52],"texture":"#0"},"up":{"uv":[2.48,2.48,3.52,3.52],"texture":"#0"},"west":{"uv":[2.48,2.48,3.52,3.52],"texture":"#0"},"east":{"uv":[2.48,2.48,3.52,3.52],"texture":"#0"}}},{"from":[8,22.5,7],"to":[8.5,23,8],"faces":{"down":{"uv":[6.48,2.48,7.52,3.52],"texture":"#0"},"west":{"uv":[6.48,2.48,7.52,3.52],"texture":"#0"},"east":{"uv":[6.48,2.48,7.52,3.52],"texture":"#0"}}},{"from":[8,22.5,8],"to":[8.5,23,8.5],"faces":{"west":{"uv":[4.48,2.48,5.52,3.52],"texture":"#0"},"east":{"uv":[4.48,2.48,5.52,3.52],"texture":"#0"}}},{"from":[8,22.5,9],"to":[8.5,23,10],"faces":{"down":{"uv":[12.48,0.4799995,13.52,1.52],"texture":"#0"},"west":{"uv":[12.48,0.4799995,13.52,1.52],"texture":"#0"},"east":{"uv":[12.48,0.4799995,13.52,1.52],"texture":"#0"}}},{"from":[8,22.5,11],"to":[8.5,23,11.5],"faces":{"down":{"uv":[0.48,4.48,1.52,5.52],"texture":"#0"},"south":{"uv":[0.48,4.48,1.52,5.52],"texture":"#0"},"west":{"uv":[0.48,4.48,1.52,5.52],"texture":"#0"},"east":{"uv":[0.48,4.48,1.52,5.52],"texture":"#0"}}},{"from":[8,23,3.5],"to":[8.5,23.5,4.5],"faces":{"down":{"uv":[2.48,2.48,3.52,3.52],"texture":"#0"},"up":{"uv":[2.48,2.48,3.52,3.52],"texture":"#0"},"south":{"uv":[2.48,2.48,3.52,3.52],"texture":"#0"},"west":{"uv":[2.48,2.48,3.52,3.52],"texture":"#0"},"east":{"uv":[2.48,2.48,3.52,3.52],"texture":"#0"}}},{"from":[8,23,6],"to":[8.5,23.5,8.5],"faces":{"down":{"uv":[2.48,2.48,3.52,3.52],"texture":"#0"},"up":{"uv":[2.48,2.48,3.52,3.52],"texture":"#0"},"north":{"uv":[2.48,2.48,3.52,3.52],"texture":"#0"},"west":{"uv":[2.48,2.48,3.52,3.52],"texture":"#0"},"east":{"uv":[2.48,2.48,3.52,3.52],"texture":"#0"}}},{"from":[8,23,8.5],"to":[8.5,23.5,9],"faces":{"west":{"uv":[6.48,2.48,7.52,3.52],"texture":"#0"},"east":{"uv":[6.48,2.48,7.52,3.52],"texture":"#0"}}},{"from":[8,23,11],"to":[9,23.5,11.5],"faces":{"down":{"uv":[6.48,0.4799995,7.52,1.52],"texture":"#0"},"up":{"uv":[6.48,0.4799995,7.52,1.52],"texture":"#0"},"north":{"uv":[6.48,0.4799995,7.52,1.52],"texture":"#0"},"south":{"uv":[6.48,0.4799995,7.52,1.52],"texture":"#0"},"east":{"uv":[6.48,0.4799995,7.52,1.52],"texture":"#0"}}},{"from":[8,23.5,7],"to":[8.5,24,9],"faces":{"down":{"uv":[2.48,2.48,3.52,3.52],"texture":"#0"},"up":{"uv":[2.48,2.48,3.52,3.52],"texture":"#0"},"north":{"uv":[2.48,2.48,3.52,3.52],"texture":"#0"},"west":{"uv":[2.48,2.48,3.52,3.52],"texture":"#0"},"east":{"uv":[2.48,2.48,3.52,3.52],"texture":"#0"}}},{"from":[8,23.5,9],"to":[8.5,24,9.5],"faces":{"west":{"uv":[6.48,2.48,7.52,3.52],"texture":"#0"},"east":{"uv":[6.48,2.48,7.52,3.52],"texture":"#0"}}},{"from":[8,23.5,9.5],"to":[8.5,24,10],"faces":{"west":{"uv":[4.48,2.48,5.52,3.52],"texture":"#0"},"east":{"uv":[4.48,2.48,5.52,3.52],"texture":"#0"}}},{"from":[8,23.5,11.5],"to":[8.5,24,12],"faces":{"down":{"uv":[4.48,0.4799995,5.52,1.52],"texture":"#0"},"south":{"uv":[4.48,0.4799995,5.52,1.52],"texture":"#0"}}},{"from":[8,24,8],"to":[8.5,24.5,9.5],"faces":{"down":{"uv":[2.48,2.48,3.52,3.52],"texture":"#0"},"up":{"uv":[2.48,2.48,3.52,3.52],"texture":"#0"},"north":{"uv":[2.48,2.48,3.52,3.52],"texture":"#0"},"west":{"uv":[2.48,2.48,3.52,3.52],"texture":"#0"},"east":{"uv":[2.48,2.48,3.52,3.52],"texture":"#0"}}},{"from":[8,24,12],"to":[8.5,24.5,12.5],"faces":{"down":{"uv":[12.48,0.4799995,13.52,1.52],"texture":"#0"},"south":{"uv":[12.48,0.4799995,13.52,1.52],"texture":"#0"},"west":{"uv":[12.48,0.4799995,13.52,1.52],"texture":"#0"},"east":{"uv":[12.48,0.4799995,13.52,1.52],"texture":"#0"}}},{"from":[8,24.5,9.5],"to":[8.5,25,11],"faces":{"down":{"uv":[2.48,2.48,3.52,3.52],"texture":"#0"},"up":{"uv":[2.48,2.48,3.52,3.52],"texture":"#0"},"north":{"uv":[2.48,2.48,3.52,3.52],"texture":"#0"},"west":{"uv":[2.48,2.48,3.52,3.52],"texture":"#0"},"east":{"uv":[2.48,2.48,3.52,3.52],"texture":"#0"}}},{"from":[8,24.5,12.5],"to":[8.5,25,13],"faces":{"down":{"uv":[8.48,0.4799995,9.52,1.52],"texture":"#0"},"south":{"uv":[8.48,0.4799995,9.52,1.52],"texture":"#0"}}},{"from":[8,25,11],"to":[8.5,25.5,12.5],"faces":{"down":{"uv":[2.48,2.48,3.52,3.52],"texture":"#0"},"up":{"uv":[2.48,2.48,3.52,3.52],"texture":"#0"},"north":{"uv":[2.48,2.48,3.52,3.52],"texture":"#0"},"west":{"uv":[2.48,2.48,3.52,3.52],"texture":"#0"},"east":{"uv":[2.48,2.48,3.52,3.52],"texture":"#0"}}},{"from":[8,25,13],"to":[8.5,26,14],"faces":{"down":{"uv":[2.48,2.48,3.52,3.52],"texture":"#0"},"up":{"uv":[2.48,2.48,3.52,3.52],"texture":"#0"},"north":{"uv":[2.48,2.48,3.52,3.52],"texture":"#0"},"south":{"uv":[2.48,2.48,3.52,3.52],"texture":"#0"},"west":{"uv":[2.48,2.48,3.52,3.52],"texture":"#0"},"east":{"uv":[2.48,2.48,3.52,3.52],"texture":"#0"}}},{"from":[8,25.5,12.5],"to":[8.5,26,13],"faces":{"up":{"uv":[2.48,2.48,3.52,3.52],"texture":"#0"},"north":{"uv":[2.48,2.48,3.52,3.52],"texture":"#0"},"west":{"uv":[2.48,2.48,3.52,3.52],"texture":"#0"},"east":{"uv":[2.48,2.48,3.52,3.52],"texture":"#0"}}},{"from":[8,25.5,14],"to":[8.5,26,15],"faces":{"down":{"uv":[2.48,2.48,3.52,3.52],"texture":"#0"},"up":{"uv":[2.48,2.48,3.52,3.52],"texture":"#0"},"south":{"uv":[2.48,2.48,3.52,3.52],"texture":"#0"},"west":{"uv":[2.48,2.48,3.52,3.52],"texture":"#0"},"east":{"uv":[2.48,2.48,3.52,3.52],"texture":"#0"}}},{"from":[8.5,0,9.5],"to":[9,0.5,10],"faces":{"down":{"uv":[4.48,0.4799995,5.52,1.52],"texture":"#0"},"north":{"uv":[4.48,0.4799995,5.52,1.52],"texture":"#0"},"east":{"uv":[4.48,0.4799995,5.52,1.52],"texture":"#0"}}},{"from":[8.5,0,10],"to":[9,1,10.5],"faces":{"down":{"uv":[6.48,0.4799995,7.52,1.52],"texture":"#0"},"up":{"uv":[6.48,0.4799995,7.52,1.52],"texture":"#0"},"north":{"uv":[6.48,0.4799995,7.52,1.52],"texture":"#0"},"south":{"uv":[6.48,0.4799995,7.52,1.52],"texture":"#0"},"east":{"uv":[6.48,0.4799995,7.52,1.52],"texture":"#0"}}},{"from":[8.5,0.5,8.5],"to":[9,1,9],"faces":{"down":{"uv":[8.48,0.4799995,9.52,1.52],"texture":"#0"},"east":{"uv":[8.48,0.4799995,9.52,1.52],"texture":"#0"}}},{"from":[8.5,0.5,10.5],"to":[9,1,11],"faces":{"down":{"uv":[4.48,0.4799995,5.52,1.52],"texture":"#0"},"up":{"uv":[4.48,0.4799995,5.52,1.52],"texture":"#0"},"south":{"uv":[4.48,0.4799995,5.52,1.52],"texture":"#0"},"east":{"uv":[4.48,0.4799995,5.52,1.52],"texture":"#0"}}},{"from":[8.5,1,7.5],"to":[9,1.5,8],"faces":{"down":{"uv":[2.48,0.4799995,3.52,1.52],"texture":"#0"},"up":{"uv":[2.48,0.4799995,3.52,1.52],"texture":"#0"},"east":{"uv":[2.48,0.4799995,3.52,1.52],"texture":"#0"}}},{"from":[8.5,1,8],"to":[9,1.5,8.5],"faces":{"up":{"uv":[6.48,0.4799995,7.52,1.52],"texture":"#0"},"east":{"uv":[6.48,0.4799995,7.52,1.52],"texture":"#0"}}},{"from":[8.5,1,9],"to":[9,1.5,9.5],"faces":{"east":{"uv":[12.48,0.4799995,13.52,1.52],"texture":"#0"}}},{"from":[8.5,1,9.5],"to":[9,1.5,10],"faces":{"up":{"uv":[2.48,0.4799995,3.52,1.52],"texture":"#0"},"south":{"uv":[2.48,0.4799995,3.52,1.52],"texture":"#0"},"east":{"uv":[2.48,0.4799995,3.52,1.52],"texture":"#0"}}},{"from":[8.5,1.5,8.5],"to":[9,2,9.5],"faces":{"down":{"uv":[14.48,0.4799995,15.52,1.52],"texture":"#0"},"north":{"uv":[14.48,0.4799995,15.52,1.52],"texture":"#0"},"south":{"uv":[14.48,0.4799995,15.52,1.52],"texture":"#0"},"west":{"uv":[14.48,0.4799995,15.52,1.52],"texture":"#0"},"east":{"uv":[14.48,0.4799995,15.52,1.52],"texture":"#0"}}},{"from":[8.5,2.5,8.5],"to":[9,3,9.5],"faces":{"up":{"uv":[0.48,2.48,1.52,3.52],"texture":"#0"},"north":{"uv":[0.48,2.48,1.52,3.52],"texture":"#0"},"west":{"uv":[0.48,2.48,1.52,3.52],"texture":"#0"},"east":{"uv":[0.48,2.48,1.52,3.52],"texture":"#0"}}},{"from":[8.5,3,9.5],"to":[9,3.5,10],"faces":{"south":{"uv":[0.48,2.48,1.52,3.52],"texture":"#0"},"east":{"uv":[0.48,2.48,1.52,3.52],"texture":"#0"}}},{"from":[8.5,5.5,9],"to":[9,6.5,9.5],"faces":{"down":{"uv":[0.48,2.48,1.52,3.52],"texture":"#0"},"north":{"uv":[0.48,2.48,1.52,3.52],"texture":"#0"},"south":{"uv":[0.48,2.48,1.52,3.52],"texture":"#0"},"east":{"uv":[0.48,2.48,1.52,3.52],"texture":"#0"}}},{"from":[8.5,6,9.5],"to":[9,6.5,10],"faces":{"south":{"uv":[0.48,2.48,1.52,3.52],"texture":"#0"},"east":{"uv":[0.48,2.48,1.52,3.52],"texture":"#0"}}},{"from":[8.5,8,8.5],"to":[9,8.5,9],"faces":{"north":{"uv":[0.48,2.48,1.52,3.52],"texture":"#0"},"east":{"uv":[0.48,2.48,1.52,3.52],"texture":"#0"}}},{"from":[8.5,8.5,9],"to":[9,9,9.5],"faces":{"south":{"uv":[0.48,2.48,1.52,3.52],"texture":"#0"},"east":{"uv":[0.48,2.48,1.52,3.52],"texture":"#0"}}},{"from":[8.5,9.5,9],"to":[9,10,9.5],"faces":{"up":{"uv":[14.48,0.4799995,15.52,1.52],"texture":"#0"},"south":{"uv":[14.48,0.4799995,15.52,1.52],"texture":"#0"},"east":{"uv":[14.48,0.4799995,15.52,1.52],"texture":"#0"}}},{"from":[8.5,10,6],"to":[9,10.5,6.5],"faces":{"up":{"uv":[6.48,0.4799995,7.52,1.52],"texture":"#0"},"north":{"uv":[6.48,0.4799995,7.52,1.52],"texture":"#0"},"east":{"uv":[6.48,0.4799995,7.52,1.52],"texture":"#0"}}},{"from":[8.5,10,8],"to":[9,10.5,9],"faces":{"up":{"uv":[14.48,0.4799995,15.52,1.52],"texture":"#0"},"south":{"uv":[14.48,0.4799995,15.52,1.52],"texture":"#0"},"west":{"uv":[14.48,0.4799995,15.52,1.52],"texture":"#0"},"east":{"uv":[14.48,0.4799995,15.52,1.52],"texture":"#0"}}},{"from":[8.5,10.5,6.5],"to":[9,11,7],"faces":{"north":{"uv":[12.48,0.4799995,13.52,1.52],"texture":"#0"}}},{"from":[8.5,11,6],"to":[9,11.5,6.5],"faces":{"down":{"uv":[6.48,0.4799995,7.52,1.52],"texture":"#0"},"north":{"uv":[6.48,0.4799995,7.52,1.52],"texture":"#0"},"east":{"uv":[6.48,0.4799995,7.52,1.52],"texture":"#0"}}},{"from":[8.5,11,7],"to":[9,11.5,7.5],"faces":{"east":{"uv":[8.48,0.4799995,9.52,1.52],"texture":"#0"}}},{"from":[8.5,11,7.5],"to":[9,12.5,8],"faces":{"north":{"uv":[10.48,0.4799995,11.52,1.52],"texture":"#0"},"south":{"uv":[10.48,0.4799995,11.52,1.52],"texture":"#0"},"west":{"uv":[10.48,0.4799995,11.52,1.52],"texture":"#0"},"east":{"uv":[10.48,0.4799995,11.52,1.52],"texture":"#0"}}},{"from":[8.5,11,8.5],"to":[9.5,11.5,9],"faces":{"down":{"uv":[4.48,0.4799995,5.52,1.52],"texture":"#0"},"up":{"uv":[4.48,0.4799995,5.52,1.52],"texture":"#0"},"south":{"uv":[4.48,0.4799995,5.52,1.52],"texture":"#0"},"east":{"uv":[4.48,0.4799995,5.52,1.52],"texture":"#0"}}},{"from":[8.5,11.5,6.5],"to":[9,12,7],"faces":{"east":{"uv":[2.48,0.4799995,3.52,1.52],"texture":"#0"}}},{"from":[8.5,11.5,8],"to":[9,12,8.5],"faces":{"east":{"uv":[4.48,0.4799995,5.52,1.52],"texture":"#0"}}},{"from":[8.5,12,5],"to":[9,12.5,5.5],"faces":{"down":{"uv":[10.48,0.4799995,11.52,1.52],"texture":"#0"},"north":{"uv":[10.48,0.4799995,11.52,1.52],"texture":"#0"},"east":{"uv":[10.48,0.4799995,11.52,1.52],"texture":"#0"}}},{"from":[8.5,12,5.5],"to":[9,13,6],"faces":{"north":{"uv":[4.48,0.4799995,5.52,1.52],"texture":"#0"},"south":{"uv":[4.48,0.4799995,5.52,1.52],"texture":"#0"},"west":{"uv":[4.48,0.4799995,5.52,1.52],"texture":"#0"},"east":{"uv":[4.48,0.4799995,5.52,1.52],"texture":"#0"}}},{"from":[8.5,12,7],"to":[9,12.5,7.5],"faces":{"east":{"uv":[12.48,0.4799995,13.52,1.52],"texture":"#0"}}},{"from":[8.5,12,8.5],"to":[9,12.5,9],"faces":{"up":{"uv":[10.48,0.4799995,11.52,1.52],"texture":"#0"},"south":{"uv":[10.48,0.4799995,11.52,1.52],"texture":"#0"},"east":{"uv":[10.48,0.4799995,11.52,1.52],"texture":"#0"}}},{"from":[8.5,12.5,5],"to":[9,13,5.5],"faces":{"north":{"uv":[6.48,0.4799995,7.52,1.52],"texture":"#0"},"east":{"uv":[6.48,0.4799995,7.52,1.52],"texture":"#0"}}},{"from":[8.5,12.5,6],"to":[9,13,6.5],"faces":{"east":{"uv":[2.48,0.4799995,3.52,1.52],"texture":"#0"}}},{"from":[8.5,12.5,6.5],"to":[9,13,7],"faces":{"east":{"uv":[12.48,0.4799995,13.52,1.52],"texture":"#0"}}},{"from":[8.5,12.5,7.5],"to":[9,13,8],"faces":{"south":{"uv":[12.48,0.4799995,13.52,1.52],"texture":"#0"},"east":{"uv":[12.48,0.4799995,13.52,1.52],"texture":"#0"}}},{"from":[8.5,13,5],"to":[9,13.5,5.5],"faces":{"up":{"uv":[2.48,0.4799995,3.52,1.52],"texture":"#0"},"north":{"uv":[2.48,0.4799995,3.52,1.52],"texture":"#0"},"east":{"uv":[2.48,0.4799995,3.52,1.52],"texture":"#0"}}},{"from":[8.5,13,6],"to":[9,13.5,6.5],"faces":{"east":{"uv":[12.48,0.4799995,13.52,1.52],"texture":"#0"}}},{"from":[8.5,13,7],"to":[9,13.5,7.5],"faces":{"east":{"uv":[10.48,0.4799995,11.52,1.52],"texture":"#0"}}},{"from":[8.5,13.5,5.5],"to":[9,15,6],"faces":{"north":{"uv":[2.48,0.4799995,3.52,1.52],"texture":"#0"},"south":{"uv":[2.48,0.4799995,3.52,1.52],"texture":"#0"},"west":{"uv":[2.48,0.4799995,3.52,1.52],"texture":"#0"},"east":{"uv":[2.48,0.4799995,3.52,1.52],"texture":"#0"}}},{"from":[8.5,13.5,7],"to":[9,14,7.5],"faces":{"east":{"uv":[4.48,0.4799995,5.52,1.52],"texture":"#0"}}},{"from":[8.5,13.5,7.5],"to":[9,14,8],"faces":{"up":{"uv":[10.48,0.4799995,11.52,1.52],"texture":"#0"},"south":{"uv":[10.48,0.4799995,11.52,1.52],"texture":"#0"},"east":{"uv":[10.48,0.4799995,11.52,1.52],"texture":"#0"}}},{"from":[8.5,14,6],"to":[9,14.5,6.5],"faces":{"east":{"uv":[6.48,0.4799995,7.52,1.52],"texture":"#0"}}},{"from":[8.5,14,7],"to":[9,15,7.5],"faces":{"up":{"uv":[8.48,0.4799995,9.52,1.52],"texture":"#0"},"north":{"uv":[8.48,0.4799995,9.52,1.52],"texture":"#0"},"south":{"uv":[8.48,0.4799995,9.52,1.52],"texture":"#0"},"east":{"uv":[8.48,0.4799995,9.52,1.52],"texture":"#0"}}},{"from":[8.5,14.5,6.5],"to":[9,15,7],"faces":{"east":{"uv":[10.48,0.4799995,11.52,1.52],"texture":"#0"}}},{"from":[8.5,15,6],"to":[9,15.5,6.5],"faces":{"east":{"uv":[2.48,0.4799995,3.52,1.52],"texture":"#0"}}},{"from":[8.5,15.5,6.5],"to":[9,16,7],"faces":{"south":{"uv":[8.48,0.4799995,9.52,1.52],"texture":"#0"},"east":{"uv":[8.48,0.4799995,9.52,1.52],"texture":"#0"}}},{"from":[8.5,16,6.5],"to":[9,16.5,7],"faces":{"south":{"uv":[12.48,0.4799995,13.52,1.52],"texture":"#0"},"east":{"uv":[12.48,0.4799995,13.52,1.52],"texture":"#0"}}},{"from":[8.5,17,6.5],"to":[9,17.5,7],"faces":{"north":{"uv":[10.48,0.4799995,11.52,1.52],"texture":"#0"},"south":{"uv":[10.48,0.4799995,11.52,1.52],"texture":"#0"},"east":{"uv":[10.48,0.4799995,11.52,1.52],"texture":"#0"}}},{"from":[8.5,17.5,6.5],"to":[9,18,7],"faces":{"east":{"uv":[12.48,0.4799995,13.52,1.52],"texture":"#0"}}},{"from":[8.5,18,6],"to":[9,18.5,6.5],"faces":{"up":{"uv":[10.48,0.4799995,11.52,1.52],"texture":"#0"},"north":{"uv":[10.48,0.4799995,11.52,1.52],"texture":"#0"},"east":{"uv":[10.48,0.4799995,11.52,1.52],"texture":"#0"}}},{"from":[8.5,18,7],"to":[9,18.5,7.5],"faces":{"south":{"uv":[2.48,0.4799995,3.52,1.52],"texture":"#0"},"east":{"uv":[2.48,0.4799995,3.52,1.52],"texture":"#0"}}},{"from":[8.5,18.5,6.5],"to":[9,19,7.5],"faces":{"down":{"uv":[4.48,0.4799995,5.52,1.52],"texture":"#0"},"up":{"uv":[4.48,0.4799995,5.52,1.52],"texture":"#0"},"north":{"uv":[4.48,0.4799995,5.52,1.52],"texture":"#0"},"south":{"uv":[4.48,0.4799995,5.52,1.52],"texture":"#0"},"east":{"uv":[4.48,0.4799995,5.52,1.52],"texture":"#0"}}},{"from":[8.5,19.5,7.5],"to":[9,20,8],"faces":{"south":{"uv":[6.48,0.4799995,7.52,1.52],"texture":"#0"},"east":{"uv":[6.48,0.4799995,7.52,1.52],"texture":"#0"}}},{"from":[8.5,20,7],"to":[9,20.5,7.5],"faces":{"east":{"uv":[12.48,0.4799995,13.52,1.52],"texture":"#0"}}},{"from":[8.5,20.5,4],"to":[9,21,4.5],"faces":{"down":{"uv":[4.48,0.4799995,5.52,1.52],"texture":"#0"},"north":{"uv":[4.48,0.4799995,5.52,1.52],"texture":"#0"},"east":{"uv":[4.48,0.4799995,5.52,1.52],"texture":"#0"}}},{"from":[8.5,20.5,4.5],"to":[9,21,5.5],"faces":{"down":{"uv":[10.48,0.4799995,11.52,1.52],"texture":"#0"},"up":{"uv":[10.48,0.4799995,11.52,1.52],"texture":"#0"},"south":{"uv":[10.48,0.4799995,11.52,1.52],"texture":"#0"},"west":{"uv":[10.48,0.4799995,11.52,1.52],"texture":"#0"},"east":{"uv":[10.48,0.4799995,11.52,1.52],"texture":"#0"}}},{"from":[8.5,20.5,6.5],"to":[9,21,7],"faces":{"east":{"uv":[8.48,0.4799995,9.52,1.52],"texture":"#0"}}},{"from":[8.5,20.5,7.5],"to":[9,21,8],"faces":{"east":{"uv":[6.48,0.4799995,7.52,1.52],"texture":"#0"}}},{"from":[8.5,21,4],"to":[9,22,4.5],"faces":{"north":{"uv":[12.48,0.4799995,13.52,1.52],"texture":"#0"},"south":{"uv":[12.48,0.4799995,13.52,1.52],"texture":"#0"},"west":{"uv":[12.48,0.4799995,13.52,1.52],"texture":"#0"},"east":{"uv":[12.48,0.4799995,13.52,1.52],"texture":"#0"}}},{"from":[8.5,21,5],"to":[9,21.5,6],"faces":{"down":{"uv":[10.48,0.4799995,11.52,1.52],"texture":"#0"},"up":{"uv":[10.48,0.4799995,11.52,1.52],"texture":"#0"},"west":{"uv":[10.48,0.4799995,11.52,1.52],"texture":"#0"},"east":{"uv":[10.48,0.4799995,11.52,1.52],"texture":"#0"}}},{"from":[8.5,21,6.5],"to":[9,21.5,7],"faces":{"east":{"uv":[10.48,0.4799995,11.52,1.52],"texture":"#0"}}},{"from":[8.5,21,7],"to":[9,22,7.5],"faces":{"up":{"uv":[8.48,0.4799995,9.52,1.52],"texture":"#0"},"north":{"uv":[8.48,0.4799995,9.52,1.52],"texture":"#0"},"south":{"uv":[8.48,0.4799995,9.52,1.52],"texture":"#0"},"west":{"uv":[8.48,0.4799995,9.52,1.52],"texture":"#0"},"east":{"uv":[8.48,0.4799995,9.52,1.52],"texture":"#0"}}},{"from":[8.5,21,8],"to":[9,21.5,8.5],"faces":{"east":{"uv":[10.48,0.4799995,11.52,1.52],"texture":"#0"}}},{"from":[8.5,21.5,4.5],"to":[9,22,5],"faces":{"east":{"uv":[10.48,0.4799995,11.52,1.52],"texture":"#0"}}},{"from":[8.5,21.5,5.5],"to":[9,22,6],"faces":{"east":{"uv":[4.48,0.4799995,5.52,1.52],"texture":"#0"}}},{"from":[8.5,21.5,6.5],"to":[9,22,7],"faces":{"up":{"uv":[8.48,0.4799995,9.52,1.52],"texture":"#0"},"east":{"uv":[8.48,0.4799995,9.52,1.52],"texture":"#0"}}},{"from":[8.5,21.5,7.5],"to":[9,22,8],"faces":{"east":{"uv":[10.48,0.4799995,11.52,1.52],"texture":"#0"}}},{"from":[8.5,22,3.5],"to":[9,22.5,5],"faces":{"down":{"uv":[6.48,0.4799995,7.52,1.52],"texture":"#0"},"up":{"uv":[6.48,0.4799995,7.52,1.52],"texture":"#0"},"north":{"uv":[6.48,0.4799995,7.52,1.52],"texture":"#0"},"west":{"uv":[6.48,0.4799995,7.52,1.52],"texture":"#0"},"east":{"uv":[6.48,0.4799995,7.52,1.52],"texture":"#0"}}},{"from":[8.5,22,5.5],"to":[9,22.5,6],"faces":{"up":{"uv":[12.48,0.4799995,13.52,1.52],"texture":"#0"},"south":{"uv":[12.48,0.4799995,13.52,1.52],"texture":"#0"},"east":{"uv":[12.48,0.4799995,13.52,1.52],"texture":"#0"}}},{"from":[8.5,22,7.5],"to":[9,22.5,8],"faces":{"up":{"uv":[12.48,0.4799995,13.52,1.52],"texture":"#0"},"north":{"uv":[12.48,0.4799995,13.52,1.52],"texture":"#0"},"east":{"uv":[12.48,0.4799995,13.52,1.52],"texture":"#0"}}},{"from":[8.5,22.5,8.5],"to":[9,23,9.5],"faces":{"down":{"uv":[8.48,0.4799995,9.52,1.52],"texture":"#0"},"up":{"uv":[8.48,0.4799995,9.52,1.52],"texture":"#0"},"north":{"uv":[8.48,0.4799995,9.52,1.52],"texture":"#0"},"west":{"uv":[8.48,0.4799995,9.52,1.52],"texture":"#0"},"east":{"uv":[8.48,0.4799995,9.52,1.52],"texture":"#0"}}},{"from":[8.5,22.5,9.5],"to":[9,23,10.5],"faces":{"down":{"uv":[2.48,0.4799995,3.52,1.52],"texture":"#0"},"west":{"uv":[2.48,0.4799995,3.52,1.52],"texture":"#0"},"east":{"uv":[2.48,0.4799995,3.52,1.52],"texture":"#0"}}},{"from":[8.5,23,10.5],"to":[9,23.5,11],"faces":{"east":{"uv":[6.48,0.4799995,7.52,1.52],"texture":"#0"}}},{"from":[8.5,23.5,10],"to":[9,24,10.5],"faces":{"north":{"uv":[4.48,0.4799995,5.52,1.52],"texture":"#0"},"east":{"uv":[4.48,0.4799995,5.52,1.52],"texture":"#0"}}},{"from":[8.5,23.5,11],"to":[9,24,11.5],"faces":{"east":{"uv":[4.48,0.4799995,5.52,1.52],"texture":"#0"}}},{"from":[8.5,23.5,11.5],"to":[9,24,12],"faces":{"down":{"uv":[6.48,0.4799995,7.52,1.52],"texture":"#0"},"south":{"uv":[6.48,0.4799995,7.52,1.52],"texture":"#0"},"east":{"uv":[6.48,0.4799995,7.52,1.52],"texture":"#0"}}},{"from":[8.5,24,10],"to":[9,24.5,10.5],"faces":{"up":{"uv":[8.48,0.4799995,9.52,1.52],"texture":"#0"},"east":{"uv":[8.48,0.4799995,9.52,1.52],"texture":"#0"}}},{"from":[8.5,24,11],"to":[9,24.5,11.5],"faces":{"east":{"uv":[10.48,0.4799995,11.52,1.52],"texture":"#0"}}},{"from":[8.5,24.5,11.5],"to":[9,25,12],"faces":{"up":{"uv":[6.48,0.4799995,7.52,1.52],"texture":"#0"},"east":{"uv":[6.48,0.4799995,7.52,1.52],"texture":"#0"}}},{"from":[8.5,24.5,12.5],"to":[9,25,13],"faces":{"down":{"uv":[4.48,0.4799995,5.52,1.52],"texture":"#0"},"south":{"uv":[4.48,0.4799995,5.52,1.52],"texture":"#0"},"east":{"uv":[4.48,0.4799995,5.52,1.52],"texture":"#0"}}},{"from":[9,10,6.5],"to":[9.5,10.5,7],"faces":{"down":{"uv":[6.48,0.4799995,7.52,1.52],"texture":"#0"},"north":{"uv":[6.48,0.4799995,7.52,1.52],"texture":"#0"},"east":{"uv":[6.48,0.4799995,7.52,1.52],"texture":"#0"}}},{"from":[9,10,7],"to":[9.5,10.5,7.5],"faces":{"down":{"uv":[12.48,0.4799995,13.52,1.52],"texture":"#0"},"south":{"uv":[12.48,0.4799995,13.52,1.52],"texture":"#0"},"east":{"uv":[12.48,0.4799995,13.52,1.52],"texture":"#0"}}},{"from":[9,10.5,6.5],"to":[9.5,11,7],"faces":{"up":{"uv":[2.48,0.4799995,3.52,1.52],"texture":"#0"},"north":{"uv":[2.48,0.4799995,3.52,1.52],"texture":"#0"},"east":{"uv":[2.48,0.4799995,3.52,1.52],"texture":"#0"}}},{"from":[9,10.5,7.5],"to":[9.5,11,8],"faces":{"down":{"uv":[4.48,0.4799995,5.52,1.52],"texture":"#0"},"east":{"uv":[4.48,0.4799995,5.52,1.52],"texture":"#0"}}},{"from":[9,10.5,8.5],"to":[9.5,11,9],"faces":{"down":{"uv":[8.48,0.4799995,9.52,1.52],"texture":"#0"},"south":{"uv":[8.48,0.4799995,9.52,1.52],"texture":"#0"},"east":{"uv":[8.48,0.4799995,9.52,1.52],"texture":"#0"}}},{"from":[9,11,7.5],"to":[9.5,11.5,8],"faces":{"up":{"uv":[6.48,0.4799995,7.52,1.52],"texture":"#0"},"north":{"uv":[6.48,0.4799995,7.52,1.52],"texture":"#0"},"east":{"uv":[6.48,0.4799995,7.52,1.52],"texture":"#0"}}}],"display":{"thirdperson_righthand":{"translation":[0,1.3913,-0.694],"scale":[0.7912,1,1]},"thirdperson_lefthand":{"translation":[0,1.3913,-0.694],"scale":[0.7912,1,1]},"firstperson_righthand":{"translation":[1.3913,5.5652,0],"scale":[0.5129,0.6521,0.6521]},"firstperson_lefthand":{"translation":[1.3913,5.5652,0],"scale":[0.5129,0.6521,0.6521]},"gui":{"rotation":[10,-118,0],"translation":[0,-2.782,0],"scale":[0.4162,0.5206,0.5206]},"ground":{"translation":[0,5.5652,0],"scale":[0.5477,0.6521,0.6521]},"fixed":{"rotation":[0,90,0],"translation":[0,-2.782,0],"scale":[0.6521,0.6521,0.6521]}}}