{
	"credit": "Made with Blockbench",
	"texture_size": [32, 32],
	"textures": {
		"0": "item/stone_sword/bastard",
		"particle": "Desktop/bastard"
	},
	"elements": [
		{
			"name": "stone_dark",
			"from": [7.875, 1.125, 6.5],
			"to": [8.875, 2.125, 7.5],
			"faces": {
				"north": {"uv": [4.5, 2, 5, 2.5], "texture": "#0"},
				"east": {"uv": [4.5, 3, 5, 3.5], "texture": "#0"},
				"south": {"uv": [4.5, 4, 5, 4.5], "texture": "#0"},
				"west": {"uv": [5.5, 2, 6, 2.5], "texture": "#0"},
				"up": {"uv": [6, 3, 5.5, 2.5], "texture": "#0"},
				"down": {"uv": [6, 3, 5.5, 3.5], "texture": "#0"}
			}
		},
		{
			"name": "stone_dark1",
			"from": [7.875, 1.125, 7.5],
			"to": [8.875, 1.625, 10],
			"faces": {
				"north": {"uv": [5.5, 3.5, 6, 4], "texture": "#0"},
				"east": {"uv": [1, 0, 2.5, 0.5], "texture": "#0"},
				"south": {"uv": [5.5, 4, 6, 4.5], "texture": "#0"},
				"west": {"uv": [1, 0.5, 2.5, 1], "texture": "#0"},
				"up": {"uv": [3, 1.5, 2.5, 0], "texture": "#0"},
				"down": {"uv": [3.5, 0, 3, 1.5], "texture": "#0"}
			}
		},
		{
			"name": "stone_dark2",
			"from": [7.875, 1.625, 6],
			"to": [8.875, 2.125, 6.5],
			"faces": {
				"north": {"uv": [5.5, 4.5, 6, 5], "texture": "#0"},
				"east": {"uv": [5.5, 5, 6, 5.5], "texture": "#0"},
				"south": {"uv": [6.5, 6, 7, 6.5], "texture": "#0"},
				"west": {"uv": [7, 6, 7.5, 6.5], "texture": "#0"},
				"up": {"uv": [7.5, 7, 7, 6.5], "texture": "#0"},
				"down": {"uv": [8, 7.5, 7.5, 8], "texture": "#0"}
			}
		},
		{
			"name": "stone_dark3",
			"from": [7.875, 1.625, 9],
			"to": [8.875, 2.125, 10.5],
			"faces": {
				"north": {"uv": [2, 1, 2.5, 1.5], "texture": "#0"},
				"east": {"uv": [2, 1.5, 3, 2], "texture": "#0"},
				"south": {"uv": [2.5, 2, 3, 2.5], "texture": "#0"},
				"west": {"uv": [3.5, 3, 4.5, 3.5], "texture": "#0"},
				"up": {"uv": [4.5, 2.5, 4, 1.5], "texture": "#0"},
				"down": {"uv": [5, 0, 4.5, 1], "texture": "#0"}
			}
		},
		{
			"name": "handle_ends",
			"from": [8, -2.375, 7.875],
			"to": [8.75, -1.875, 8.625],
			"faces": {
				"north": {"uv": [7.5, 0, 8, 0.5], "texture": "#0"},
				"east": {"uv": [7.5, 0.5, 8, 1], "texture": "#0"},
				"south": {"uv": [7.5, 1, 8, 1.5], "texture": "#0"},
				"west": {"uv": [7.5, 1.5, 8, 2], "texture": "#0"},
				"up": {"uv": [8, 2.5, 7.5, 2], "texture": "#0"},
				"down": {"uv": [8, 2.5, 7.5, 3], "texture": "#0"}
			}
		},
		{
			"name": "handle",
			"from": [8.125, -1.875, 8],
			"to": [8.625, 0.625, 8.5],
			"faces": {
				"north": {"uv": [3, 1.5, 3.5, 3], "texture": "#0"},
				"east": {"uv": [3.5, 0, 4, 1.5], "texture": "#0"},
				"south": {"uv": [3.5, 1.5, 4, 3], "texture": "#0"},
				"west": {"uv": [4, 0, 4.5, 1.5], "texture": "#0"},
				"up": {"uv": [8, 3.5, 7.5, 3], "texture": "#0"},
				"down": {"uv": [8, 3.5, 7.5, 4], "texture": "#0"}
			}
		},
		{
			"name": "handle_ends1",
			"from": [8, 0.625, 7.875],
			"to": [8.75, 1.125, 8.625],
			"faces": {
				"north": {"uv": [7.5, 4, 8, 4.5], "texture": "#0"},
				"east": {"uv": [7.5, 4.5, 8, 5], "texture": "#0"},
				"south": {"uv": [7.5, 5, 8, 5.5], "texture": "#0"},
				"west": {"uv": [7.5, 5.5, 8, 6], "texture": "#0"},
				"up": {"uv": [8, 6.5, 7.5, 6], "texture": "#0"},
				"down": {"uv": [8, 6.5, 7.5, 7], "texture": "#0"}
			}
		},
		{
			"name": "stone_dark6",
			"from": [8.125, 1.625, 7.5],
			"to": [8.625, 2.375, 9],
			"faces": {
				"north": {"uv": [7.5, 7, 8, 7.5], "texture": "#0"},
				"east": {"uv": [4, 2.5, 5, 3], "texture": "#0"},
				"south": {"uv": [7.5, 8, 8, 8.5], "texture": "#0"},
				"west": {"uv": [4, 3.5, 5, 4], "texture": "#0"},
				"up": {"uv": [5, 2, 4.5, 1], "texture": "#0"},
				"down": {"uv": [5.5, 0, 5, 1], "texture": "#0"}
			}
		},
		{
			"name": "stone_v_light",
			"from": [8.225, 2.125, 6.5],
			"to": [8.525, 15.625, 7],
			"faces": {
				"north": {"uv": [2, 2, 2.5, 9], "texture": "#0"},
				"east": {"uv": [2.5, 2.5, 3, 9.5], "texture": "#0"},
				"south": {"uv": [3, 3, 3.5, 10], "texture": "#0"},
				"west": {"uv": [3.5, 3.5, 4, 10.5], "texture": "#0"},
				"up": {"uv": [8.5, 8.5, 8, 8], "texture": "#0"},
				"down": {"uv": [8.5, 0, 8, 0.5], "texture": "#0"}
			}
		},
		{
			"name": "stone_light",
			"from": [8.175, 2.125, 7],
			"to": [8.575, 15.625, 7.5],
			"faces": {
				"north": {"uv": [4, 4, 4.5, 11], "texture": "#0"},
				"east": {"uv": [4.5, 4.5, 5, 11.5], "texture": "#0"},
				"south": {"uv": [5, 5, 5.5, 12], "texture": "#0"},
				"west": {"uv": [5.5, 5.5, 6, 12.5], "texture": "#0"},
				"up": {"uv": [9.5, 10.5, 9, 10], "texture": "#0"},
				"down": {"uv": [10, 10, 9.5, 10.5], "texture": "#0"}
			}
		},
		{
			"name": "stone_sword",
			"from": [8.125, 2.375, 7.5],
			"to": [8.625, 15.625, 8],
			"faces": {
				"north": {"uv": [0, 6, 0.5, 12.5], "texture": "#0"},
				"east": {"uv": [0.5, 6, 1, 12.5], "texture": "#0"},
				"south": {"uv": [6, 6, 6.5, 12.5], "texture": "#0"},
				"west": {"uv": [6.5, 6.5, 7, 13], "texture": "#0"},
				"up": {"uv": [8.5, 1, 8, 0.5], "texture": "#0"},
				"down": {"uv": [8.5, 1, 8, 1.5], "texture": "#0"}
			}
		},
		{
			"name": "stone_sword1",
			"from": [8.125, 2.375, 8.75],
			"to": [8.625, 4.625, 10],
			"faces": {
				"north": {"uv": [5, 1, 5.5, 2], "texture": "#0"},
				"east": {"uv": [5, 2, 5.5, 3], "texture": "#0"},
				"south": {"uv": [5, 3, 5.5, 4], "texture": "#0"},
				"west": {"uv": [5, 4, 5.5, 5], "texture": "#0"},
				"up": {"uv": [8.5, 2, 8, 1.5], "texture": "#0"},
				"down": {"uv": [8.5, 2, 8, 2.5], "texture": "#0"}
			}
		},
		{
			"name": "stone_sword2",
			"from": [8.125, 4.625, 8.5],
			"to": [8.625, 16.625, 10],
			"faces": {
				"north": {"uv": [6, 0, 6.5, 6], "texture": "#0"},
				"east": {"uv": [0, 0, 1, 6], "texture": "#0"},
				"south": {"uv": [6.5, 0, 7, 6], "texture": "#0"},
				"west": {"uv": [1, 1, 2, 7], "texture": "#0"},
				"up": {"uv": [6, 1, 5.5, 0], "texture": "#0"},
				"down": {"uv": [6, 1, 5.5, 2], "texture": "#0"}
			}
		},
		{
			"name": "stone_sword3",
			"from": [8.125, 3.125, 8],
			"to": [8.625, 3.875, 8.75],
			"faces": {
				"north": {"uv": [8, 2.5, 8.5, 3], "texture": "#0"},
				"east": {"uv": [8, 3, 8.5, 3.5], "texture": "#0"},
				"south": {"uv": [8, 3.5, 8.5, 4], "texture": "#0"},
				"west": {"uv": [8, 4, 8.5, 4.5], "texture": "#0"},
				"up": {"uv": [8.5, 5, 8, 4.5], "texture": "#0"},
				"down": {"uv": [8.5, 5, 8, 5.5], "texture": "#0"}
			}
		},
		{
			"name": "stone_sword4",
			"from": [8.125, 4.625, 8],
			"to": [8.625, 16.125, 8.5],
			"faces": {
				"north": {"uv": [1, 7, 1.5, 13], "texture": "#0"},
				"east": {"uv": [1.5, 7, 2, 13], "texture": "#0"},
				"south": {"uv": [7, 7, 7.5, 13], "texture": "#0"},
				"west": {"uv": [7, 0, 7.5, 6], "texture": "#0"},
				"up": {"uv": [8.5, 6, 8, 5.5], "texture": "#0"},
				"down": {"uv": [8.5, 6, 8, 6.5], "texture": "#0"}
			}
		},
		{
			"name": "stone_v_light1",
			"from": [8.225, 15.625, 7],
			"to": [8.525, 16.125, 7.5],
			"faces": {
				"north": {"uv": [8, 6.5, 8.5, 7], "texture": "#0"},
				"east": {"uv": [8, 7, 8.5, 7.5], "texture": "#0"},
				"south": {"uv": [8, 7.5, 8.5, 8], "texture": "#0"},
				"west": {"uv": [7.5, 8.5, 8, 9], "texture": "#0"},
				"up": {"uv": [8.5, 9, 8, 8.5], "texture": "#0"},
				"down": {"uv": [9, 8.5, 8.5, 9], "texture": "#0"}
			}
		},
		{
			"name": "stone_light1",
			"from": [8.175, 15.625, 7.5],
			"to": [8.575, 16.125, 8],
			"faces": {
				"north": {"uv": [8.5, 0, 9, 0.5], "texture": "#0"},
				"east": {"uv": [8.5, 0.5, 9, 1], "texture": "#0"},
				"south": {"uv": [8.5, 1, 9, 1.5], "texture": "#0"},
				"west": {"uv": [8.5, 1.5, 9, 2], "texture": "#0"},
				"up": {"uv": [9, 2.5, 8.5, 2], "texture": "#0"},
				"down": {"uv": [9, 2.5, 8.5, 3], "texture": "#0"}
			}
		},
		{
			"name": "stone_v_light2",
			"from": [8.225, 16.125, 7.5],
			"to": [8.525, 16.625, 8],
			"faces": {
				"north": {"uv": [8.5, 3, 9, 3.5], "texture": "#0"},
				"east": {"uv": [8.5, 3.5, 9, 4], "texture": "#0"},
				"south": {"uv": [8.5, 4, 9, 4.5], "texture": "#0"},
				"west": {"uv": [8.5, 4.5, 9, 5], "texture": "#0"},
				"up": {"uv": [9, 5.5, 8.5, 5], "texture": "#0"},
				"down": {"uv": [9, 5.5, 8.5, 6], "texture": "#0"}
			}
		},
		{
			"name": "stone_light2",
			"from": [8.175, 16.125, 8],
			"to": [8.575, 16.625, 8.5],
			"faces": {
				"north": {"uv": [8.5, 6, 9, 6.5], "texture": "#0"},
				"east": {"uv": [8.5, 6.5, 9, 7], "texture": "#0"},
				"south": {"uv": [8.5, 7, 9, 7.5], "texture": "#0"},
				"west": {"uv": [8.5, 7.5, 9, 8], "texture": "#0"},
				"up": {"uv": [9, 8.5, 8.5, 8], "texture": "#0"},
				"down": {"uv": [2.5, 9, 2, 9.5], "texture": "#0"}
			}
		},
		{
			"name": "stone_v_light3",
			"from": [8.225, 16.625, 8],
			"to": [8.525, 17.125, 8.5],
			"faces": {
				"north": {"uv": [7.5, 9, 8, 9.5], "texture": "#0"},
				"east": {"uv": [8, 9, 8.5, 9.5], "texture": "#0"},
				"south": {"uv": [8.5, 9, 9, 9.5], "texture": "#0"},
				"west": {"uv": [9, 9, 9.5, 9.5], "texture": "#0"},
				"up": {"uv": [9.5, 0.5, 9, 0], "texture": "#0"},
				"down": {"uv": [9.5, 0.5, 9, 1], "texture": "#0"}
			}
		},
		{
			"name": "stone_light3",
			"from": [8.175, 16.625, 8.5],
			"to": [8.575, 17.125, 9],
			"faces": {
				"north": {"uv": [9, 1, 9.5, 1.5], "texture": "#0"},
				"east": {"uv": [9, 1.5, 9.5, 2], "texture": "#0"},
				"south": {"uv": [9, 2, 9.5, 2.5], "texture": "#0"},
				"west": {"uv": [9, 2.5, 9.5, 3], "texture": "#0"},
				"up": {"uv": [9.5, 3.5, 9, 3], "texture": "#0"},
				"down": {"uv": [9.5, 3.5, 9, 4], "texture": "#0"}
			}
		},
		{
			"name": "stone_sword5",
			"from": [8.125, 16.625, 9],
			"to": [8.625, 17.125, 10],
			"faces": {
				"north": {"uv": [9, 4, 9.5, 4.5], "texture": "#0"},
				"east": {"uv": [9, 4.5, 9.5, 5], "texture": "#0"},
				"south": {"uv": [9, 5, 9.5, 5.5], "texture": "#0"},
				"west": {"uv": [9, 5.5, 9.5, 6], "texture": "#0"},
				"up": {"uv": [9.5, 6.5, 9, 6], "texture": "#0"},
				"down": {"uv": [9.5, 6.5, 9, 7], "texture": "#0"}
			}
		},
		{
			"name": "stone_v_light4",
			"from": [8.225, 17.125, 8.5],
			"to": [8.525, 17.625, 9],
			"faces": {
				"north": {"uv": [9, 7, 9.5, 7.5], "texture": "#0"},
				"east": {"uv": [9, 7.5, 9.5, 8], "texture": "#0"},
				"south": {"uv": [9, 8, 9.5, 8.5], "texture": "#0"},
				"west": {"uv": [9, 8.5, 9.5, 9], "texture": "#0"},
				"up": {"uv": [2.5, 10, 2, 9.5], "texture": "#0"},
				"down": {"uv": [3, 9.5, 2.5, 10], "texture": "#0"}
			}
		},
		{
			"name": "stone_light4",
			"from": [8.175, 17.125, 9],
			"to": [8.575, 17.625, 9.5],
			"faces": {
				"north": {"uv": [7.5, 9.5, 8, 10], "texture": "#0"},
				"east": {"uv": [8, 9.5, 8.5, 10], "texture": "#0"},
				"south": {"uv": [8.5, 9.5, 9, 10], "texture": "#0"},
				"west": {"uv": [9, 9.5, 9.5, 10], "texture": "#0"},
				"up": {"uv": [10, 10, 9.5, 9.5], "texture": "#0"},
				"down": {"uv": [10, 0, 9.5, 0.5], "texture": "#0"}
			}
		},
		{
			"name": "stone_sword6",
			"from": [8.125, 17.125, 9.5],
			"to": [8.625, 17.625, 10],
			"faces": {
				"north": {"uv": [9.5, 0.5, 10, 1], "texture": "#0"},
				"east": {"uv": [9.5, 1, 10, 1.5], "texture": "#0"},
				"south": {"uv": [9.5, 1.5, 10, 2], "texture": "#0"},
				"west": {"uv": [9.5, 2, 10, 2.5], "texture": "#0"},
				"up": {"uv": [10, 3, 9.5, 2.5], "texture": "#0"},
				"down": {"uv": [10, 3, 9.5, 3.5], "texture": "#0"}
			}
		},
		{
			"name": "stone_v_light5",
			"from": [8.225, 17.625, 9],
			"to": [8.525, 18.125, 9.5],
			"faces": {
				"north": {"uv": [9.5, 3.5, 10, 4], "texture": "#0"},
				"east": {"uv": [9.5, 4, 10, 4.5], "texture": "#0"},
				"south": {"uv": [9.5, 4.5, 10, 5], "texture": "#0"},
				"west": {"uv": [9.5, 5, 10, 5.5], "texture": "#0"},
				"up": {"uv": [10, 6, 9.5, 5.5], "texture": "#0"},
				"down": {"uv": [10, 6, 9.5, 6.5], "texture": "#0"}
			}
		},
		{
			"name": "stone_light5",
			"from": [8.175, 17.625, 9.5],
			"to": [8.575, 18.125, 10],
			"faces": {
				"north": {"uv": [9.5, 6.5, 10, 7], "texture": "#0"},
				"east": {"uv": [9.5, 7, 10, 7.5], "texture": "#0"},
				"south": {"uv": [9.5, 7.5, 10, 8], "texture": "#0"},
				"west": {"uv": [9.5, 8, 10, 8.5], "texture": "#0"},
				"up": {"uv": [10, 9, 9.5, 8.5], "texture": "#0"},
				"down": {"uv": [10, 9, 9.5, 9.5], "texture": "#0"}
			}
		},
		{
			"name": "stone_v_light6",
			"from": [8.225, 18.125, 9.5],
			"to": [8.525, 18.625, 10],
			"faces": {
				"north": {"uv": [2, 10, 2.5, 10.5], "texture": "#0"},
				"east": {"uv": [2.5, 10, 3, 10.5], "texture": "#0"},
				"south": {"uv": [3, 10, 3.5, 10.5], "texture": "#0"},
				"west": {"uv": [7.5, 10, 8, 10.5], "texture": "#0"},
				"up": {"uv": [8.5, 10.5, 8, 10], "texture": "#0"},
				"down": {"uv": [9, 10, 8.5, 10.5], "texture": "#0"}
			}
		},
		{
			"from": [8.125, 2.125, 9],
			"to": [8.625, 2.375, 10],
			"rotation": {"angle": 0, "axis": "y", "origin": [16.125, 10.125, 17]},
			"faces": {
				"north": {"uv": [10, 10, 10.5, 10.5], "texture": "#0"},
				"east": {"uv": [10, 0, 10.5, 0.5], "texture": "#0"},
				"south": {"uv": [10, 0.5, 10.5, 1], "texture": "#0"},
				"west": {"uv": [10, 1, 10.5, 1.5], "texture": "#0"},
				"up": {"uv": [10.5, 2, 10, 1.5], "texture": "#0"},
				"down": {"uv": [10.5, 2, 10, 2.5], "texture": "#0"}
			}
		}
	],
	"display": {
		"thirdperson_righthand": {
			"rotation": [22, 2, 1],
			"translation": [-0.75, 10.7065, 5.6412],
			"scale": [1.61, 1.55, 1.68]
		},
		"thirdperson_lefthand": {
			"rotation": [22, 2, 1],
			"translation": [-0.75, 10.7065, 5.6412],
			"scale": [1.61, 1.55, 1.68]
		},
		"firstperson_righthand": {
			"rotation": [-10, 1, -7],
			"translation": [1, 9, 0.75],
			"scale": [1.86, 1.42, 1.24]
		},
		"firstperson_lefthand": {
			"rotation": [-10, 1, -7],
			"translation": [1, 9, 1],
			"scale": [1.45, 1.42, 1.22]
		},
		"ground": {
			"rotation": [-90, -90, 0],
			"translation": [0, -2.6305, 0],
			"scale": [1.09, 1.42, 1.42]
		},
		"gui": {
			"rotation": [84, 47, -98],
			"translation": [-0.695, 0.4, 0],
			"scale": [0.95, 0.95, 0.95]
		},
		"head": {
			"rotation": [-180, 86, 3],
			"translation": [-0.25, -18, 6.25],
			"scale": [1.5, 2.27, 2.64]
		},
		"fixed": {
			"rotation": [-180, 91, 1],
			"translation": [-0.75, -21.75, -3.5],
			"scale": [3.48, 4, 4]
		}
	}
}