{
	"credit": "Made with Blockbench",
	"textures": {
		"0": "item/prismarine_shard/apple_basket",
		"1": "item/prismarine_shard/texture",
		"particle": "item/prismarine_shard/apple_basket"
	},
	"elements": [
		{
			"from": [4, 0, 2],
			"to": [12, 8, 14],
			"faces": {
				"north": {"uv": [6, 0, 10, 4], "texture": "#0"},
				"east": {"uv": [0, 4, 6, 8], "texture": "#0"},
				"south": {"uv": [6, 0, 10, 4], "texture": "#0"},
				"west": {"uv": [0, 4, 6, 8], "texture": "#0"},
				"up": {"uv": [0, 0, 6, 4], "rotation": 90, "texture": "#0"},
				"down": {"uv": [0, 8, 6, 12], "rotation": 90, "texture": "#0"}
			}
		},
		{
			"from": [6, 5, 3],
			"to": [11, 9, 8],
			"rotation": {"angle": 0, "axis": "y", "origin": [9, 6, 8]},
			"faces": {
				"north": {"uv": [6, 9, 8, 11], "texture": "#0"},
				"east": {"uv": [6, 9, 8, 11], "texture": "#0"},
				"south": {"uv": [6, 9, 8, 11], "texture": "#0"},
				"west": {"uv": [6, 9, 8, 11], "texture": "#0"},
				"up": {"uv": [6, 6.5, 8, 8.5], "rotation": 90, "texture": "#0"},
				"down": {"uv": [8.5, 6.5, 10.5, 8.5], "texture": "#0"}
			}
		},
		{
			"from": [5, 4, 8],
			"to": [9, 8, 12],
			"rotation": {"angle": 22.5, "axis": "x", "origin": [7, 5, 7]},
			"faces": {
				"north": {"uv": [6, 9, 8, 11], "texture": "#0"},
				"east": {"uv": [6, 9, 8, 11], "texture": "#0"},
				"south": {"uv": [6, 9, 8, 11], "texture": "#0"},
				"west": {"uv": [6, 9, 8, 11], "texture": "#0"},
				"up": {"uv": [6, 6.5, 8, 8.5], "rotation": 270, "texture": "#0"},
				"down": {"uv": [8.5, 6.5, 10.5, 8.5], "texture": "#0"}
			}
		},
		{
			"from": [6.75, 11, 3.75],
			"to": [10.25, 12, 7.25],
			"rotation": {"angle": 0, "axis": "y", "origin": [15, 19, 12]},
			"faces": {
				"north": {"uv": [0.5, 7.5, 3, 8.5], "texture": "#0"},
				"east": {"uv": [1, 7.5, 3.5, 8.5], "texture": "#0"},
				"south": {"uv": [3.5, 7.5, 5, 8.5], "texture": "#0"},
				"west": {"uv": [3, 7.5, 5.5, 8.5], "texture": "#0"},
				"up": {"uv": [0.5, 6.5, 3, 9], "texture": "#0"},
				"down": {"uv": [0, 0, 2.5, 2.5], "texture": "#0"}
			}
		},
		{
			"from": [5.75, 7, 13],
			"to": [8.25, 8, 15.5],
			"rotation": {"angle": 22.5, "axis": "x", "origin": [8, 15, 21.25]},
			"faces": {
				"north": {"uv": [0.5, 7.5, 3, 8.5], "texture": "#0"},
				"east": {"uv": [1, 7.5, 3.5, 8.5], "texture": "#0"},
				"south": {"uv": [3.5, 7.5, 5, 8.5], "texture": "#0"},
				"west": {"uv": [3, 7.5, 5.5, 8.5], "texture": "#0"},
				"up": {"uv": [0.5, 6.5, 3, 9], "texture": "#0"},
				"down": {"uv": [0, 0, 2.5, 2.5], "texture": "#0"}
			}
		},
		{
			"from": [6, 9, 3],
			"to": [11, 10, 8],
			"rotation": {"angle": 0, "axis": "y", "origin": [14, 17, 11]},
			"faces": {
				"north": {"uv": [0, 0, 5, 1], "texture": "#1"},
				"east": {"uv": [0, 0, 5, 1], "texture": "#1"},
				"south": {"uv": [0, 0, 5, 1], "texture": "#1"},
				"west": {"uv": [0, 0, 5, 1], "texture": "#1"},
				"up": {"uv": [0, 0, 5, 5], "texture": "#1"},
				"down": {"uv": [0, 0, 5, 5], "texture": "#1"}
			}
		},
		{
			"from": [5, 7.25, 9.5],
			"to": [9, 10.25, 13.5],
			"rotation": {"angle": 22.5, "axis": "x", "origin": [5, 10.25, 9.5]},
			"faces": {
				"north": {"uv": [0, 0, 4, 3], "texture": "#1"},
				"east": {"uv": [0, 0, 4, 3], "texture": "#1"},
				"south": {"uv": [0, 0, 4, 3], "texture": "#1"},
				"west": {"uv": [0, 0, 4, 3], "texture": "#1"},
				"up": {"uv": [0, 0, 4, 4], "texture": "#1"},
				"down": {"uv": [0, 0, 4, 4], "texture": "#1"}
			}
		},
		{
			"from": [7, 10, 4],
			"to": [10, 11, 7],
			"rotation": {"angle": 0, "axis": "y", "origin": [14, 18, 11]},
			"faces": {
				"north": {"uv": [0, 0, 3, 1], "texture": "#1"},
				"east": {"uv": [0, 0, 3, 1], "texture": "#1"},
				"south": {"uv": [0, 0, 3, 1], "texture": "#1"},
				"west": {"uv": [0, 0, 3, 1], "texture": "#1"},
				"up": {"uv": [0, 0, 3, 3], "texture": "#1"},
				"down": {"uv": [0, 0, 3, 3], "texture": "#1"}
			}
		},
		{
			"from": [6, 6.5, 13],
			"to": [8, 7.5, 15],
			"rotation": {"angle": 22.5, "axis": "x", "origin": [7, 14.5, 20]},
			"faces": {
				"north": {"uv": [0, 0, 2, 1], "texture": "#1"},
				"east": {"uv": [0, 0, 2, 1], "texture": "#1"},
				"south": {"uv": [0, 0, 2, 1], "texture": "#1"},
				"west": {"uv": [0, 0, 2, 1], "texture": "#1"},
				"up": {"uv": [0, 0, 2, 2], "texture": "#1"},
				"down": {"uv": [0, 0, 2, 2], "texture": "#1"}
			}
		}
	],
	"display": {
		"thirdperson_righthand": {
			"rotation": [70, 5, 0],
			"translation": [-12.25, -5.5, 1.75],
			"scale": [0.64023, 0.69102, 0.70273]
		},
		"thirdperson_lefthand": {
			"rotation": [70, 180, 0],
			"translation": [0.75, -3.5, -2.5],
			"scale": [0.9, 0.9, 0.9]
		},
		"firstperson_righthand": {
			"rotation": [0, 31, 0],
			"translation": [2.25, 0, 0]
		},
		"firstperson_lefthand": {
			"rotation": [0, 31, 0],
			"translation": [2.25, 0, 0]
		},
		"ground": {
			"translation": [0, 2.25, 0],
			"scale": [0.4, 0.4, 0.4]
		},
		"gui": {
			"rotation": [30, 45, 0],
			"translation": [0.25, 2, 0],
			"scale": [0.93, 0.93, 0.93]
		},
		"head": {
			"rotation": [5, 12, 0],
			"translation": [-10.25, -24, 0.25],
			"scale": [0.96, 1.02, 0.93]
		},
		"fixed": {
			"rotation": [-90, 0, 0],
			"translation": [0, 0, -16],
			"scale": [2, 2, 2]
		}
	}
}