{
	"credit": "Made with Blockbench",
	"texture_size": [128, 128],
	"textures": {
		"0": "item/prismarine_shard/big_anvil",
		"particle": "item/prismarine_shard/big_anvil"
	},
	"elements": [
		{
			"from": [9.41421, 18, -9.89949],
			"to": [17.41421, 22, 6.10051],
			"rotation": {"angle": -45, "axis": "y", "origin": [0, -8, 0]},
			"faces": {
				"north": {"uv": [9.25, 5.375, 10.25, 5.875], "texture": "#0"},
				"east": {"uv": [7.25, 5.375, 9.25, 5.875], "texture": "#0"},
				"south": {"uv": [12.25, 5.375, 13.25, 5.875], "texture": "#0"},
				"west": {"uv": [10.25, 5.375, 12.25, 5.875], "texture": "#0"},
				"up": {"uv": [10.25, 5.375, 9.25, 3.375], "texture": "#0"},
				"down": {"uv": [11.25, 3.375, 10.25, 5.375], "texture": "#0"}
			}
		},
		{
			"from": [-8, 10, 0],
			"to": [24, 18, 16],
			"rotation": {"angle": 0, "axis": "y", "origin": [0, -8, 0]},
			"faces": {
				"north": {"uv": [2, 2, 6, 3], "texture": "#0"},
				"east": {"uv": [0, 2, 2, 3], "texture": "#0"},
				"south": {"uv": [8, 2, 12, 3], "texture": "#0"},
				"west": {"uv": [6, 2, 8, 3], "texture": "#0"},
				"up": {"uv": [2, 0, 6, 2], "texture": "#0"},
				"down": {"uv": [6, 0, 10, 2], "texture": "#0"}
			}
		},
		{
			"from": [0, 3, 1.5],
			"to": [16, 13, 14.5],
			"rotation": {"angle": 0, "axis": "y", "origin": [0, -5, 0]},
			"faces": {
				"north": {"uv": [1.625, 4.625, 3.625, 5.875], "texture": "#0"},
				"east": {"uv": [0, 4.625, 1.625, 5.875], "texture": "#0"},
				"south": {"uv": [5.25, 4.625, 7.25, 5.875], "texture": "#0"},
				"west": {"uv": [3.625, 4.625, 5.25, 5.875], "texture": "#0"},
				"up": {"uv": [3.625, 4.625, 1.625, 3], "texture": "#0"},
				"down": {"uv": [5.625, 3, 3.625, 4.625], "texture": "#0"}
			}
		},
		{
			"from": [-4.5, 3, -2],
			"to": [20.5, 7, 18],
			"rotation": {"angle": 0, "axis": "y", "origin": [0, -1, 0]},
			"faces": {
				"north": {"uv": [2.5, 8.375, 5.625, 8.875], "texture": "#0"},
				"east": {"uv": [0, 8.375, 2.5, 8.875], "texture": "#0"},
				"south": {"uv": [8.125, 8.375, 11.25, 8.875], "texture": "#0"},
				"west": {"uv": [5.625, 8.375, 8.125, 8.875], "texture": "#0"},
				"up": {"uv": [5.625, 8.375, 2.5, 5.875], "texture": "#0"},
				"down": {"uv": [8.75, 5.875, 5.625, 8.375], "texture": "#0"}
			}
		},
		{
			"from": [-8, 0, -4],
			"to": [24.5, 4, 20],
			"rotation": {"angle": 0, "axis": "y", "origin": [0, 0, 0]},
			"faces": {
				"north": {"uv": [3, 12, 7, 12.5], "texture": "#0"},
				"east": {"uv": [0, 12, 3, 12.5], "texture": "#0"},
				"south": {"uv": [10, 12, 14, 12.5], "texture": "#0"},
				"west": {"uv": [7, 12, 10, 12.5], "texture": "#0"},
				"up": {"uv": [7, 12, 3, 9], "texture": "#0"},
				"down": {"uv": [11, 9, 7, 12], "texture": "#0"}
			}
		}
	],
	"display": {
		"thirdperson_righthand": {
			"scale": [0.3, 0.3, 0.3]
		},
		"thirdperson_lefthand": {
			"scale": [0.3, 0.3, 0.3]
		},
		"firstperson_righthand": {
			"scale": [0.3, 0.3, 0.3]
		},
		"firstperson_lefthand": {
			"scale": [0.3, 0.3, 0.3]
		},
		"ground": {
			"scale": [0.3, 0.3, 0.3]
		},
		"gui": {
			"rotation": [40, 140, 0],
			"translation": [0.25, 0, 0],
			"scale": [0.38, 0.38, 0.38]
		},
		"fixed": {
			"rotation": [-90, 0, 0],
			"translation": [0, 0, -15],
			"scale": [2, 2, 2]
		}
	}
}