{
	"credit": "Made with Blockbench",
	"textures": {
		"0": "item/prismarine_shard/book1",
		"particle": "custom/decorations/book_stack_1"
	},
	"elements": [
		{
			"from": [8, 0, 3.5],
			"to": [9, 0, 12.5],
			"rotation": {"angle": 0, "axis": "z", "origin": [8, 0, 7]},
			"faces": {
				"east": {"uv": [0, 0, 0, 2.5], "rotation": 90, "texture": "#0"},
				"south": {"uv": [0, 0, 0, 0.5], "rotation": 90, "texture": "#0"},
				"west": {"uv": [0, 0, 0, 2.5], "rotation": 90, "texture": "#0"},
				"up": {"uv": [3, 0, 3.5, 2.5], "rotation": 180, "texture": "#0"},
				"down": {"uv": [3.25, 0, 3.75, 2.5], "rotation": 180, "texture": "#0"}
			}
		},
		{
			"from": [2.25, 0, 3.5],
			"to": [8.5, 0, 12.5],
			"rotation": {"angle": -22.5, "axis": "z", "origin": [8, 1, 2]},
			"faces": {
				"east": {"uv": [0, 0, 2.5, 0], "texture": "#0"},
				"south": {"uv": [0, 0, 1.5, 0], "texture": "#0"},
				"west": {"uv": [0, 0, 2.5, 0], "texture": "#0"},
				"up": {"uv": [2.25, 0, 3.75, 2.5], "texture": "#0"},
				"down": {"uv": [4, 0, 2.5, 2.5], "rotation": 180, "texture": "#0"}
			}
		},
		{
			"from": [9, 0, 3.5],
			"to": [13.75, 0, 12.5],
			"rotation": {"angle": 0, "axis": "z", "origin": [3, 8, 7]},
			"faces": {
				"east": {"uv": [0, 0, 2.5, 0], "rotation": 180, "texture": "#0"},
				"south": {"uv": [0, 0, 1.5, 0], "rotation": 180, "texture": "#0"},
				"west": {"uv": [0, 0, 2.5, 0], "rotation": 180, "texture": "#0"},
				"up": {"uv": [2.25, 0, 3.75, 2.5], "rotation": 180, "texture": "#0"},
				"down": {"uv": [2.5, 0, 4, 2.5], "rotation": 180, "texture": "#0"}
			}
		},
		{
			"from": [8, 0.01, 4],
			"to": [13, 1.01, 12],
			"rotation": {"angle": 0, "axis": "z", "origin": [4, 8, 8]},
			"faces": {
				"north": {"uv": [3.25, 5.5, 4.5, 6.75], "texture": "#0"},
				"east": {"uv": [1.5, 6.25, 2.75, 7.25], "texture": "#0"},
				"south": {"uv": [3.75, 5.5, 5, 6], "texture": "#0"},
				"west": {"uv": [1.5, 0.25, 1.75, 2.25], "rotation": 270, "texture": "#0"},
				"up": {"uv": [0.25, 5.75, 1.5, 7.75], "rotation": 180, "texture": "#0"},
				"down": {"uv": [0.25, 0.25, 1.5, 2.25], "rotation": 180, "texture": "#0"}
			}
		},
		{
			"from": [3, 0.01, 4],
			"to": [8, 1.01, 12],
			"rotation": {"angle": -22.5, "axis": "z", "origin": [8, 1, 8]},
			"faces": {
				"north": {"uv": [3.75, 5.5, 5, 6.5], "texture": "#0"},
				"east": {"uv": [1.75, 0.25, 2, 2.25], "rotation": 90, "texture": "#0"},
				"south": {"uv": [3.75, 5.5, 5, 6], "texture": "#0"},
				"west": {"uv": [1.25, 6.25, 2.5, 7.25], "texture": "#0"},
				"up": {"uv": [1.75, 5.75, 3, 7.75], "texture": "#0"},
				"down": {"uv": [0.25, 0.25, 1.5, 2.25], "texture": "#0"}
			}
		},
		{
			"from": [8.01435, 0.99565, 4],
			"to": [8.01435, 5.99565, 12],
			"rotation": {"angle": 45, "axis": "z", "origin": [8, 0.99565, 7.99212]},
			"faces": {
				"east": {"uv": [0.5, 5.75, 1.75, 7.75], "rotation": 90, "texture": "#0"},
				"west": {"uv": [0.5, 5.75, 1.75, 7.75], "rotation": 90, "texture": "#0"}
			}
		},
		{
			"from": [8, 1.01, 4],
			"to": [13, 1.01, 12],
			"rotation": {"angle": 22.5, "axis": "z", "origin": [8, 0.99565, 7.99212]},
			"faces": {
				"up": {"uv": [4.75, 7.75, 6, 5.75], "rotation": 180, "texture": "#0"},
				"down": {"uv": [4.75, 7.75, 6, 5.75], "rotation": 180, "texture": "#0"}
			}
		}
	],
	"display": {
		"thirdperson_righthand": {
			"rotation": [57, -12, 38],
			"translation": [-3, 5, 3.75],
			"scale": [0.93, 0.91, 0.91]
		},
		"thirdperson_lefthand": {
			"rotation": [55, -14, 0],
			"translation": [1, 4.25, 4.5],
			"scale": [0.91, 0.93, 0.91]
		},
		"firstperson_righthand": {
			"rotation": [34, 10, 28],
			"translation": [-2, 5.75, 6.5]
		},
		"firstperson_lefthand": {
			"rotation": [34, 10, 28],
			"translation": [-2, 5.75, 6.5]
		},
		"ground": {
			"translation": [0, 3.5, 0],
			"scale": [0.6, 0.6, 0.6]
		},
		"gui": {
			"rotation": [44, -180, 33],
			"translation": [4.75, 5.25, 0],
			"scale": [0.98, 1.21, 1.21]
		},
		"head": {
			"translation": [0, 19.26, 0],
			"scale": [1.6, 1.6, 1.6]
		},
		"fixed": {
			"rotation": [-90, 0, 0],
			"translation": [0, 0, -16.26],
			"scale": [2, 2, 2]
		}
	},
	"groups": [
		{
			"name": "group",
			"origin": [8, 8, 8],
			"children": [0, 1, 2, 3, 4, 5, 6]
		}
	]
}