{
	"credit": "Made with Blockbench",
	"parent": "item/generated",
	"textures": {
		"layer0": "item/prismarine_shard/igla"
	},
	"display": {
		"thirdperson_righthand": {
			"rotation": [12, 87, 38],
			"translation": [-0.25, 1.25, 0.75],
			"scale": [0.64, 0.65, 0.67]
		},
		"thirdperson_lefthand": {
			"rotation": [12, -87, -42],
			"translation": [-0.25, 1.25, 0.75],
			"scale": [0.64, 0.65, 0.67]
		},
		"firstperson_righthand": {
			"rotation": [-5, 72, -38],
			"translation": [3, 1.25, 0],
			"scale": [0.82, 0.84, 0.85]
		},
		"firstperson_lefthand": {
			"rotation": [-70, -96, -31],
			"translation": [3, 1.25, 0],
			"scale": [0.82, 0.84, 0.85]
		},
		"ground": {
			"scale": [0.65, 0.65, 0.67]
		},
		"gui": {
			"rotation": [0, -180, 0]
		}
	}
}