{
	"credit": "Made with Blockbench",
	"textures": {
		"1": "block/gold_block",
		"2": "item/prismarine_shard/glass",
		"3": "block/acacia_planks",
		"particle": "item/prismarine_shard/glass"
	},
	"elements": [
		{
			"from": [6, 0.25, 5],
			"to": [7, 1, 7],
			"rotation": {"angle": 0, "axis": "y", "origin": [14, 8, 13]},
			"faces": {
				"north": {"uv": [0, 0, 1, 1], "texture": "#1"},
				"east": {"uv": [9, 7, 11, 8], "texture": "#1"},
				"south": {"uv": [0, 2, 1, 3], "texture": "#1"},
				"west": {"uv": [3, 2, 5, 3], "texture": "#1"},
				"up": {"uv": [12, 4, 13, 6], "texture": "#1"},
				"down": {"uv": [0, 2, 1, 4], "texture": "#1"}
			}
		},
		{
			"from": [6, 3, 5],
			"to": [7, 3.75, 7],
			"rotation": {"angle": 0, "axis": "y", "origin": [14, 11, 13]},
			"faces": {
				"north": {"uv": [0, 0, 1, 1], "texture": "#1"},
				"east": {"uv": [5, 4, 7, 5], "texture": "#1"},
				"south": {"uv": [3, 5, 4, 6], "texture": "#1"},
				"west": {"uv": [12, 2, 14, 3], "texture": "#1"},
				"up": {"uv": [0, 1, 1, 3], "texture": "#1"},
				"down": {"uv": [0, 0, 1, 2], "texture": "#1"}
			}
		},
		{
			"from": [6.25, 1.5, 7.75],
			"to": [6.75, 2.5, 11.75],
			"rotation": {"angle": 0, "axis": "z", "origin": [6.75, 2.5, 8]},
			"faces": {
				"north": {"uv": [0, 0, 1, 1], "texture": "#3"},
				"east": {"uv": [10, 4, 16, 6], "texture": "#3"},
				"south": {"uv": [3, 5, 4, 6], "texture": "#3"},
				"west": {"uv": [8, 9, 14, 11], "texture": "#3"},
				"up": {"uv": [15, 3, 16, 9], "texture": "#3"},
				"down": {"uv": [15, 3, 16, 9], "texture": "#3"}
			}
		},
		{
			"from": [6, 1, 7],
			"to": [7, 3, 7.75],
			"rotation": {"angle": 0, "axis": "y", "origin": [14, 10, 15]},
			"faces": {
				"north": {"uv": [0, 2, 1, 4], "texture": "#1"},
				"east": {"uv": [13, 6, 14, 8], "texture": "#1"},
				"south": {"uv": [9, 8, 10, 10], "texture": "#1"},
				"west": {"uv": [8, 6, 9, 8], "texture": "#1"},
				"up": {"uv": [3, 3, 4, 4], "texture": "#1"},
				"down": {"uv": [0, 0, 1, 1], "texture": "#1"}
			}
		},
		{
			"from": [6, 1, 4.25],
			"to": [7, 3, 5],
			"rotation": {"angle": 0, "axis": "y", "origin": [14, 10, 12]},
			"faces": {
				"north": {"uv": [7, 4, 8, 6], "texture": "#1"},
				"east": {"uv": [4, 4, 5, 6], "texture": "#1"},
				"south": {"uv": [8, 3, 9, 5], "texture": "#1"},
				"west": {"uv": [5, 6, 6, 8], "texture": "#1"},
				"up": {"uv": [0, 0, 1, 1], "texture": "#1"},
				"down": {"uv": [0, 0, 1, 1], "texture": "#1"}
			}
		},
		{
			"from": [6.5, 1, 5],
			"to": [6.5, 3, 7],
			"rotation": {"angle": 0, "axis": "y", "origin": [13.5, 9, 13]},
			"faces": {
				"north": {"uv": [0, 0, 0, 2], "texture": "#missing"},
				"east": {"uv": [0, 0, 7, 7], "texture": "#2"},
				"south": {"uv": [0, 0, 0, 2], "texture": "#missing"},
				"west": {"uv": [0, 0, 7, 7], "texture": "#2"},
				"up": {"uv": [0, 0, 0, 2], "texture": "#missing"},
				"down": {"uv": [0, 0, 0, 2], "texture": "#missing"}
			}
		}
	],
	"display": {
		"thirdperson_righthand": {
			"rotation": [107, 29, -107],
			"translation": [3.75, 5, -0.75]
		},
		"thirdperson_lefthand": {
			"rotation": [107, 29, -107],
			"translation": [3.75, 5, 2.25]
		},
		"firstperson_righthand": {
			"rotation": [66, 20, -83],
			"translation": [3.5, 5, 1.5]
		},
		"firstperson_lefthand": {
			"rotation": [66, 20, -83],
			"translation": [7.25, 5, 1.5]
		},
		"ground": {
			"rotation": [0, 0, 90],
			"translation": [-6, -1.75, 0]
		},
		"gui": {
			"rotation": [-96, 135, 68],
			"translation": [7, 6, 0],
			"scale": [1.86, 1.86, 1.63]
		},
		"head": {
			"rotation": [0, -90, 0],
			"translation": [0.25, 11, -4.25],
			"scale": [2, 2, 2]
		},
		"fixed": {
			"rotation": [91.5, -36, 92],
			"translation": [-12.75, 8, 3],
			"scale": [2.33, 2.33, 2.33]
		}
	}
}