{
	"credit": "Made with Blockbench",
	"textures": {
		"particle": "item/prismarine_shard/mace2",
		"1_0": "item/prismarine_shard/mace2"
	},
	"elements": [
		{
			"from": [5.5, 9, -7],
			"to": [10.5, 14, -2],
			"rotation": {"angle": 0, "axis": "y", "origin": [8, 5, 8]},
			"faces": {
				"north": {"uv": [0, 0, 5, 5], "texture": "#1_0"},
				"east": {"uv": [0, 0, 5, 5], "texture": "#1_0"},
				"south": {"uv": [0, 0, 5, 5], "texture": "#1_0"},
				"west": {"uv": [0, 0, 5, 5], "texture": "#1_0"},
				"up": {"uv": [6, 0, 11, 5], "texture": "#1_0"},
				"down": {"uv": [6, 0, 11, 5], "texture": "#1_0"}
			}
		},
		{
			"from": [4.5, 11, -5],
			"to": [6.5, 12, -4],
			"rotation": {"angle": 0, "axis": "y", "origin": [9, 5, 8]},
			"faces": {
				"north": {"uv": [15, 0, 16, 2], "rotation": 270, "texture": "#1_0"},
				"east": {"uv": [15, 0, 16, 2], "rotation": 270, "texture": "#1_0"},
				"south": {"uv": [15, 0, 16, 2], "rotation": 270, "texture": "#1_0"},
				"west": {"uv": [15, 0, 16, 1], "rotation": 270, "texture": "#1_0"},
				"up": {"uv": [15, 0, 16, 2], "rotation": 270, "texture": "#1_0"},
				"down": {"uv": [15, 0, 16, 2], "rotation": 270, "texture": "#1_0"}
			}
		},
		{
			"from": [9.5, 11, -5],
			"to": [11.5, 12, -4],
			"rotation": {"angle": 0, "axis": "y", "origin": [7, 5, 8]},
			"faces": {
				"north": {"uv": [15, 0, 16, 2], "rotation": 270, "texture": "#1_0"},
				"east": {"uv": [15, 0, 16, 1], "rotation": 270, "texture": "#1_0"},
				"south": {"uv": [15, 0, 16, 2], "rotation": 90, "texture": "#1_0"},
				"west": {"uv": [15, 0, 16, 2], "rotation": 270, "texture": "#1_0"},
				"up": {"uv": [15, 0, 16, 2], "rotation": 90, "texture": "#1_0"},
				"down": {"uv": [15, 0, 16, 2], "rotation": 270, "texture": "#1_0"}
			}
		},
		{
			"from": [7.5, 11, -8],
			"to": [8.5, 12, -6],
			"rotation": {"angle": 0, "axis": "y", "origin": [8, 5, 9]},
			"faces": {
				"north": {"uv": [15, 0, 16, 1], "rotation": 270, "texture": "#1_0"},
				"east": {"uv": [15, 0, 16, 2], "rotation": 90, "texture": "#1_0"},
				"south": {"uv": [15, 0, 16, 2], "rotation": 270, "texture": "#1_0"},
				"west": {"uv": [15, 0, 16, 2], "rotation": 270, "texture": "#1_0"},
				"up": {"uv": [15, 0, 16, 2], "texture": "#1_0"},
				"down": {"uv": [15, 0, 16, 2], "rotation": 180, "texture": "#1_0"}
			}
		},
		{
			"from": [7.5, 13, -5],
			"to": [8.5, 15, -4],
			"rotation": {"angle": 0, "axis": "y", "origin": [8, 4, 8]},
			"faces": {
				"north": {"uv": [15, 0, 16, 2], "texture": "#1_0"},
				"east": {"uv": [15, 0, 16, 2], "texture": "#1_0"},
				"south": {"uv": [15, 0, 16, 2], "texture": "#1_0"},
				"west": {"uv": [15, 0, 16, 2], "texture": "#1_0"},
				"up": {"uv": [15, 0, 16, 1], "rotation": 270, "texture": "#1_0"},
				"down": {"uv": [15, 0, 16, 2], "rotation": 270, "texture": "#1_0"}
			}
		},
		{
			"from": [7.5, 8, -5],
			"to": [8.5, 10, -4],
			"rotation": {"angle": 0, "axis": "y", "origin": [8, 6, 8]},
			"faces": {
				"north": {"uv": [15, 0, 16, 2], "rotation": 180, "texture": "#1_0"},
				"east": {"uv": [15, 0, 16, 2], "rotation": 180, "texture": "#1_0"},
				"south": {"uv": [15, 0, 16, 2], "rotation": 180, "texture": "#1_0"},
				"west": {"uv": [15, 0, 16, 2], "rotation": 180, "texture": "#1_0"},
				"up": {"uv": [15, 0, 16, 2], "rotation": 270, "texture": "#1_0"},
				"down": {"uv": [15, 0, 16, 1], "rotation": 270, "texture": "#1_0"}
			}
		},
		{
			"from": [5.5, 4, -3],
			"to": [10.5, 9, 2],
			"faces": {
				"north": {"uv": [0, 0, 5, 5], "rotation": 270, "texture": "#1_0"},
				"east": {"uv": [0, 0, 5, 5], "rotation": 270, "texture": "#1_0"},
				"south": {"uv": [0, 0, 5, 5], "rotation": 270, "texture": "#1_0"},
				"west": {"uv": [0, 0, 5, 5], "rotation": 270, "texture": "#1_0"},
				"up": {"uv": [6, 0, 11, 5], "texture": "#1_0"},
				"down": {"uv": [6, 0, 11, 5], "texture": "#1_0"}
			}
		},
		{
			"from": [4.5, 6, -1],
			"to": [6.5, 7, 0],
			"rotation": {"angle": 0, "axis": "y", "origin": [9, 8, 8]},
			"faces": {
				"north": {"uv": [15, 0, 16, 2], "rotation": 90, "texture": "#1_0"},
				"east": {"uv": [15, 0, 16, 2], "rotation": 270, "texture": "#1_0"},
				"south": {"uv": [15, 0, 16, 2], "rotation": 270, "texture": "#1_0"},
				"west": {"uv": [15, 0, 16, 2], "rotation": 270, "texture": "#1_0"},
				"up": {"uv": [15, 0, 16, 2], "rotation": 270, "texture": "#1_0"},
				"down": {"uv": [15, 0, 16, 2], "rotation": 270, "texture": "#1_0"}
			}
		},
		{
			"from": [9.5, 6, -1],
			"to": [11.5, 7, 0],
			"rotation": {"angle": 0, "axis": "y", "origin": [7, 8, 8]},
			"faces": {
				"north": {"uv": [15, 0, 16, 2], "rotation": 270, "texture": "#1_0"},
				"east": {"uv": [15, 0, 16, 1], "rotation": 270, "texture": "#1_0"},
				"south": {"uv": [15, 0, 16, 2], "rotation": 90, "texture": "#1_0"},
				"west": {"uv": [15, 0, 16, 2], "rotation": 270, "texture": "#1_0"},
				"up": {"uv": [15, 0, 16, 2], "rotation": 90, "texture": "#1_0"},
				"down": {"uv": [15, 0, 16, 2], "rotation": 90, "texture": "#1_0"}
			}
		},
		{
			"from": [7.5, 6, -4],
			"to": [8.5, 7, -2],
			"rotation": {"angle": 0, "axis": "y", "origin": [8, 8, 9]},
			"faces": {
				"north": {"uv": [15, 0, 16, 1], "rotation": 270, "texture": "#1_0"},
				"east": {"uv": [15, 0, 16, 2], "rotation": 90, "texture": "#1_0"},
				"south": {"uv": [15, 0, 16, 2], "rotation": 270, "texture": "#1_0"},
				"west": {"uv": [15, 0, 16, 2], "rotation": 270, "texture": "#1_0"},
				"up": {"uv": [15, 0, 16, 2], "texture": "#1_0"},
				"down": {"uv": [15, 0, 16, 2], "rotation": 180, "texture": "#1_0"}
			}
		},
		{
			"from": [7.5, 3, -1],
			"to": [8.5, 5, 0],
			"rotation": {"angle": 0, "axis": "y", "origin": [8, 9, 8]},
			"faces": {
				"north": {"uv": [15, 0, 16, 2], "rotation": 180, "texture": "#1_0"},
				"east": {"uv": [15, 0, 16, 2], "rotation": 180, "texture": "#1_0"},
				"south": {"uv": [15, 0, 16, 2], "rotation": 180, "texture": "#1_0"},
				"west": {"uv": [15, 0, 16, 2], "rotation": 180, "texture": "#1_0"},
				"up": {"uv": [15, 0, 16, 2], "rotation": 270, "texture": "#1_0"},
				"down": {"uv": [15, 0, 16, 1], "rotation": 270, "texture": "#1_0"}
			}
		},
		{
			"from": [7.5, 6, 1],
			"to": [8.5, 7, 3],
			"rotation": {"angle": 0, "axis": "y", "origin": [8, 8, 7]},
			"faces": {
				"north": {"uv": [15, 0, 16, 2], "rotation": 270, "texture": "#1_0"},
				"east": {"uv": [15, 0, 16, 2], "rotation": 270, "texture": "#1_0"},
				"south": {"uv": [15, 0, 16, 2], "rotation": 270, "texture": "#1_0"},
				"west": {"uv": [15, 0, 16, 2], "rotation": 270, "texture": "#1_0"},
				"up": {"uv": [15, 0, 16, 2], "rotation": 270, "texture": "#1_0"},
				"down": {"uv": [15, 0, 16, 2], "rotation": 270, "texture": "#1_0"}
			}
		},
		{
			"from": [7.55, 6, 13],
			"to": [8.45, 8, 15],
			"rotation": {"angle": -22.5, "axis": "x", "origin": [8, 8, 8]},
			"faces": {
				"north": {"uv": [1, 14, 2, 16], "texture": "#1_0"},
				"east": {"uv": [0, 14, 2, 16], "texture": "#1_0"},
				"south": {"uv": [0, 14, 1, 16], "texture": "#1_0"},
				"west": {"uv": [0, 14, 2, 16], "texture": "#1_0"},
				"up": {"uv": [0, 14, 2, 15], "rotation": 270, "texture": "#1_0"},
				"down": {"uv": [0, 15, 2, 16], "rotation": 90, "texture": "#1_0"}
			}
		},
		{
			"from": [7.55, 7, 12],
			"to": [8.45, 8, 13],
			"rotation": {"angle": -22.5, "axis": "x", "origin": [8, 8, 8]},
			"faces": {
				"north": {"uv": [2, 14, 3, 15], "texture": "#1_0"},
				"east": {"uv": [2, 14, 3, 15], "texture": "#1_0"},
				"south": {"uv": [2, 14, 3, 15], "texture": "#1_0"},
				"west": {"uv": [2, 14, 3, 15], "texture": "#1_0"},
				"up": {"uv": [2, 14, 3, 15], "rotation": 90, "texture": "#1_0"},
				"down": {"uv": [2, 14, 3, 15], "rotation": 270, "texture": "#1_0"}
			}
		},
		{
			"from": [7.55, 8, 11],
			"to": [8.45, 9, 12],
			"rotation": {"angle": -22.5, "axis": "x", "origin": [8, 8, 8]},
			"faces": {
				"north": {"uv": [2, 14, 3, 15], "texture": "#1_0"},
				"east": {"uv": [3, 13, 4, 14], "texture": "#1_0"},
				"south": {"uv": [2, 14, 3, 15], "texture": "#1_0"},
				"west": {"uv": [2, 14, 3, 15], "texture": "#1_0"},
				"up": {"uv": [2, 14, 3, 15], "rotation": 90, "texture": "#1_0"},
				"down": {"uv": [2, 14, 3, 15], "rotation": 270, "texture": "#1_0"}
			}
		},
		{
			"from": [7.55, 9, 10],
			"to": [8.45, 10, 11],
			"rotation": {"angle": -22.5, "axis": "x", "origin": [8, 8, 8]},
			"faces": {
				"north": {"uv": [4, 12, 5, 13], "texture": "#1_0"},
				"east": {"uv": [2, 14, 3, 15], "texture": "#1_0"},
				"south": {"uv": [2, 14, 3, 15], "texture": "#1_0"},
				"west": {"uv": [2, 14, 3, 15], "texture": "#1_0"},
				"up": {"uv": [2, 14, 3, 15], "rotation": 90, "texture": "#1_0"},
				"down": {"uv": [2, 14, 3, 15], "rotation": 270, "texture": "#1_0"}
			}
		},
		{
			"from": [7.55, 9, 11],
			"to": [8.45, 10, 12],
			"rotation": {"angle": -22.5, "axis": "x", "origin": [8, 8, 8]},
			"faces": {
				"north": {"uv": [3, 12, 4, 13], "texture": "#1_0"},
				"east": {"uv": [3, 12, 4, 13], "texture": "#1_0"},
				"south": {"uv": [3, 12, 4, 13], "texture": "#1_0"},
				"west": {"uv": [3, 12, 4, 13], "texture": "#1_0"},
				"up": {"uv": [3, 12, 4, 13], "rotation": 90, "texture": "#1_0"},
				"down": {"uv": [3, 12, 4, 13], "rotation": 270, "texture": "#1_0"}
			}
		},
		{
			"from": [7.55, 8, 12],
			"to": [8.45, 9, 13],
			"rotation": {"angle": -22.5, "axis": "x", "origin": [8, 8, 8]},
			"faces": {
				"north": {"uv": [2, 13, 3, 14], "texture": "#1_0"},
				"east": {"uv": [2, 13, 3, 14], "texture": "#1_0"},
				"south": {"uv": [2, 13, 3, 14], "texture": "#1_0"},
				"west": {"uv": [2, 13, 3, 14], "texture": "#1_0"},
				"up": {"uv": [2, 13, 3, 14], "rotation": 90, "texture": "#1_0"},
				"down": {"uv": [2, 13, 3, 14], "rotation": 270, "texture": "#1_0"}
			}
		},
		{
			"from": [7.55, 8, 13],
			"to": [8.45, 9, 14],
			"rotation": {"angle": -22.5, "axis": "x", "origin": [8, 8, 8]},
			"faces": {
				"north": {"uv": [1, 13, 2, 14], "texture": "#1_0"},
				"east": {"uv": [1, 13, 2, 14], "texture": "#1_0"},
				"south": {"uv": [1, 13, 2, 14], "texture": "#1_0"},
				"west": {"uv": [1, 13, 2, 14], "texture": "#1_0"},
				"up": {"uv": [1, 13, 2, 14], "rotation": 90, "texture": "#1_0"},
				"down": {"uv": [1, 13, 2, 14], "rotation": 270, "texture": "#1_0"}
			}
		},
		{
			"from": [7.55, 9, 12],
			"to": [8.45, 10, 13],
			"rotation": {"angle": -22.5, "axis": "x", "origin": [8, 8, 8]},
			"faces": {
				"north": {"uv": [2, 12, 3, 13], "texture": "#1_0"},
				"east": {"uv": [2, 12, 3, 13], "texture": "#1_0"},
				"south": {"uv": [2, 12, 3, 13], "texture": "#1_0"},
				"west": {"uv": [2, 12, 3, 13], "texture": "#1_0"},
				"up": {"uv": [2, 12, 3, 13], "rotation": 90, "texture": "#1_0"},
				"down": {"uv": [2, 12, 3, 13], "rotation": 270, "texture": "#1_0"}
			}
		},
		{
			"from": [7.55, 10, 11],
			"to": [8.45, 11, 12],
			"rotation": {"angle": -22.5, "axis": "x", "origin": [8, 8, 8]},
			"faces": {
				"north": {"uv": [3, 11, 4, 12], "texture": "#1_0"},
				"east": {"uv": [3, 11, 4, 12], "texture": "#1_0"},
				"south": {"uv": [3, 11, 4, 12], "texture": "#1_0"},
				"west": {"uv": [3, 11, 4, 12], "texture": "#1_0"},
				"up": {"uv": [3, 11, 4, 12], "rotation": 90, "texture": "#1_0"},
				"down": {"uv": [3, 11, 4, 12], "rotation": 270, "texture": "#1_0"}
			}
		},
		{
			"from": [7.55, 10, 10],
			"to": [8.45, 11, 11],
			"rotation": {"angle": -22.5, "axis": "x", "origin": [8, 8, 8]},
			"faces": {
				"north": {"uv": [4, 11, 5, 12], "texture": "#1_0"},
				"east": {"uv": [4, 11, 5, 12], "texture": "#1_0"},
				"south": {"uv": [4, 11, 5, 12], "texture": "#1_0"},
				"west": {"uv": [4, 11, 5, 12], "texture": "#1_0"},
				"up": {"uv": [4, 11, 5, 12], "rotation": 90, "texture": "#1_0"},
				"down": {"uv": [4, 11, 5, 12], "rotation": 270, "texture": "#1_0"}
			}
		},
		{
			"from": [7.55, 11, 10],
			"to": [8.45, 12, 11],
			"rotation": {"angle": -22.5, "axis": "x", "origin": [8, 8, 8]},
			"faces": {
				"north": {"uv": [4, 10, 5, 11], "texture": "#1_0"},
				"east": {"uv": [4, 10, 5, 11], "texture": "#1_0"},
				"south": {"uv": [4, 10, 5, 11], "texture": "#1_0"},
				"west": {"uv": [4, 10, 5, 11], "texture": "#1_0"},
				"up": {"uv": [4, 10, 5, 11], "rotation": 90, "texture": "#1_0"},
				"down": {"uv": [4, 10, 5, 11], "rotation": 270, "texture": "#1_0"}
			}
		},
		{
			"from": [7.55, 12, 9],
			"to": [8.45, 13, 10],
			"rotation": {"angle": -22.5, "axis": "x", "origin": [8, 8, 8]},
			"faces": {
				"north": {"uv": [5, 9, 6, 10], "texture": "#1_0"},
				"east": {"uv": [5, 9, 6, 10], "texture": "#1_0"},
				"south": {"uv": [5, 9, 6, 10], "texture": "#1_0"},
				"west": {"uv": [5, 9, 6, 10], "texture": "#1_0"},
				"up": {"uv": [5, 9, 6, 10], "rotation": 90, "texture": "#1_0"},
				"down": {"uv": [5, 9, 6, 10], "rotation": 270, "texture": "#1_0"}
			}
		},
		{
			"from": [7.55, 13, 8],
			"to": [8.45, 14, 9],
			"rotation": {"angle": -22.5, "axis": "x", "origin": [8, 8, 8]},
			"faces": {
				"north": {"uv": [6, 8, 7, 9], "texture": "#1_0"},
				"east": {"uv": [6, 8, 7, 9], "texture": "#1_0"},
				"south": {"uv": [6, 8, 7, 9], "texture": "#1_0"},
				"west": {"uv": [6, 8, 7, 9], "texture": "#1_0"},
				"up": {"uv": [6, 8, 7, 9], "rotation": 90, "texture": "#1_0"},
				"down": {"uv": [6, 8, 7, 9], "rotation": 270, "texture": "#1_0"}
			}
		},
		{
			"from": [7.55, 12, 8],
			"to": [8.45, 13, 9],
			"rotation": {"angle": -22.5, "axis": "x", "origin": [8, 8, 8]},
			"faces": {
				"north": {"uv": [6, 9, 7, 10], "texture": "#1_0"},
				"east": {"uv": [6, 9, 7, 10], "texture": "#1_0"},
				"south": {"uv": [6, 9, 7, 10], "texture": "#1_0"},
				"west": {"uv": [6, 9, 7, 10], "texture": "#1_0"},
				"up": {"uv": [6, 9, 7, 10], "rotation": 90, "texture": "#1_0"},
				"down": {"uv": [6, 9, 7, 10], "rotation": 270, "texture": "#1_0"}
			}
		},
		{
			"from": [7.55, 11, 8],
			"to": [8.45, 12, 9],
			"rotation": {"angle": -22.5, "axis": "x", "origin": [8, 8, 8]},
			"faces": {
				"north": {"uv": [6, 10, 7, 11], "texture": "#1_0"},
				"east": {"uv": [6, 10, 7, 11], "texture": "#1_0"},
				"south": {"uv": [6, 10, 7, 11], "texture": "#1_0"},
				"west": {"uv": [6, 10, 7, 11], "texture": "#1_0"},
				"up": {"uv": [6, 10, 7, 11], "rotation": 90, "texture": "#1_0"},
				"down": {"uv": [6, 10, 7, 11], "rotation": 270, "texture": "#1_0"}
			}
		},
		{
			"from": [7.55, 11, 9],
			"to": [8.45, 12, 10],
			"rotation": {"angle": -22.5, "axis": "x", "origin": [8, 8, 8]},
			"faces": {
				"north": {"uv": [5, 10, 6, 11], "texture": "#1_0"},
				"east": {"uv": [5, 10, 6, 11], "texture": "#1_0"},
				"south": {"uv": [5, 10, 6, 11], "texture": "#1_0"},
				"west": {"uv": [5, 10, 6, 11], "texture": "#1_0"},
				"up": {"uv": [5, 10, 6, 11], "rotation": 90, "texture": "#1_0"},
				"down": {"uv": [5, 10, 6, 11], "rotation": 270, "texture": "#1_0"}
			}
		},
		{
			"from": [7.55, 10, 9],
			"to": [8.45, 11, 10],
			"rotation": {"angle": -22.5, "axis": "x", "origin": [8, 8, 8]},
			"faces": {
				"north": {"uv": [5, 11, 6, 12], "texture": "#1_0"},
				"east": {"uv": [5, 11, 6, 12], "texture": "#1_0"},
				"south": {"uv": [5, 11, 6, 12], "texture": "#1_0"},
				"west": {"uv": [5, 11, 6, 12], "texture": "#1_0"},
				"up": {"uv": [5, 11, 6, 12], "rotation": 90, "texture": "#1_0"},
				"down": {"uv": [5, 11, 6, 12], "rotation": 270, "texture": "#1_0"}
			}
		},
		{
			"from": [7.55, 12, 7],
			"to": [8.45, 13, 8],
			"rotation": {"angle": -22.5, "axis": "x", "origin": [8, 8, 8]},
			"faces": {
				"north": {"uv": [7, 9, 8, 10], "texture": "#1_0"},
				"east": {"uv": [7, 9, 8, 10], "texture": "#1_0"},
				"south": {"uv": [7, 9, 8, 10], "texture": "#1_0"},
				"west": {"uv": [7, 9, 8, 10], "texture": "#1_0"},
				"up": {"uv": [7, 9, 8, 10], "rotation": 90, "texture": "#1_0"},
				"down": {"uv": [7, 9, 8, 10], "rotation": 270, "texture": "#1_0"}
			}
		},
		{
			"from": [7.55, 13, 7],
			"to": [8.45, 14, 8],
			"rotation": {"angle": -22.5, "axis": "x", "origin": [8, 8, 8]},
			"faces": {
				"north": {"uv": [7, 8, 8, 9], "texture": "#1_0"},
				"east": {"uv": [7, 8, 8, 9], "texture": "#1_0"},
				"south": {"uv": [7, 8, 8, 9], "texture": "#1_0"},
				"west": {"uv": [7, 8, 8, 9], "texture": "#1_0"},
				"up": {"uv": [7, 8, 8, 9], "rotation": 90, "texture": "#1_0"},
				"down": {"uv": [7, 8, 8, 9], "rotation": 270, "texture": "#1_0"}
			}
		},
		{
			"from": [7.55, 13, 6],
			"to": [8.45, 14, 7],
			"rotation": {"angle": -22.5, "axis": "x", "origin": [8, 8, 8]},
			"faces": {
				"north": {"uv": [8, 8, 9, 9], "texture": "#1_0"},
				"east": {"uv": [8, 8, 9, 9], "texture": "#1_0"},
				"south": {"uv": [8, 8, 9, 9], "texture": "#1_0"},
				"west": {"uv": [8, 8, 9, 9], "texture": "#1_0"},
				"up": {"uv": [8, 8, 9, 9], "rotation": 90, "texture": "#1_0"},
				"down": {"uv": [8, 8, 9, 9], "rotation": 270, "texture": "#1_0"}
			}
		},
		{
			"from": [7.55, 14, 7],
			"to": [8.45, 15, 8],
			"rotation": {"angle": -22.5, "axis": "x", "origin": [8, 8, 8]},
			"faces": {
				"north": {"uv": [7, 7, 8, 8], "texture": "#1_0"},
				"east": {"uv": [7, 7, 8, 8], "texture": "#1_0"},
				"south": {"uv": [7, 7, 8, 8], "texture": "#1_0"},
				"west": {"uv": [7, 7, 8, 8], "texture": "#1_0"},
				"up": {"uv": [7, 7, 8, 8], "rotation": 90, "texture": "#1_0"},
				"down": {"uv": [7, 7, 8, 8], "rotation": 270, "texture": "#1_0"}
			}
		},
		{
			"from": [7.55, 14, 6],
			"to": [8.45, 15, 7],
			"rotation": {"angle": -22.5, "axis": "x", "origin": [8, 8, 8]},
			"faces": {
				"north": {"uv": [8, 7, 9, 8], "texture": "#1_0"},
				"east": {"uv": [8, 7, 9, 8], "texture": "#1_0"},
				"south": {"uv": [8, 7, 9, 8], "texture": "#1_0"},
				"west": {"uv": [8, 7, 9, 8], "texture": "#1_0"},
				"up": {"uv": [8, 7, 9, 8], "rotation": 90, "texture": "#1_0"},
				"down": {"uv": [8, 7, 9, 8], "rotation": 270, "texture": "#1_0"}
			}
		},
		{
			"from": [7.55, 14, 5],
			"to": [8.45, 15, 6],
			"rotation": {"angle": -22.5, "axis": "x", "origin": [8, 8, 8]},
			"faces": {
				"north": {"uv": [9, 7, 10, 8], "texture": "#1_0"},
				"east": {"uv": [9, 7, 10, 8], "texture": "#1_0"},
				"south": {"uv": [9, 7, 10, 8], "texture": "#1_0"},
				"west": {"uv": [9, 7, 10, 8], "texture": "#1_0"},
				"up": {"uv": [9, 7, 10, 8], "rotation": 90, "texture": "#1_0"},
				"down": {"uv": [9, 7, 10, 8], "rotation": 270, "texture": "#1_0"}
			}
		},
		{
			"from": [7.55, 15, 5],
			"to": [8.45, 16, 6],
			"rotation": {"angle": -22.5, "axis": "x", "origin": [8, 8, 8]},
			"faces": {
				"north": {"uv": [9, 6, 10, 7], "texture": "#1_0"},
				"east": {"uv": [9, 6, 10, 7], "texture": "#1_0"},
				"south": {"uv": [9, 6, 10, 7], "texture": "#1_0"},
				"west": {"uv": [9, 6, 10, 7], "texture": "#1_0"},
				"up": {"uv": [9, 6, 10, 7], "rotation": 90, "texture": "#1_0"},
				"down": {"uv": [9, 6, 10, 7], "rotation": 270, "texture": "#1_0"}
			}
		},
		{
			"from": [7.55, 15, 6],
			"to": [8.45, 16, 7],
			"rotation": {"angle": -22.5, "axis": "x", "origin": [8, 8, 8]},
			"faces": {
				"north": {"uv": [8, 6, 9, 7], "texture": "#1_0"},
				"east": {"uv": [8, 6, 9, 7], "texture": "#1_0"},
				"south": {"uv": [8, 6, 9, 7], "texture": "#1_0"},
				"west": {"uv": [8, 6, 9, 7], "texture": "#1_0"},
				"up": {"uv": [8, 6, 9, 7], "rotation": 90, "texture": "#1_0"},
				"down": {"uv": [8, 6, 9, 7], "rotation": 270, "texture": "#1_0"}
			}
		},
		{
			"from": [7.5, 12, 1],
			"to": [8.5, 13, 2],
			"rotation": {"angle": 45, "axis": "x", "origin": [8, 12.5, 2.5]},
			"faces": {
				"north": {"uv": [15, 0, 16, 1], "texture": "#1_0"},
				"east": {"uv": [15, 0, 16, 1], "texture": "#1_0"},
				"south": {"uv": [15, 0, 16, 1], "texture": "#1_0"},
				"west": {"uv": [15, 0, 16, 1], "texture": "#1_0"},
				"up": {"uv": [15, 0, 16, 1], "texture": "#1_0"},
				"down": {"uv": [15, 0, 16, 1], "texture": "#1_0"}
			}
		},
		{
			"from": [6.5, 8, -0.7],
			"to": [7.5, 12, 0.3],
			"faces": {
				"north": {"uv": [15, 0, 16, 1], "texture": "#1_0"},
				"east": {"uv": [15, 0, 16, 1], "texture": "#1_0"},
				"south": {"uv": [15, 0, 16, 1], "texture": "#1_0"},
				"west": {"uv": [15, 0, 16, 1], "texture": "#1_0"},
				"up": {"uv": [15, 0, 16, 1], "texture": "#1_0"},
				"down": {"uv": [15, 0, 16, 1], "texture": "#1_0"}
			}
		},
		{
			"from": [7.5, 11, -0.7],
			"to": [8.5, 12, 0.3],
			"faces": {
				"north": {"uv": [15, 0, 16, 1], "rotation": 180, "texture": "#1_0"},
				"east": {"uv": [15, 0, 16, 1], "rotation": 180, "texture": "#1_0"},
				"south": {"uv": [15, 0, 16, 1], "rotation": 180, "texture": "#1_0"},
				"west": {"uv": [15, 0, 16, 1], "rotation": 180, "texture": "#1_0"},
				"up": {"uv": [15, 0, 16, 1], "rotation": 180, "texture": "#1_0"},
				"down": {"uv": [15, 0, 16, 1], "rotation": 180, "texture": "#1_0"}
			}
		},
		{
			"from": [7.5, 9, 1],
			"to": [8.5, 10, 2],
			"rotation": {"angle": 45, "axis": "x", "origin": [8, 12.5, 2.5]},
			"faces": {
				"north": {"uv": [15, 0, 16, 1], "texture": "#1_0"},
				"east": {"uv": [15, 0, 16, 1], "texture": "#1_0"},
				"south": {"uv": [15, 0, 16, 1], "texture": "#1_0"},
				"west": {"uv": [15, 0, 16, 1], "texture": "#1_0"},
				"up": {"uv": [15, 0, 16, 1], "texture": "#1_0"},
				"down": {"uv": [15, 0, 16, 1], "texture": "#1_0"}
			}
		},
		{
			"from": [8.5, 8, -0.7],
			"to": [9.5, 12, 0.3],
			"faces": {
				"north": {"uv": [15, 0, 16, 1], "texture": "#1_0"},
				"east": {"uv": [15, 0, 16, 1], "texture": "#1_0"},
				"south": {"uv": [15, 0, 16, 1], "texture": "#1_0"},
				"west": {"uv": [15, 0, 16, 1], "texture": "#1_0"},
				"up": {"uv": [15, 0, 16, 1], "texture": "#1_0"},
				"down": {"uv": [15, 0, 16, 1], "texture": "#1_0"}
			}
		},
		{
			"from": [7.5, 9, 2],
			"to": [8.5, 13, 3],
			"rotation": {"angle": 45, "axis": "x", "origin": [8, 12.5, 2.5]},
			"faces": {
				"north": {"uv": [15, 0, 16, 1], "rotation": 180, "texture": "#1_0"},
				"east": {"uv": [15, 0, 16, 1], "rotation": 180, "texture": "#1_0"},
				"south": {"uv": [15, 0, 16, 1], "rotation": 180, "texture": "#1_0"},
				"west": {"uv": [15, 0, 16, 1], "rotation": 180, "texture": "#1_0"},
				"up": {"uv": [15, 0, 16, 1], "rotation": 180, "texture": "#1_0"},
				"down": {"uv": [15, 0, 16, 1], "rotation": 180, "texture": "#1_0"}
			}
		},
		{
			"from": [7.5, 9, 0],
			"to": [8.5, 13, 1],
			"rotation": {"angle": 45, "axis": "x", "origin": [8, 12.5, 2.5]},
			"faces": {
				"north": {"uv": [15, 0, 16, 1], "texture": "#1_0"},
				"east": {"uv": [15, 0, 16, 1], "texture": "#1_0"},
				"south": {"uv": [15, 0, 16, 1], "texture": "#1_0"},
				"west": {"uv": [15, 0, 16, 1], "texture": "#1_0"},
				"up": {"uv": [15, 0, 16, 1], "texture": "#1_0"},
				"down": {"uv": [15, 0, 16, 1], "texture": "#1_0"}
			}
		},
		{
			"from": [7.5, 13.7, 0],
			"to": [8.5, 14.7, 1],
			"faces": {
				"north": {"uv": [15, 0, 16, 1], "texture": "#1_0"},
				"east": {"uv": [15, 0, 16, 1], "texture": "#1_0"},
				"south": {"uv": [15, 0, 16, 1], "texture": "#1_0"},
				"west": {"uv": [15, 0, 16, 1], "texture": "#1_0"},
				"up": {"uv": [15, 0, 16, 1], "texture": "#1_0"},
				"down": {"uv": [15, 0, 16, 1], "texture": "#1_0"}
			}
		},
		{
			"from": [8.5, 16.7, -2],
			"to": [9.5, 17.7, 2],
			"rotation": {"angle": -22.5, "axis": "x", "origin": [8, 11, 9]},
			"faces": {
				"north": {"uv": [15, 0, 16, 1], "texture": "#1_0"},
				"east": {"uv": [15, 0, 16, 1], "texture": "#1_0"},
				"south": {"uv": [15, 0, 16, 1], "texture": "#1_0"},
				"west": {"uv": [15, 0, 16, 1], "texture": "#1_0"},
				"up": {"uv": [15, 0, 16, 1], "texture": "#1_0"},
				"down": {"uv": [15, 0, 16, 1], "texture": "#1_0"}
			}
		},
		{
			"from": [7.5, 13, 2],
			"to": [8.5, 14, 3],
			"rotation": {"angle": 22.5, "axis": "x", "origin": [8, 12.5, 2.5]},
			"faces": {
				"north": {"uv": [15, 0, 16, 1], "texture": "#1_0"},
				"east": {"uv": [15, 0, 16, 1], "texture": "#1_0"},
				"south": {"uv": [15, 0, 16, 1], "texture": "#1_0"},
				"west": {"uv": [15, 0, 16, 1], "texture": "#1_0"},
				"up": {"uv": [15, 0, 16, 1], "texture": "#1_0"},
				"down": {"uv": [15, 0, 16, 1], "texture": "#1_0"}
			}
		},
		{
			"from": [6.5, 16.7, -2],
			"to": [7.5, 17.7, 2],
			"rotation": {"angle": -22.5, "axis": "x", "origin": [8, 11, 9]},
			"faces": {
				"north": {"uv": [15, 0, 16, 1], "texture": "#1_0"},
				"east": {"uv": [15, 0, 16, 1], "texture": "#1_0"},
				"south": {"uv": [15, 0, 16, 1], "texture": "#1_0"},
				"west": {"uv": [15, 0, 16, 1], "texture": "#1_0"},
				"up": {"uv": [15, 0, 16, 1], "texture": "#1_0"},
				"down": {"uv": [15, 0, 16, 1], "texture": "#1_0"}
			}
		},
		{
			"from": [7.5, 13, -1],
			"to": [8.5, 14, 0],
			"rotation": {"angle": 22.5, "axis": "x", "origin": [8, 12.5, 2.5]},
			"faces": {
				"north": {"uv": [15, 0, 16, 1], "texture": "#1_0"},
				"east": {"uv": [15, 0, 16, 1], "texture": "#1_0"},
				"south": {"uv": [15, 0, 16, 1], "texture": "#1_0"},
				"west": {"uv": [15, 0, 16, 1], "texture": "#1_0"},
				"up": {"uv": [15, 0, 16, 1], "texture": "#1_0"},
				"down": {"uv": [15, 0, 16, 1], "texture": "#1_0"}
			}
		},
		{
			"from": [7.5, 12, -1],
			"to": [8.5, 13, 3],
			"rotation": {"angle": 22.5, "axis": "x", "origin": [8, 12.5, 2.5]},
			"faces": {
				"north": {"uv": [15, 0, 16, 1], "texture": "#1_0"},
				"east": {"uv": [15, 0, 16, 1], "texture": "#1_0"},
				"south": {"uv": [15, 0, 16, 1], "texture": "#1_0"},
				"west": {"uv": [15, 0, 16, 1], "texture": "#1_0"},
				"up": {"uv": [15, 0, 16, 1], "texture": "#1_0"},
				"down": {"uv": [15, 0, 16, 1], "texture": "#1_0"}
			}
		},
		{
			"from": [7.5, 14, -1],
			"to": [8.5, 15, 3],
			"rotation": {"angle": 22.5, "axis": "x", "origin": [8, 12.5, 2.5]},
			"faces": {
				"north": {"uv": [15, 0, 16, 1], "texture": "#1_0"},
				"east": {"uv": [15, 0, 16, 1], "texture": "#1_0"},
				"south": {"uv": [15, 0, 16, 1], "texture": "#1_0"},
				"west": {"uv": [15, 0, 16, 1], "texture": "#1_0"},
				"up": {"uv": [15, 0, 16, 1], "texture": "#1_0"},
				"down": {"uv": [15, 0, 16, 1], "texture": "#1_0"}
			}
		}
	],
	"display": {
		"thirdperson_righthand": {
			"rotation": [70, -16, 1],
			"translation": [0, -1.25, -1.75],
			"scale": [0.79, 0.79, 0.79]
		},
		"thirdperson_lefthand": {
			"rotation": [70, -16, 1],
			"translation": [0, -1.25, -1.75],
			"scale": [0.79, 0.79, 0.79]
		},
		"firstperson_righthand": {
			"rotation": [5, -49, 3],
			"translation": [-1, -0.25, 1.75],
			"scale": [0.79, 0.74, 0.95]
		},
		"firstperson_lefthand": {
			"rotation": [5, -49, 3],
			"translation": [-1, -0.25, 1.75],
			"scale": [0.79, 0.74, 0.95]
		},
		"ground": {
			"rotation": [90, 90, 0],
			"translation": [2.5, -0.5, -1.5],
			"scale": [0.7, 0.7, 0.7]
		},
		"gui": {
			"rotation": [126, 55, -90],
			"translation": [2, -4, -1],
			"scale": [0.8, 0.8, 0.8]
		},
		"fixed": {
			"rotation": [90, 20, 90],
			"translation": [9.5, -12, -3.5],
			"scale": [1.77, 1.77, 1.77]
		}
	},
	"groups": [
		{
			"name": "mace",
			"origin": [8, 8, 8],
			"children": [
				{
					"name": "mace_ball",
					"origin": [8, 8, 8],
					"children": [0, 1, 2, 3, 4, 5]
				},
				{
					"name": "mace_Ball",
					"origin": [8, 8, 8],
					"children": [6, 7, 8, 9, 10, 11]
				}
			]
		},
		{
			"name": "mace",
			"origin": [8, 8, 8],
			"children": [
				{
					"name": "stick",
					"origin": [8, 8, 8],
					"children": [12, 13, 14, 15, 16, 17, 18, 19, 20, 21, 22, 23, 24, 25, 26, 27, 28, 29, 30, 31, 32, 33, 34, 35, 36]
				}
			]
		},
		{
			"name": "Other",
			"origin": [8, 12.5, 2.5],
			"children": [37, 38, 39, 40, 41, 42, 43, 44, 45, 46, 47, 48, 49, 50]
		}
	]
}