{
	"credit": "Made with Blockbench",
	"textures": {
		"0": "item/prismarine_shard/posoh_m2",
		"particle": "item/prismarine_shard/posoh_m2"
	},
	"elements": [
		{
			"name": "Морозный посох_0",
			"from": [7.25, -1.25, -10],
			"to": [11.25, 2.75, -6],
			"rotation": {"angle": 45, "axis": "y", "origin": [15.25, -5.25, -2]},
			"faces": {
				"north": {"uv": [0, 4, 4, 0], "rotation": 180, "texture": "#0"},
				"east": {"uv": [0, 0, 4, 4], "rotation": 180, "texture": "#0"},
				"south": {"uv": [0, 0, 4, 4], "texture": "#0"},
				"west": {"uv": [0, 0, 4, 4], "texture": "#0"},
				"up": {"uv": [0, 0, 4, 4], "rotation": 90, "texture": "#0"},
				"down": {"uv": [0, 0, 4, 4], "rotation": 270, "texture": "#0"}
			}
		},
		{
			"name": "Морозный посох_6",
			"from": [4.5, 0, 1.5],
			"to": [5, 1.5, 2.5],
			"faces": {
				"north": {"uv": [5, 1.5, 4.5, 2], "texture": "#0"},
				"east": {"uv": [4.5, 1.5, 5, 2.5], "rotation": 90, "texture": "#0"},
				"south": {"uv": [4.5, 2, 5, 2.5], "texture": "#0"},
				"west": {"uv": [4.5, 1.5, 5, 2.5], "rotation": 270, "texture": "#0"},
				"up": {"uv": [4.5, 1.5, 5, 2.5], "texture": "#0"},
				"down": {"uv": [4.5, 2.5, 5, 1.5], "texture": "#0"}
			}
		},
		{
			"name": "Морозный посох_8",
			"from": [5, 0, 2],
			"to": [5.5, 1.5, 3],
			"faces": {
				"north": {"uv": [5.5, 2, 5, 2.5], "texture": "#0"},
				"east": {"uv": [5, 2, 5.5, 3], "rotation": 90, "texture": "#0"},
				"south": {"uv": [5, 2.5, 5.5, 3], "texture": "#0"},
				"west": {"uv": [5, 2, 5.5, 3], "rotation": 270, "texture": "#0"},
				"up": {"uv": [5, 2, 5.5, 3], "texture": "#0"},
				"down": {"uv": [5, 3, 5.5, 2], "texture": "#0"}
			}
		},
		{
			"name": "Морозный посох_4",
			"from": [5, 0, 1],
			"to": [6, 1.5, 2],
			"faces": {
				"north": {"uv": [6, 1, 5, 1.5], "texture": "#0"},
				"east": {"uv": [5.5, 1, 6, 2], "rotation": 90, "texture": "#0"},
				"south": {"uv": [5, 1.5, 6, 2], "texture": "#0"},
				"west": {"uv": [5, 1, 5.5, 2], "rotation": 270, "texture": "#0"},
				"up": {"uv": [5, 1, 6, 2], "texture": "#0"},
				"down": {"uv": [5, 2, 6, 1], "texture": "#0"}
			}
		},
		{
			"name": "Морозный посох_2",
			"from": [6, 0, 0.5],
			"to": [6.5, 1.5, 15],
			"faces": {
				"north": {"uv": [6.5, 0.5, 6, 1], "texture": "#0"},
				"east": {"uv": [6, 0.5, 6.5, 15], "rotation": 90, "texture": "#0"},
				"south": {"uv": [6, 14.5, 6.5, 15], "texture": "#0"},
				"west": {"uv": [6, 0.5, 7.5, 15], "rotation": 270, "texture": "#0"},
				"up": {"uv": [6, 0.5, 6.5, 15], "texture": "#0"},
				"down": {"uv": [6, 15, 6.5, 0.5], "texture": "#0"}
			}
		},
		{
			"name": "Морозный посох_1",
			"from": [6.5, 0, 0],
			"to": [7, 1.5, 15],
			"faces": {
				"north": {"uv": [7, 0, 6.5, 0.5], "texture": "#0"},
				"east": {"uv": [6.5, 0, 7, 15], "rotation": 90, "texture": "#0"},
				"south": {"uv": [6.5, 14.5, 7, 15], "texture": "#0"},
				"west": {"uv": [6.5, 0, 7, 15], "rotation": 270, "texture": "#0"},
				"up": {"uv": [6.5, 0, 7, 15], "texture": "#0"},
				"down": {"uv": [6.5, 15, 7, 0], "texture": "#0"}
			}
		},
		{
			"name": "Морозный посох_3",
			"from": [7, 0, 0.5],
			"to": [7.5, 1.5, 15],
			"faces": {
				"north": {"uv": [7.5, 0.5, 7, 1], "texture": "#0"},
				"east": {"uv": [6, 0.5, 7.5, 15], "rotation": 90, "texture": "#0"},
				"south": {"uv": [7, 14.5, 7.5, 15], "texture": "#0"},
				"west": {"uv": [7, 0.5, 7.5, 15], "rotation": 270, "texture": "#0"},
				"up": {"uv": [7, 0.5, 7.5, 15], "texture": "#0"},
				"down": {"uv": [7, 15, 7.5, 0.5], "texture": "#0"}
			}
		},
		{
			"name": "Морозный посох_5",
			"from": [7.5, 0, 1],
			"to": [8.5, 1.5, 2],
			"faces": {
				"north": {"uv": [8.5, 1, 7.5, 1.5], "texture": "#0"},
				"east": {"uv": [8, 1, 8.5, 2], "rotation": 90, "texture": "#0"},
				"south": {"uv": [7.5, 1.5, 8.5, 2], "texture": "#0"},
				"west": {"uv": [7.5, 1, 8, 2], "rotation": 270, "texture": "#0"},
				"up": {"uv": [7.5, 1, 8.5, 2], "texture": "#0"},
				"down": {"uv": [7.5, 2, 8.5, 1], "texture": "#0"}
			}
		},
		{
			"name": "Морозный посох_7",
			"from": [8.5, 0, 1.5],
			"to": [9, 1.5, 2.5],
			"faces": {
				"north": {"uv": [9, 1.5, 8.5, 2], "texture": "#0"},
				"east": {"uv": [8.5, 1.5, 9, 2.5], "rotation": 90, "texture": "#0"},
				"south": {"uv": [8.5, 2, 9, 2.5], "texture": "#0"},
				"west": {"uv": [8.5, 1.5, 9, 2.5], "rotation": 270, "texture": "#0"},
				"up": {"uv": [8.5, 1.5, 9, 2.5], "texture": "#0"},
				"down": {"uv": [8.5, 2.5, 9, 1.5], "texture": "#0"}
			}
		},
		{
			"name": "Морозный посох_9",
			"from": [8, 0, 2],
			"to": [8.5, 1.5, 3],
			"faces": {
				"north": {"uv": [8.5, 2, 8, 2.5], "texture": "#0"},
				"east": {"uv": [8, 2, 8.5, 3], "rotation": 90, "texture": "#0"},
				"south": {"uv": [8, 2.5, 8.5, 3], "texture": "#0"},
				"west": {"uv": [8, 2, 8.5, 3], "rotation": 270, "texture": "#0"},
				"up": {"uv": [8, 2, 8.5, 3], "texture": "#0"},
				"down": {"uv": [8, 3, 8.5, 2], "texture": "#0"}
			}
		},
		{
			"name": "Морозный посох_10",
			"from": [10.19, 0.465, 3.46],
			"to": [10.82, 1.03, 5.35],
			"rotation": {"angle": 45, "axis": "y", "origin": [9.56, 10.545, 8.5]},
			"faces": {
				"north": {"uv": [9, 4, 8.5, 4.5], "texture": "#0"},
				"east": {"uv": [8.5, 4, 9, 5.5], "rotation": 90, "texture": "#0"},
				"south": {"uv": [8.5, 5, 9, 5.5], "texture": "#0"},
				"west": {"uv": [8.5, 4, 9, 5.5], "rotation": 270, "texture": "#0"},
				"up": {"uv": [8.5, 4, 9, 5.5], "texture": "#0"},
				"down": {"uv": [8.5, 5.5, 9, 4], "texture": "#0"}
			}
		},
		{
			"name": "Морозный посох_11",
			"from": [10.82, 0.465, 4.09],
			"to": [11.45, 1.03, 7.24],
			"rotation": {"angle": 45, "axis": "y", "origin": [9.56, 10.545, 8.5]},
			"faces": {
				"north": {"uv": [9.5, 4.5, 9, 5], "texture": "#0"},
				"east": {"uv": [9, 4.5, 9.5, 7], "rotation": 90, "texture": "#0"},
				"south": {"uv": [9, 6.5, 9.5, 7], "texture": "#0"},
				"west": {"uv": [9, 4.5, 9.5, 7], "rotation": 270, "texture": "#0"},
				"up": {"uv": [9, 4.5, 9.5, 7], "texture": "#0"},
				"down": {"uv": [9, 7, 9.5, 4.5], "texture": "#0"}
			}
		},
		{
			"name": "Морозный посох_12",
			"from": [11.45, 0.465, 4.72],
			"to": [12.08, 1.03, 6.61],
			"rotation": {"angle": 45, "axis": "y", "origin": [9.56, 10.545, 8.5]},
			"faces": {
				"north": {"uv": [10, 5, 9.5, 5.5], "texture": "#0"},
				"east": {"uv": [9.5, 5, 10, 6.5], "rotation": 90, "texture": "#0"},
				"south": {"uv": [9.5, 6, 10, 6.5], "texture": "#0"},
				"west": {"uv": [9.5, 5, 10, 6.5], "rotation": 270, "texture": "#0"},
				"up": {"uv": [9.5, 5, 10, 6.5], "texture": "#0"},
				"down": {"uv": [9.5, 6.5, 10, 5], "texture": "#0"}
			}
		},
		{
			"name": "Морозный посох_13",
			"from": [10.19, 0.465, 6.61],
			"to": [10.82, 1.03, 7.24],
			"rotation": {"angle": 45, "axis": "y", "origin": [9.56, 10.545, 8.5]},
			"faces": {
				"north": {"uv": [9, 6.5, 8.5, 7], "texture": "#0"},
				"east": {"uv": [8.5, 6.5, 9, 7], "rotation": 90, "texture": "#0"},
				"south": {"uv": [8.5, 6.5, 9, 7], "texture": "#0"},
				"west": {"uv": [8.5, 6.5, 9, 7], "rotation": 270, "texture": "#0"},
				"up": {"uv": [8.5, 6.5, 9, 7], "texture": "#0"},
				"down": {"uv": [8.5, 7, 9, 6.5], "texture": "#0"}
			}
		},
		{
			"name": "Морозный посох_14",
			"from": [5.555, -0.5, 14.97],
			"to": [7.975, 2.055, 17.14],
			"rotation": {"angle": 0, "axis": "y", "origin": [11.875, 11.18, 13.51]},
			"faces": {
				"north": {"uv": [5.5, 9, 3.5, 9.5], "texture": "#0"},
				"east": {"uv": [3.5, 9, 5.5, 11], "rotation": 270, "texture": "#0"},
				"south": {"uv": [3.5, 10.5, 5.5, 11], "texture": "#0"},
				"west": {"uv": [3.5, 9, 5.5, 11], "rotation": 270, "texture": "#0"},
				"up": {"uv": [3.5, 9, 5.5, 11], "texture": "#0"},
				"down": {"uv": [3.5, 11, 5.5, 9], "texture": "#0"}
			}
		}
	],
	"display": {
		"thirdperson_righthand": {
			"rotation": [124, 2.75, 90],
			"translation": [-9, 0.25, 4],
			"scale": [1.3, 1.3, 1.3]
		},
		"thirdperson_lefthand": {
			"rotation": [124, 2.75, 90],
			"translation": [-9, 1.5, 1],
			"scale": [1.3, 1.3, 1.3]
		},
		"firstperson_righthand": {
			"rotation": [85, 2, 80],
			"translation": [-5.5, 3, 2.5],
			"scale": [1, 1.10352, 1.06641]
		},
		"firstperson_lefthand": {
			"rotation": [77, 2, 80],
			"translation": [-7, 2.25, 2.5],
			"scale": [1, 1.10352, 1.06641]
		},
		"ground": {
			"translation": [1.75, 9.25, 0],
			"scale": [1.2, 1.2, 1.2]
		},
		"gui": {
			"rotation": [122, -46, 0],
			"translation": [-0.25, -4.5, 6.75],
			"scale": [0.85, 0.85, 0.85]
		},
		"fixed": {
			"rotation": [90, 0, 0],
			"translation": [3.25, -0.5, 16.25],
			"scale": [2.4, 2.4, 2.4]
		}
	},
	"groups": [
		{
			"name": "Морозный посох",
			"origin": [8, 8, 8],
			"children": [0,
				{
					"name": "group",
					"origin": [8, 8, 8],
					"children": [1, 2, 3, 4, 5, 6, 7, 8, 9]
				},
				{
					"name": "group",
					"origin": [8, 8, 8],
					"children": [10, 11, 12, 13]
				}, 14]
		}
	]
}