{
	"credit": "Made with Blockbench",
	"textures": {
		"0": "block/dark_oak_log",
		"2": "item/prismarine_shard/shar",
		"3": "item/prismarine_shard/mif",
		"4": "item/prismarine_shard/olovo",
		"particle": "block/dark_oak_log"
	},
	"elements": [
		{
			"from": [7, 3, 7],
			"to": [8, 27, 8],
			"rotation": {"angle": 0, "axis": "y", "origin": [15, 9, 15]},
			"faces": {
				"north": {"uv": [8, 0, 9, 16], "texture": "#0"},
				"east": {"uv": [1, 0, 2, 16], "texture": "#0"},
				"south": {"uv": [4, 0, 5, 16], "texture": "#0"},
				"west": {"uv": [8, 0, 9, 16], "texture": "#0"},
				"up": {"uv": [0, 0, 2, 2], "texture": "#0"},
				"down": {"uv": [0, 0, 2, 2], "texture": "#missing"}
			}
		},
		{
			"from": [6, 28, 6],
			"to": [9, 31, 9],
			"rotation": {"angle": 0, "axis": "y", "origin": [15, 36, 15]},
			"faces": {
				"north": {"uv": [0, 0, 16, 16], "texture": "#2"},
				"east": {"uv": [0, 0, 16, 16], "texture": "#2"},
				"south": {"uv": [0, 0, 16, 16], "texture": "#2"},
				"west": {"uv": [0, 0, 16, 16], "texture": "#2"},
				"up": {"uv": [0, 0, 16, 16], "texture": "#2"},
				"down": {"uv": [0, 0, 16, 16], "texture": "#2"}
			}
		},
		{
			"from": [5, 27, 7],
			"to": [10, 28, 8],
			"rotation": {"angle": 0, "axis": "y", "origin": [15, 35, 15]},
			"faces": {
				"north": {"uv": [7, 6, 12, 7], "texture": "#3"},
				"east": {"uv": [10, 6, 11, 7], "texture": "#3"},
				"south": {"uv": [6, 8, 11, 9], "texture": "#3"},
				"west": {"uv": [9, 6, 10, 7], "texture": "#3"},
				"up": {"uv": [7, 6, 12, 7], "texture": "#3"},
				"down": {"uv": [6, 6, 11, 7], "texture": "#3"}
			}
		},
		{
			"from": [7, 27, 5],
			"to": [8, 28, 10],
			"rotation": {"angle": 0, "axis": "y", "origin": [15, 35, 15]},
			"faces": {
				"north": {"uv": [9, 5, 10, 6], "texture": "#3"},
				"east": {"uv": [6, 8, 11, 9], "texture": "#3"},
				"south": {"uv": [9, 7, 10, 8], "texture": "#3"},
				"west": {"uv": [5, 7, 10, 8], "texture": "#3"},
				"up": {"uv": [7, 5, 8, 10], "texture": "#3"},
				"down": {"uv": [8, 4, 9, 9], "texture": "#3"}
			}
		},
		{
			"from": [7, 28, 9.5],
			"to": [8, 29, 10.5],
			"rotation": {"angle": 0, "axis": "y", "origin": [15, 36, 15.5]},
			"faces": {
				"north": {"uv": [9, 5, 10, 6], "texture": "#3"},
				"east": {"uv": [9, 7, 11, 8], "texture": "#3"},
				"south": {"uv": [9, 7, 10, 8], "texture": "#3"},
				"west": {"uv": [5, 7, 6, 9], "texture": "#3"},
				"up": {"uv": [6, 7, 7, 8], "texture": "#3"},
				"down": {"uv": [8, 8, 9, 9], "texture": "#3"}
			}
		},
		{
			"from": [7, 28, 4.5],
			"to": [8, 29, 5.5],
			"rotation": {"angle": 0, "axis": "y", "origin": [15, 36, 10.5]},
			"faces": {
				"north": {"uv": [8, 5, 9, 6], "texture": "#3"},
				"east": {"uv": [9, 7, 11, 8], "texture": "#3"},
				"south": {"uv": [9, 7, 10, 8], "texture": "#3"},
				"west": {"uv": [5, 9, 6, 10], "texture": "#3"},
				"up": {"uv": [6, 7, 7, 8], "texture": "#3"},
				"down": {"uv": [8, 8, 9, 9], "texture": "#3"}
			}
		},
		{
			"from": [4.5, 28, 7],
			"to": [5.5, 29, 8],
			"rotation": {"angle": 0, "axis": "y", "origin": [12.5, 36, 13]},
			"faces": {
				"north": {"uv": [9, 5, 10, 6], "texture": "#3"},
				"east": {"uv": [9, 7, 11, 8], "texture": "#3"},
				"south": {"uv": [9, 7, 10, 8], "texture": "#3"},
				"west": {"uv": [5, 7, 6, 9], "texture": "#3"},
				"up": {"uv": [6, 7, 7, 8], "texture": "#3"},
				"down": {"uv": [8, 8, 9, 9], "texture": "#3"}
			}
		},
		{
			"from": [9.5, 28, 7],
			"to": [10.5, 29, 8],
			"rotation": {"angle": 0, "axis": "y", "origin": [17.5, 36, 13]},
			"faces": {
				"north": {"uv": [9, 5, 10, 6], "texture": "#3"},
				"east": {"uv": [9, 7, 11, 8], "texture": "#3"},
				"south": {"uv": [9, 7, 10, 8], "texture": "#3"},
				"west": {"uv": [5, 7, 6, 9], "texture": "#3"},
				"up": {"uv": [6, 7, 7, 8], "texture": "#3"},
				"down": {"uv": [8, 8, 9, 9], "texture": "#3"}
			}
		},
		{
			"from": [8, 26, 7],
			"to": [9, 27, 8],
			"rotation": {"angle": 0, "axis": "y", "origin": [16, 34, 13]},
			"faces": {
				"north": {"uv": [9, 5, 10, 6], "texture": "#3"},
				"east": {"uv": [9, 7, 11, 8], "texture": "#3"},
				"south": {"uv": [8, 6, 9, 7], "texture": "#3"},
				"west": {"uv": [5, 7, 6, 9], "texture": "#3"},
				"up": {"uv": [6, 7, 7, 8], "texture": "#3"},
				"down": {"uv": [8, 8, 9, 9], "texture": "#3"}
			}
		},
		{
			"from": [6, 26, 7],
			"to": [7, 27, 8],
			"rotation": {"angle": 0, "axis": "y", "origin": [14, 34, 13]},
			"faces": {
				"north": {"uv": [9, 5, 10, 6], "texture": "#3"},
				"east": {"uv": [9, 7, 11, 8], "texture": "#3"},
				"south": {"uv": [9, 7, 10, 8], "texture": "#3"},
				"west": {"uv": [6, 10, 7, 11], "texture": "#3"},
				"up": {"uv": [6, 7, 7, 8], "texture": "#3"},
				"down": {"uv": [8, 8, 9, 9], "texture": "#3"}
			}
		},
		{
			"from": [6.5, 2, 7],
			"to": [7, 3, 8],
			"rotation": {"angle": 0, "axis": "y", "origin": [14, 10, 13]},
			"faces": {
				"north": {"uv": [9, 5, 10, 6], "texture": "#3"},
				"east": {"uv": [9, 7, 11, 8], "texture": "#3"},
				"south": {"uv": [9, 7, 10, 8], "texture": "#3"},
				"west": {"uv": [6, 10, 7, 11], "texture": "#3"},
				"up": {"uv": [6, 7, 7, 8], "texture": "#3"},
				"down": {"uv": [8, 8, 9, 9], "texture": "#3"}
			}
		},
		{
			"from": [7, 2, 6.5],
			"to": [8, 3, 7],
			"rotation": {"angle": 0, "axis": "y", "origin": [15, 10, 12]},
			"faces": {
				"north": {"uv": [9, 5, 10, 6], "texture": "#3"},
				"east": {"uv": [9, 7, 11, 8], "texture": "#3"},
				"south": {"uv": [9, 7, 10, 8], "texture": "#3"},
				"west": {"uv": [6, 10, 7, 11], "texture": "#3"},
				"up": {"uv": [6, 7, 7, 8], "texture": "#3"},
				"down": {"uv": [8, 8, 9, 9], "texture": "#3"}
			}
		},
		{
			"from": [7, 2, 8],
			"to": [8, 3, 8.5],
			"rotation": {"angle": 0, "axis": "y", "origin": [15, 10, 13.5]},
			"faces": {
				"north": {"uv": [9, 5, 10, 6], "texture": "#3"},
				"east": {"uv": [9, 7, 11, 8], "texture": "#3"},
				"south": {"uv": [9, 7, 10, 8], "texture": "#3"},
				"west": {"uv": [6, 10, 7, 11], "texture": "#3"},
				"up": {"uv": [6, 7, 7, 8], "texture": "#3"},
				"down": {"uv": [8, 8, 9, 9], "texture": "#3"}
			}
		},
		{
			"from": [8, 2, 7],
			"to": [8.5, 3, 8],
			"rotation": {"angle": 0, "axis": "y", "origin": [16, 10, 13]},
			"faces": {
				"north": {"uv": [9, 5, 10, 6], "texture": "#3"},
				"east": {"uv": [9, 7, 11, 8], "texture": "#3"},
				"south": {"uv": [9, 7, 10, 8], "texture": "#3"},
				"west": {"uv": [6, 10, 7, 11], "texture": "#3"},
				"up": {"uv": [6, 7, 7, 8], "texture": "#3"},
				"down": {"uv": [8, 8, 9, 9], "texture": "#3"}
			}
		},
		{
			"from": [7, 26, 6],
			"to": [8, 27, 7],
			"rotation": {"angle": 0, "axis": "y", "origin": [15, 34, 12]},
			"faces": {
				"north": {"uv": [9, 5, 10, 6], "texture": "#3"},
				"east": {"uv": [9, 7, 11, 8], "texture": "#3"},
				"south": {"uv": [9, 7, 10, 8], "texture": "#3"},
				"west": {"uv": [10, 7, 11, 8], "texture": "#3"},
				"up": {"uv": [6, 7, 7, 8], "texture": "#3"},
				"down": {"uv": [8, 8, 9, 9], "texture": "#3"}
			}
		},
		{
			"from": [7, 26, 8],
			"to": [8, 27, 9],
			"rotation": {"angle": 0, "axis": "y", "origin": [15, 34, 14]},
			"faces": {
				"north": {"uv": [9, 5, 10, 6], "texture": "#3"},
				"east": {"uv": [9, 7, 11, 8], "texture": "#3"},
				"south": {"uv": [9, 7, 10, 8], "texture": "#3"},
				"west": {"uv": [10, 7, 11, 8], "texture": "#3"},
				"up": {"uv": [6, 7, 7, 8], "texture": "#3"},
				"down": {"uv": [8, 8, 9, 9], "texture": "#3"}
			}
		},
		{
			"from": [7, 1.5, 7],
			"to": [8, 2, 8],
			"rotation": {"angle": 0, "axis": "y", "origin": [15, 9, 15]},
			"faces": {
				"north": {"uv": [4, 4, 8, 8], "texture": "#2"},
				"east": {"uv": [12, 4, 16, 8], "texture": "#2"},
				"south": {"uv": [10, 2, 11, 3], "texture": "#2"},
				"west": {"uv": [13, 1, 14, 2], "texture": "#2"},
				"up": {"uv": [0, 0, 1, 1], "texture": "#missing"},
				"down": {"uv": [6, 6, 7, 7], "texture": "#2"}
			}
		},
		{
			"from": [6.75, 18, 6.75],
			"to": [8.25, 19, 8.25],
			"rotation": {"angle": 0, "axis": "y", "origin": [15, 26, 16]},
			"faces": {
				"north": {"uv": [10, 9, 12, 10], "texture": "#4"},
				"east": {"uv": [8, 9, 10, 10], "texture": "#4"},
				"south": {"uv": [8, 8, 10, 9], "texture": "#4"},
				"west": {"uv": [7, 8, 9, 9], "texture": "#4"},
				"up": {"uv": [9, 7, 11, 9], "texture": "#4"},
				"down": {"uv": [8, 10, 10, 12], "texture": "#4"}
			}
		},
		{
			"from": [6.75, 25.5, 6.75],
			"to": [8.25, 26, 8.25],
			"rotation": {"angle": 0, "axis": "y", "origin": [15, 33, 16]},
			"faces": {
				"north": {"uv": [10, 9, 12, 10], "texture": "#4"},
				"east": {"uv": [8, 9, 10, 10], "texture": "#4"},
				"south": {"uv": [8, 8, 10, 9], "texture": "#4"},
				"west": {"uv": [7, 8, 9, 9], "texture": "#4"},
				"up": {"uv": [9, 7, 11, 9], "texture": "#4"},
				"down": {"uv": [8, 10, 10, 12], "texture": "#4"}
			}
		},
		{
			"from": [6.75, 3, 6.75],
			"to": [8.25, 3.5, 8.25],
			"rotation": {"angle": 0, "axis": "y", "origin": [15, 10.5, 16]},
			"faces": {
				"north": {"uv": [10, 9, 12, 10], "texture": "#4"},
				"east": {"uv": [8, 9, 10, 10], "texture": "#4"},
				"south": {"uv": [8, 8, 10, 9], "texture": "#4"},
				"west": {"uv": [7, 8, 9, 9], "texture": "#4"},
				"up": {"uv": [9, 7, 11, 9], "texture": "#4"},
				"down": {"uv": [8, 10, 10, 12], "texture": "#4"}
			}
		},
		{
			"from": [6.75, 12, 6.75],
			"to": [8.25, 13, 8.25],
			"rotation": {"angle": 0, "axis": "y", "origin": [15, 20, 16]},
			"faces": {
				"north": {"uv": [10, 9, 12, 10], "texture": "#4"},
				"east": {"uv": [8, 9, 10, 10], "texture": "#4"},
				"south": {"uv": [8, 8, 10, 9], "texture": "#4"},
				"west": {"uv": [7, 8, 9, 9], "texture": "#4"},
				"up": {"uv": [9, 7, 11, 9], "texture": "#4"},
				"down": {"uv": [8, 10, 10, 12], "texture": "#4"}
			}
		}
	],
	"display": {
		"thirdperson_righthand": {
			"rotation": [42, 0, 0],
			"translation": [0, -7.25, -3.5]
		},
		"thirdperson_lefthand": {
			"rotation": [42, 0, 0],
			"translation": [0, -7.25, -3.5]
		},
		"firstperson_righthand": {
			"rotation": [-8, 0, 0],
			"translation": [5.75, -11.75, -3.5],
			"scale": [1.3, 1.3, 1.3]
		},
		"firstperson_lefthand": {
			"rotation": [-8, 0, 0],
			"translation": [5.75, -11.75, -3.5],
			"scale": [1.3, 1.3, 1.3]
		},
		"ground": {
			"rotation": [-90, 0, 0],
			"translation": [0, 0, 7.25]
		},
		"gui": {
			"rotation": [96, 51, -44],
			"translation": [-3, -3, 0],
			"scale": [1.21, 0.84, 1.16]
		},
		"fixed": {
			"translation": [1, -8.25, 0],
			"scale": [2.05, 2.05, 2.05]
		}
	}
}