{
	"credit": "Made with Blockbench",
	"parent": "block/block",
	"ambientocclusion": false,
	"textures": {
		"1": "item/prismarine_shard/posoh_l",
		"particle": "item/prismarine_shard/posoh_l"
	},
	"elements": [
		{
			"from": [6, 26, 6],
			"to": [10, 30, 10],
			"shade": false,
			"rotation": {"angle": 0, "axis": "y", "origin": [8, 22, 8]},
			"faces": {
				"north": {"uv": [0, 0, 4, 4], "texture": "#1"},
				"east": {"uv": [0, 0, 4, 4], "texture": "#1"},
				"south": {"uv": [0, 0, 4, 4], "texture": "#1"},
				"west": {"uv": [0, 0, 4, 4], "texture": "#1"},
				"up": {"uv": [0, 0, 4, 4], "texture": "#1"},
				"down": {"uv": [0, 0, 4, 4], "texture": "#1"}
			}
		},
		{
			"from": [7, 14, 7],
			"to": [9, 26, 9],
			"shade": false,
			"rotation": {"angle": 0, "axis": "y", "origin": [8, 22, 8]},
			"faces": {
				"north": {"uv": [0, 4, 2, 16], "texture": "#1"},
				"east": {"uv": [0, 4, 2, 16], "texture": "#1"},
				"south": {"uv": [0, 4, 2, 16], "texture": "#1"},
				"west": {"uv": [0, 4, 2, 16], "texture": "#1"},
				"down": {"uv": [0, 14, 2, 16], "texture": "#1"}
			}
		},
		{
			"from": [7, 2, 7],
			"to": [9, 14, 9],
			"shade": false,
			"rotation": {"angle": 0, "axis": "y", "origin": [8, 10, 8]},
			"faces": {
				"north": {"uv": [0, 4, 2, 16], "texture": "#1"},
				"east": {"uv": [0, 4, 2, 16], "texture": "#1"},
				"south": {"uv": [0, 4, 2, 16], "texture": "#1"},
				"west": {"uv": [0, 4, 2, 16], "texture": "#1"},
				"down": {"uv": [0, 14, 2, 16], "texture": "#1"}
			}
		},
		{
			"from": [7, -10, 7],
			"to": [9, 2, 9],
			"shade": false,
			"rotation": {"angle": 0, "axis": "y", "origin": [8, -2, 8]},
			"faces": {
				"north": {"uv": [0, 4, 2, 16], "texture": "#1"},
				"east": {"uv": [0, 4, 2, 16], "texture": "#1"},
				"south": {"uv": [0, 4, 2, 16], "texture": "#1"},
				"west": {"uv": [0, 4, 2, 16], "texture": "#1"},
				"down": {"uv": [0, 14, 2, 16], "texture": "#1"}
			}
		},
		{
			"from": [8, 24, 9],
			"to": [8, 32, 13],
			"rotation": {"angle": 0, "axis": "y", "origin": [15, 32, 18]},
			"faces": {
				"north": {"uv": [0, 0, 0, 5], "texture": "#missing"},
				"east": {"uv": [8, 0, 12, 8], "texture": "#1"},
				"south": {"uv": [0, 0, 0, 5], "texture": "#missing"},
				"west": {"uv": [12, 0, 16, 8], "texture": "#1"},
				"up": {"uv": [0, 0, 0, 3], "texture": "#missing"},
				"down": {"uv": [0, 0, 0, 3], "texture": "#missing"}
			}
		},
		{
			"from": [3, 24, 8],
			"to": [7, 32, 8],
			"rotation": {"angle": 0, "axis": "y", "origin": [5, 24, 8]},
			"faces": {
				"north": {"uv": [12, 0, 16, 8], "texture": "#1"},
				"east": {"uv": [12, 0, 16, 8], "texture": "#1"},
				"south": {"uv": [8, 0, 12, 8], "texture": "#1"},
				"west": {"uv": [12, 0, 16, 8], "texture": "#1"},
				"up": {"uv": [12, 0, 16, 8], "texture": "#1"},
				"down": {"uv": [12, 0, 16, 8], "texture": "#1"}
			}
		},
		{
			"from": [8, 24, 3],
			"to": [8, 32, 7],
			"rotation": {"angle": 0, "axis": "y", "origin": [8, 24, 5]},
			"faces": {
				"north": {"uv": [12, 0, 16, 8], "texture": "#missing"},
				"east": {"uv": [12, 0, 16, 8], "texture": "#1"},
				"south": {"uv": [12, 0, 16, 8], "texture": "#missing"},
				"west": {"uv": [8, 0, 12, 8], "texture": "#1"},
				"up": {"uv": [12, 0, 16, 8], "rotation": 90, "texture": "#missing"},
				"down": {"uv": [12, 0, 16, 8], "rotation": 270, "texture": "#missing"}
			}
		},
		{
			"from": [9, 24, 8],
			"to": [13, 32, 8],
			"rotation": {"angle": 0, "axis": "y", "origin": [11, 24, 8]},
			"faces": {
				"north": {"uv": [8, 0, 12, 8], "texture": "#1"},
				"east": {"uv": [12, 0, 16, 8], "texture": "#missing"},
				"south": {"uv": [12, 0, 16, 8], "texture": "#1"},
				"west": {"uv": [12, 0, 16, 8], "texture": "#missing"},
				"up": {"uv": [12, 0, 16, 8], "rotation": 180, "texture": "#missing"},
				"down": {"uv": [12, 0, 16, 8], "rotation": 180, "texture": "#missing"}
			}
		}
	],
	"display": {
		"thirdperson_righthand": {
			"rotation": [36, 0, 0],
			"translation": [0, -2.25, 0.25],
			"scale": [0.71, 0.82, 0.68]
		},
		"thirdperson_lefthand": {
			"rotation": [36, 0, 0],
			"translation": [0, -2.25, 0.25],
			"scale": [0.71, 0.82, 0.68]
		},
		"firstperson_righthand": {
			"rotation": [-10, 0, 0],
			"translation": [2.5, -7.5, 0.25],
			"scale": [1.02, 1.02, 0.81]
		},
		"firstperson_lefthand": {
			"rotation": [-10, 0, 0],
			"translation": [2.5, -7.5, 0.25],
			"scale": [1.02, 1.02, 0.81]
		},
		"ground": {
			"rotation": [-90, 0, 0],
			"translation": [0, 0, 2.5],
			"scale": [0.73, 0.85, 0.73]
		},
		"gui": {
			"rotation": [85, 31, -18],
			"translation": [-1.25, -0.75, 0]
		},
		"fixed": {
			"translation": [0, -6, 0],
			"scale": [1.3, 1.58, 1.3]
		}
	}
}