{
	"credit": "Made with Blockbench",
	"textures": {
		"0": "item/prismarine_shard/posoh_z2",
		"particle": "item/prismarine_shard/posoh_z2"
	},
	"elements": [
		{
			"name": "Арканический посох_0",
			"from": [8.1, -6.375, -3],
			"to": [10.1, -4.375, 1],
			"rotation": {"angle": -45, "axis": "z", "origin": [14.6, 1.625, 5]},
			"faces": {
				"north": {"uv": [9.5, 14, 7.5, 16], "texture": "#0"},
				"east": {"uv": [1.5, 0, 3.5, 4], "rotation": 90, "texture": "#0"},
				"south": {"uv": [1.5, 3.5, 3.5, 4], "texture": "#0"},
				"west": {"uv": [1.5, 0, 3.5, 4], "rotation": 270, "texture": "#0"},
				"up": {"uv": [1.5, 0, 3.5, 4], "texture": "#0"},
				"down": {"uv": [1.5, 4, 3.5, 0], "texture": "#0"}
			}
		},
		{
			"name": "Арканический посох_1",
			"from": [4.15, -1, 1],
			"to": [7.35, 2.1, 3],
			"rotation": {"angle": 0, "axis": "y", "origin": [8, 8, 9]},
			"faces": {
				"north": {"uv": [7, 0, 4.5, 0.5], "texture": "#0"},
				"east": {"uv": [4.5, 0, 7, 2], "rotation": 90, "texture": "#0"},
				"south": {"uv": [4.5, 1.5, 7, 2], "texture": "#0"},
				"west": {"uv": [4.5, 0, 7, 2], "rotation": 270, "texture": "#0"},
				"up": {"uv": [4.5, 0, 7, 2], "texture": "#0"},
				"down": {"uv": [4.5, 2, 7, 0], "texture": "#0"}
			}
		},
		{
			"name": "Арканический посох_2",
			"from": [4.65, -0.5, 3],
			"to": [6.85, 1.6, 3.5],
			"rotation": {"angle": 0, "axis": "y", "origin": [8, 8, 9]},
			"faces": {
				"north": {"uv": [6.5, 2, 5, 2.5], "texture": "#0"},
				"east": {"uv": [6, 2, 6.5, 2.5], "rotation": 90, "texture": "#0"},
				"south": {"uv": [5, 2, 6.5, 2.5], "texture": "#0"},
				"west": {"uv": [5, 2, 5.5, 2.5], "rotation": 270, "texture": "#0"},
				"up": {"uv": [5, 2, 6.5, 2.5], "texture": "#0"},
				"down": {"uv": [5, 2.5, 6.5, 2], "texture": "#0"}
			}
		},
		{
			"name": "Арканический посох_3",
			"from": [5, 0, 3],
			"to": [6.5, 1.1, 18.75],
			"faces": {
				"north": {"uv": [6.5, 3, 5, 3.5], "texture": "#0"},
				"east": {"uv": [5, 3, 6.5, 16], "rotation": 90, "texture": "#0"},
				"south": {"uv": [5, 15.5, 6.5, 16], "texture": "#0"},
				"west": {"uv": [5, 3, 6.5, 16], "rotation": 270, "texture": "#0"},
				"up": {"uv": [5, 3, 6.5, 16], "texture": "#0"},
				"down": {"uv": [5, 16, 6.5, 3], "texture": "#0"}
			}
		},
		{
			"name": "Арканический посох_4",
			"from": [4.75, -0.25, 4.5],
			"to": [6.75, 1.25, 7],
			"rotation": {"angle": 0, "axis": "y", "origin": [5.5, 8, 7.5]},
			"faces": {
				"north": {"uv": [9, 5, 7.5, 5.5], "texture": "#0"},
				"east": {"uv": [7.5, 5, 9, 7], "rotation": 90, "texture": "#0"},
				"south": {"uv": [7.5, 6.5, 9, 7], "texture": "#0"},
				"west": {"uv": [7.5, 5, 9, 7], "rotation": 270, "texture": "#0"},
				"up": {"uv": [7.5, 5, 9, 7], "texture": "#0"},
				"down": {"uv": [7.5, 7, 9, 5], "texture": "#0"}
			}
		},
		{
			"name": "Арканический посох_5",
			"from": [4.75, -0.25, 15.75],
			"to": [6.75, 1.25, 18.25],
			"rotation": {"angle": 0, "axis": "y", "origin": [5.5, 8, 18.75]},
			"faces": {
				"north": {"uv": [9, 5, 7.5, 5.5], "texture": "#0"},
				"east": {"uv": [7.5, 5, 9, 7], "rotation": 90, "texture": "#0"},
				"south": {"uv": [7.5, 6.5, 9, 7], "texture": "#0"},
				"west": {"uv": [7.5, 5, 9, 7], "rotation": 270, "texture": "#0"},
				"up": {"uv": [7.5, 5, 9, 7], "texture": "#0"},
				"down": {"uv": [7.5, 7, 9, 5], "texture": "#0"}
			}
		},
		{
			"name": "Арканический посох_7",
			"from": [3.75, 0.25, -0.75],
			"to": [4.25, 0.85, 0.75],
			"rotation": {"angle": 0, "axis": "y", "origin": [10.25, 8.25, 0.25]},
			"faces": {
				"north": {"uv": [2, 7, 1.5, 7.5], "texture": "#0"},
				"east": {"uv": [1.5, 7, 2, 8.5], "rotation": 90, "texture": "#0"},
				"south": {"uv": [1.5, 8, 2, 8.5], "texture": "#0"},
				"west": {"uv": [1.5, 7, 2, 8.5], "rotation": 270, "texture": "#0"},
				"up": {"uv": [1.5, 7, 2, 8.5], "texture": "#0"},
				"down": {"uv": [1.5, 8.5, 2, 7], "texture": "#0"}
			}
		},
		{
			"name": "Арканический посох_16",
			"from": [3.75, 0.25, 1.25],
			"to": [4.25, 0.85, 2.75],
			"rotation": {"angle": 0, "axis": "y", "origin": [8.25, 8.25, -1.25]},
			"faces": {
				"north": {"uv": [4, 10.5, 3.5, 11], "texture": "#0"},
				"east": {"uv": [3.5, 10.5, 4, 12], "rotation": 90, "texture": "#0"},
				"south": {"uv": [3.5, 11.5, 4, 12], "texture": "#0"},
				"west": {"uv": [3.5, 10.5, 4, 12], "rotation": 270, "texture": "#0"},
				"up": {"uv": [3.5, 10.5, 4, 12], "texture": "#0"},
				"down": {"uv": [3.5, 12, 4, 10.5], "texture": "#0"}
			}
		},
		{
			"name": "Арканический посох_15",
			"from": [3.25, 0.25, 0.25],
			"to": [3.75, 0.85, 1.75],
			"rotation": {"angle": 0, "axis": "y", "origin": [8.25, 8.25, -1.75]},
			"faces": {
				"north": {"uv": [3.5, 10, 3, 10.5], "texture": "#0"},
				"east": {"uv": [3, 10, 3.5, 11.5], "rotation": 90, "texture": "#0"},
				"south": {"uv": [3, 11, 3.5, 11.5], "texture": "#0"},
				"west": {"uv": [1, 8.5, 1.5, 10], "rotation": 270, "texture": "#0"},
				"up": {"uv": [1, 7.5, 1.5, 9], "texture": "#0"},
				"down": {"uv": [3, 11.5, 3.5, 10], "texture": "#0"}
			}
		},
		{
			"name": "Арканический посох_8",
			"from": [7.25, 0.25, -0.75],
			"to": [7.75, 0.85, 0.75],
			"rotation": {"angle": 0, "axis": "y", "origin": [1.25, 8.25, 0.25]},
			"faces": {
				"north": {"uv": [1.5, 7, 2, 7.5], "texture": "#0"},
				"east": {"uv": [1.5, 8.5, 2, 7], "rotation": 270, "texture": "#0"},
				"south": {"uv": [2, 8, 1.5, 8.5], "texture": "#0"},
				"west": {"uv": [1.5, 8.5, 2, 7], "rotation": 90, "texture": "#0"},
				"up": {"uv": [2, 7, 1.5, 8.5], "texture": "#0"},
				"down": {"uv": [2, 8.5, 1.5, 7], "texture": "#0"}
			}
		},
		{
			"name": "Арканический посох_17",
			"from": [7.25, 0.25, 1.25],
			"to": [7.75, 0.85, 2.75],
			"rotation": {"angle": 0, "axis": "y", "origin": [3.25, 8.25, -1.25]},
			"faces": {
				"north": {"uv": [3.5, 10.5, 4, 11], "texture": "#0"},
				"east": {"uv": [3.5, 12, 4, 10.5], "rotation": 270, "texture": "#0"},
				"south": {"uv": [4, 11.5, 3.5, 12], "texture": "#0"},
				"west": {"uv": [3.5, 12, 4, 10.5], "rotation": 90, "texture": "#0"},
				"up": {"uv": [4, 10.5, 3.5, 12], "texture": "#0"},
				"down": {"uv": [4, 12, 3.5, 10.5], "texture": "#0"}
			}
		},
		{
			"name": "Арканический посох_16",
			"from": [7.75, 0.25, 0.25],
			"to": [8.25, 0.85, 1.75],
			"rotation": {"angle": 0, "axis": "y", "origin": [3.25, 8.25, -1.75]},
			"faces": {
				"north": {"uv": [3, 10, 3.5, 10.5], "texture": "#0"},
				"east": {"uv": [3, 11.5, 3.5, 10], "rotation": 270, "texture": "#0"},
				"south": {"uv": [3.5, 11, 3, 11.5], "texture": "#0"},
				"west": {"uv": [3, 11.5, 3.5, 10], "rotation": 90, "texture": "#0"},
				"up": {"uv": [3, 9.5, 2.5, 11], "texture": "#0"},
				"down": {"uv": [3.5, 11.5, 3, 10], "texture": "#0"}
			}
		},
		{
			"name": "Арканический посох_8",
			"from": [5.475, -1.5, -0.75],
			"to": [6.075, -1, 0.75],
			"rotation": {"angle": 0, "axis": "y", "origin": [-1.925, 5, 0.25]},
			"faces": {
				"north": {"uv": [2, 7, 1.5, 7.5], "rotation": 90, "texture": "#0"},
				"east": {"uv": [1.5, 8.5, 2, 7], "rotation": 270, "texture": "#0"},
				"south": {"uv": [1.5, 8, 2, 8.5], "rotation": 270, "texture": "#0"},
				"west": {"uv": [1.5, 7, 2, 8.5], "rotation": 270, "texture": "#0"},
				"up": {"uv": [1.5, 7, 2, 8.5], "texture": "#0"},
				"down": {"uv": [1, 8.5, 1.5, 10], "rotation": 180, "texture": "#0"}
			}
		},
		{
			"name": "Арканический посох_17",
			"from": [5.475, -1.5, 1.25],
			"to": [6.075, -1, 2.75],
			"rotation": {"angle": 0, "axis": "y", "origin": [-1.925, 3, -1.25]},
			"faces": {
				"north": {"uv": [4, 10.5, 3.5, 11], "rotation": 90, "texture": "#0"},
				"east": {"uv": [2.5, 11.5, 3, 10], "rotation": 270, "texture": "#0"},
				"south": {"uv": [3.5, 11.5, 4, 12], "rotation": 270, "texture": "#0"},
				"west": {"uv": [3.5, 10.5, 4, 12], "rotation": 270, "texture": "#0"},
				"up": {"uv": [3.5, 10.5, 4, 12], "texture": "#0"},
				"down": {"uv": [3.5, 10.5, 4, 12], "rotation": 180, "texture": "#0"}
			}
		},
		{
			"name": "Арканический посох_16",
			"from": [5.475, -2, 0.25],
			"to": [6.075, -1.5, 1.75],
			"rotation": {"angle": 0, "axis": "y", "origin": [-1.925, 3, -1.75]},
			"faces": {
				"north": {"uv": [3.5, 10, 3, 10.5], "rotation": 90, "texture": "#0"},
				"east": {"uv": [1.5, 11, 2, 9.5], "rotation": 270, "texture": "#0"},
				"south": {"uv": [3, 11, 3.5, 11.5], "rotation": 270, "texture": "#0"},
				"west": {"uv": [3, 10, 3.5, 11.5], "rotation": 270, "texture": "#0"},
				"up": {"uv": [3, 10, 3.5, 11.5], "texture": "#0"},
				"down": {"uv": [0.5, 8.5, 1, 10], "rotation": 180, "texture": "#0"}
			}
		},
		{
			"name": "Арканический посох_9",
			"from": [5.475, 2, -0.75],
			"to": [6.075, 2.5, 0.75],
			"rotation": {"angle": 0, "axis": "y", "origin": [-1.925, -4, 0.25]},
			"faces": {
				"north": {"uv": [1.5, 7, 2, 7.5], "rotation": 90, "texture": "#0"},
				"east": {"uv": [2, 8.5, 1.5, 7], "rotation": 270, "texture": "#0"},
				"south": {"uv": [2, 8, 1.5, 8.5], "rotation": 270, "texture": "#0"},
				"west": {"uv": [2, 7, 1.5, 8.5], "rotation": 270, "texture": "#0"},
				"up": {"uv": [1.5, 8.5, 2, 7], "rotation": 180, "texture": "#0"},
				"down": {"uv": [1.5, 8.5, 2, 7], "texture": "#0"}
			}
		},
		{
			"name": "Арканический посох_18",
			"from": [5.475, 2, 1.25],
			"to": [6.075, 2.5, 2.75],
			"rotation": {"angle": 0, "axis": "y", "origin": [-1.925, -2, -1.25]},
			"faces": {
				"north": {"uv": [3.5, 10.5, 4, 11], "rotation": 90, "texture": "#0"},
				"east": {"uv": [4, 12, 3.5, 10.5], "rotation": 270, "texture": "#0"},
				"south": {"uv": [4, 11.5, 3.5, 12], "rotation": 270, "texture": "#0"},
				"west": {"uv": [4, 10.5, 3.5, 12], "rotation": 270, "texture": "#0"},
				"up": {"uv": [1, 10, 1.5, 8.5], "rotation": 180, "texture": "#0"},
				"down": {"uv": [3.5, 12, 4, 10.5], "texture": "#0"}
			}
		},
		{
			"name": "Арканический посох_17",
			"from": [5.475, 2.5, 0.25],
			"to": [6.075, 3, 1.75],
			"rotation": {"angle": 0, "axis": "y", "origin": [-1.925, -2, -1.75]},
			"faces": {
				"north": {"uv": [3, 10, 3.5, 10.5], "rotation": 90, "texture": "#0"},
				"east": {"uv": [2.5, 11.5, 2, 10], "rotation": 270, "texture": "#0"},
				"south": {"uv": [3.5, 11, 3, 11.5], "rotation": 270, "texture": "#0"},
				"west": {"uv": [3.5, 10, 3, 11.5], "rotation": 270, "texture": "#0"},
				"up": {"uv": [1.5, 11, 2, 9.5], "rotation": 180, "texture": "#0"},
				"down": {"uv": [3, 11.5, 3.5, 10], "texture": "#0"}
			}
		},
		{
			"name": "Арканический посох_17",
			"from": [4.75, 2.5, 25.75],
			"to": [6.75, 4.25, 27.5],
			"rotation": {"angle": 45, "axis": "x", "origin": [5.25, 10.5, 19.75]},
			"faces": {
				"north": {"uv": [9.5, 14, 7.5, 14.5], "texture": "#0"},
				"east": {"uv": [7.5, 14, 9.5, 16], "rotation": 90, "texture": "#0"},
				"south": {"uv": [7.5, 14, 9.5, 16], "texture": "#0"},
				"west": {"uv": [7.5, 14, 9.5, 16], "rotation": 270, "texture": "#0"},
				"up": {"uv": [7.5, 14, 9.5, 16], "texture": "#0"},
				"down": {"uv": [7.5, 16, 9.5, 14], "texture": "#0"}
			}
		}
	],
	"display": {
		"thirdperson_righthand": {
			"rotation": [133, 0, 1],
			"translation": [3, -2.75, 12.75],
			"scale": [1.3, 1.3, 1.3]
		},
		"thirdperson_lefthand": {
			"rotation": [133, 0, 1],
			"translation": [-2.75, -2.75, 12.75],
			"scale": [1.3, 1.3, 1.3]
		},
		"firstperson_righthand": {
			"rotation": [79, 0, 1],
			"translation": [3.25, 4, 11],
			"scale": [1.3, 1.3, 1.3]
		},
		"firstperson_lefthand": {
			"rotation": [79, 0, 1],
			"translation": [-2.25, 4, 11],
			"scale": [1.3, 1.3, 1.3]
		},
		"ground": {
			"translation": [4, 11.75, 0],
			"scale": [1.4, 1.4, 1.4]
		},
		"gui": {
			"rotation": [117, -44, -1],
			"translation": [1.5, -3, 7],
			"scale": [0.79, 0.79, 0.79]
		},
		"fixed": {
			"rotation": [90, 0, 0],
			"translation": [5.25, 5.5, 17.25],
			"scale": [2.4, 2.4, 2.4]
		}
	},
	"groups": [
		{
			"name": "Арканический посох",
			"origin": [8, 8, 8],
			"children": [
				{
					"name": "group",
					"origin": [8, 8, 8],
					"children": [0]
				},
				{
					"name": "group",
					"origin": [8, 8, 8],
					"children": [1, 2]
				},
				{
					"name": "group",
					"origin": [8, 8, 8],
					"children": [3]
				},
				{
					"name": "group",
					"origin": [8, 8, 8],
					"children": [4, 5]
				},
				{
					"name": "group",
					"origin": [8, 8, 8],
					"children": [6, 7, 8]
				},
				{
					"name": "group",
					"origin": [8, 8, 8],
					"children": [9, 10, 11]
				},
				{
					"name": "group",
					"origin": [8, 8, 8],
					"children": [12, 13, 14]
				},
				{
					"name": "group",
					"origin": [8, 8, 8],
					"children": [15, 16, 17]
				}
			]
		},
		{
			"name": "group",
			"origin": [8, 8, 8],
			"children": [18]
		}
	]
}