{
	"credit": "Made with Blockbench",
	"textures": {
		"0": "item/prismarine_shard/farmer",
		"particle": "item/prismarine_shard/farmer"
	},
	"elements": [
		{
			"from": [-3, 0, -3],
			"to": [19, 0, 19],
			"rotation": {"angle": 0, "axis": "z", "origin": [8, -9.8, 8]},
			"faces": {
				"up": {"uv": [10, 1.5, 15.5, 7], "texture": "#0"},
				"down": {"uv": [10, 1.5, 15.5, 7], "texture": "#0"}
			}
		},
		{
			"from": [3, 0, 3],
			"to": [13, 5, 13],
			"rotation": {"angle": 0, "axis": "z", "origin": [8, -9.8, 8]},
			"faces": {
				"north": {"uv": [11.5, 0.25, 14, 1.5], "texture": "#0"},
				"east": {"uv": [11.5, 0.25, 14, 1.5], "texture": "#0"},
				"south": {"uv": [11.5, 0.25, 14, 1.5], "texture": "#0"},
				"west": {"uv": [11.5, 0.25, 14, 1.5], "texture": "#0"},
				"up": {"uv": [11.5, 3, 14, 5.5], "texture": "#0"}
			}
		},
		{
			"from": [2.75, -0.25, 2.75],
			"to": [13.25, 5.25, 13.25],
			"rotation": {"angle": 0, "axis": "z", "origin": [8, -9.8, 8]},
			"faces": {
				"north": {"uv": [11.5, 7, 14, 8.25], "texture": "#0", "tintindex": 0},
				"east": {"uv": [11.5, 7, 14, 8.25], "texture": "#0", "tintindex": 0},
				"south": {"uv": [11.5, 7, 14, 8.25], "texture": "#0", "tintindex": 0},
				"west": {"uv": [11.5, 7, 14, 8.25], "texture": "#0", "tintindex": 0}
			}
		},
		{
			"from": [13.25, 5.25, 13.25],
			"to": [2.75, -0.25, 2.75],
			"rotation": {"angle": 0, "axis": "z", "origin": [8, -9.8, 8]},
			"faces": {
				"north": {"uv": [11.5, 7, 14, 8.25], "rotation": 180, "texture": "#0", "tintindex": 0},
				"east": {"uv": [11.5, 7, 14, 8.25], "rotation": 180, "texture": "#0", "tintindex": 0},
				"south": {"uv": [11.5, 7, 14, 8.25], "rotation": 180, "texture": "#0", "tintindex": 0},
				"west": {"uv": [11.5, 7, 14, 8.25], "rotation": 180, "texture": "#0", "tintindex": 0}
			}
		}
	],
	"display": {
		"thirdperson_righthand": {
			"rotation": [46, 0, 0],
			"translation": [0, 1.25, 1.25],
			"scale": [0.3, 0.3, 0.3]
		},
		"thirdperson_lefthand": {
			"rotation": [46, 0, 0],
			"translation": [0, 1.25, 1.25],
			"scale": [0.3, 0.3, 0.3]
		},
		"firstperson_righthand": {
			"rotation": [0, 139, 0],
			"translation": [18.5, -2.5, -13.5]
		},
		"firstperson_lefthand": {
			"rotation": [0, 139, 0],
			"translation": [28.75, -2.5, -11]
		},
		"ground": {
			"translation": [0, 5.25, 0],
			"scale": [0.3, 0.3, 0.3]
		},
		"gui": {
			"rotation": [30, 135, 0],
			"translation": [0, 4, 0],
			"scale": [0.65, 0.65, 0.65]
		},
		"head": {
			"rotation": [8, 0, 0],
			"translation": [0, 15.25, 1.75],
			"scale": [1.5, 1.5, 1.5]
		},
		"fixed": {
			"rotation": [-90, 0, 0],
			"translation": [0, 0, -16.75],
			"scale": [2, 2, 2]
		}
	},
	"groups": [
		{
			"name": "group",
			"origin": [8, 13, 8],
			"children": [0, 1, 2, 3]
		}
	]
}