{
	"credit": "Made with Blockbench",
	"textures": {
		"0": "block/stone",
		"2": "block/oak_log",
		"particle": "block/stone"
	},
	"elements": [
		{
			"from": [9, 0, 7],
			"to": [10, 10, 8],
			"rotation": {"angle": 0, "axis": "y", "origin": [17, 8, 15]},
			"faces": {
				"north": {"uv": [10, 0, 12, 16], "texture": "#2"},
				"east": {"uv": [10, 0, 12, 16], "texture": "#2"},
				"south": {"uv": [0, 0, 2, 16], "texture": "#2"},
				"west": {"uv": [0, 0, 2, 16], "texture": "#2"},
				"up": {"uv": [0, 0, 1, 1], "texture": "#missing"},
				"down": {"uv": [0, 0, 1, 1], "texture": "#2"}
			}
		},
		{
			"from": [9, 10, 7],
			"to": [10, 20, 8],
			"rotation": {"angle": 0, "axis": "y", "origin": [17, 17, 15]},
			"faces": {
				"north": {"uv": [10, 0, 12, 16], "texture": "#2"},
				"east": {"uv": [10, 0, 12, 16], "texture": "#2"},
				"south": {"uv": [0, 0, 2, 16], "texture": "#2"},
				"west": {"uv": [5, 0, 7, 16], "texture": "#2"},
				"up": {"uv": [0, 0, 1, 1], "texture": "#missing"},
				"down": {"uv": [0, 0, 1, 1], "texture": "#2"}
			}
		},
		{
			"from": [9, 20, 5],
			"to": [10, 21, 10],
			"rotation": {"angle": 0, "axis": "y", "origin": [17, 28, 15]},
			"faces": {
				"north": {"uv": [0, 0, 2, 2], "texture": "#0"},
				"east": {"uv": [0, 0, 10, 2], "texture": "#0"},
				"south": {"uv": [0, 0, 2, 2], "texture": "#0"},
				"west": {"uv": [0, 0, 10, 2], "texture": "#0"},
				"up": {"uv": [0, 0, 2, 7], "texture": "#0"},
				"down": {"uv": [0, 0, 2, 9], "texture": "#0"}
			}
		},
		{
			"from": [9, 21, 5],
			"to": [10, 24, 6],
			"rotation": {"angle": 0, "axis": "y", "origin": [17, 29, 16]},
			"faces": {
				"north": {"uv": [0, 0, 2, 6], "texture": "#0"},
				"east": {"uv": [0, 0, 2, 6], "texture": "#0"},
				"south": {"uv": [0, 3, 2, 9], "texture": "#0"},
				"west": {"uv": [0, 0, 2, 6], "texture": "#0"},
				"up": {"uv": [0, 0, 2, 2], "texture": "#0"},
				"down": {"uv": [0, 0, 1, 1], "texture": "#0"}
			}
		},
		{
			"from": [9, 21, 7],
			"to": [10, 25, 8],
			"rotation": {"angle": 0, "axis": "y", "origin": [17, 29, 18]},
			"faces": {
				"north": {"uv": [5, 1, 7, 9], "texture": "#0"},
				"east": {"uv": [0, 0, 2, 6], "texture": "#0"},
				"south": {"uv": [0, 0, 2, 9], "texture": "#0"},
				"west": {"uv": [5, 3, 7, 11], "texture": "#0"},
				"up": {"uv": [1, 1, 3, 3], "texture": "#0"},
				"down": {"uv": [0, 0, 1, 1], "texture": "#missing"}
			}
		},
		{
			"from": [9, 21, 9],
			"to": [10, 25, 10],
			"rotation": {"angle": 0, "axis": "y", "origin": [17, 29, 20]},
			"faces": {
				"north": {"uv": [0, 0, 2, 9], "texture": "#0"},
				"east": {"uv": [0, 3, 2, 9], "texture": "#0"},
				"south": {"uv": [0, 0, 2, 8], "texture": "#0"},
				"west": {"uv": [3, 5, 5, 12], "texture": "#0"},
				"up": {"uv": [0, 0, 2, 2], "texture": "#0"},
				"down": {"uv": [0, 0, 1, 1], "texture": "#0"}
			}
		}
	],
	"display": {
		"thirdperson_righthand": {
			"rotation": [44, 55, 0],
			"translation": [0, -3.75, -0.75],
			"scale": [1.12, 1.53, 1.21]
		}
	}
}