{
    "providers": [
        {
            "type": "bitmap",
            "file": "minecraft:font/ranks/rank_admin.png",
            "ascent": 7,
            "height": 7,
            "chars": [
                "\u5C0C"
            ]
        },
        {
            "type": "bitmap",
            "file": "minecraft:font/ranks/rank_builder.png",
            "ascent": 7,
            "height": 7,
            "chars": [
                "\u5C1C"
            ]
        },
        {
            "type": "bitmap",
            "file": "minecraft:font/ranks/rank_dev.png",
            "ascent": 7,
            "height": 7,
            "chars": [
                "\u5C2C"
            ]
        },
        {
            "type": "bitmap",
            "file": "minecraft:font/ranks/rank_lite.png",
            "ascent": 7,
            "height": 7,
            "chars": [
                "\u5C3C"
            ]
        },
        {
            "type": "bitmap",
            "file": "minecraft:font/ranks/rank_mvp.png",
            "ascent": 7,
            "height": 7,
            "chars": [
                "\u5C4C"
            ]
        },
        {
            "type": "bitmap",
            "file": "minecraft:font/ranks/rank_player.png",
            "ascent": 7,
            "height": 7,
            "chars": [
                "\u5C5C"
            ]
        },
        {
            "type": "bitmap",
            "file": "minecraft:font/ranks/rank_pro.png",
            "ascent": 7,
            "height": 7,
            "chars": [
                "\u5C6C"
            ]
        },
        {
            "type": "bitmap",
            "file": "minecraft:font/ranks/rank_vip.png",
            "ascent": 7,
            "height": 7,
            "chars": [
                "\u5C7C"
            ]
        },            
        {
            "type": "bitmap",
            "file": "minecraft:font/ranks/logo.png",
            "ascent": 12,
            "height": 28,
            "chars": [
                "\u5C8C"
            ]
        }                                  
    ]
}