{
    "providers": [
        {
            "type": "bitmap",
            "file": "minecraft:font/ranks/rank_admin.png",
            "ascent": 7,
            "height": 7,
            "chars": [
                "\u5C0C"
            ]
        },
        {
            "type": "bitmap",
            "file": "minecraft:font/ranks/rank_builder.png",
            "ascent": 7,
            "height": 7,
            "chars": [
                "\u5C1C"
            ]
        },
        {
            "type": "bitmap",
            "file": "minecraft:font/ranks/rank_dev.png",
            "ascent": 7,
            "height": 7,
            "chars": [
                "\u5C2C"
            ]
        },
        {
            "type": "bitmap",
            "file": "minecraft:font/ranks/rank_lite.png",
            "ascent": 7,
            "height": 7,
            "chars": [
                "\u5C3C"
            ]
        },
        {
            "type": "bitmap",
            "file": "minecraft:font/ranks/rank_mvp.png",
            "ascent": 7,
            "height": 7,
            "chars": [
                "\u5C4C"
            ]
        },
        {
            "type": "bitmap",
            "file": "minecraft:font/ranks/rank_player.png",
            "ascent": 7,
            "height": 7,
            "chars": [
                "\u5C5C"
            ]
        },
        {
            "type": "bitmap",
            "file": "minecraft:font/ranks/rank_pro.png",
            "ascent": 7,
            "height": 7,
            "chars": [
                "\u5C6C"
            ]
        },
        {
            "type": "bitmap",
            "file": "minecraft:font/ranks/rank_vip.png",
            "ascent": 7,
            "height": 7,
            "chars": [
                "\u5C7C"
            ]
        },
        {
            "type": "bitmap",
            "file": "minecraft:font/ranks/rank_mvp.png",
            "ascent": 7,
            "height": 7,
            "chars": [
                "\u5C9C"
            ]
        },
        {
            "type": "bitmap",
            "file": "minecraft:font/ranks/rank_alpha.png",
            "ascent": 7,
            "height": 7,
            "chars": [
                "\u5CC0"
            ]
        },   
        {
            "type": "bitmap",
            "file": "minecraft:font/ranks/rank_beta.png",
            "ascent": 7,
            "height": 7,
            "chars": [
                "\u5CC1"
            ]
        },   
        {
            "type": "bitmap",
            "file": "minecraft:font/ranks/rank_helper.png",
            "ascent": 7,
            "height": 7,
            "chars": [
                "\u5CC2"
            ]
        },   
        {
            "type": "bitmap",
            "file": "minecraft:font/ranks/rank_moder.png",
            "ascent": 7,
            "height": 7,
            "chars": [
                "\u5CC3"
            ]
        },   
        {
            "type": "bitmap",
            "file": "minecraft:font/ranks/rank_owl.png",
            "ascent": 7,
            "height": 7,
            "chars": [
                "\u5CC4"
            ]
        },
        {
            "type": "bitmap",
            "file": "minecraft:font/ranks/rank_staff.png",
            "ascent": 7,
            "height": 7,
            "chars": [
                "\u5CC5"
            ]
        },
        {
            "type": "bitmap",
            "file": "minecraft:font/ranks/rank_vanilla.png",
            "ascent": 7,
            "height": 7,
            "chars": [
                "\u5CC6"
            ]
        },                                            
        {
            "type": "bitmap",
            "file": "minecraft:font/ranks/logo.png",
            "ascent": 12,
            "height": 28,
            "chars": [
                "\u5C8C"
            ]
        }                                  
    ]
}