{
	"credit": "Made with Blockbench",
	"parent": "item/generated",
	"textures": {
		"layer0": "item/bow"
	},
	"overrides": [
		{
			"predicate": {
				"pulling": 1
			},
			"model": "item/bow_pulling_0"
		},
		{
			"predicate": {
				"pulling": 1,
				"pull": 0.65
			},
			"model": "item/bow_pulling_1"
		},
		{
			"predicate": {
				"pulling": 1,
				"pull": 0.9
			},
			"model": "item/bow_pulling_2"
		},










        {
            "predicate": {
                "pulling": 0,
		"custom_model_data": 1
            },
            "model": "item/bow/bow1"
        },
		{
            "predicate": {
                "pulling": 1,
		"custom_model_data": 1
            },
            "model": "item/bow/bow10"
        },
        {
            "predicate": {
                "pulling": 1,
                "pull": 0.65,
		"custom_model_data": 1
            },
            "model": "item/bow/bow11"
        },
		{
            "predicate": {
                "pulling": 1,
                "pull": 0.9,
		"custom_model_data": 1
            },
            "model": "item/bow/bow12"
        }
	],
	"display": {
		"thirdperson_righthand": {
			"rotation": [-68, 85, -62],
			"translation": [-0.25, -2, 4.25],
			"scale": [1.28, 1.28, 0.94]
		},
		"thirdperson_lefthand": {
			"rotation": [-82, -89, 35],
			"translation": [-0.25, -3, 4.5],
			"scale": [1.47, 1.47, 0.9]
		},
		"firstperson_righthand": {
			"rotation": [-180, -84, -150],
			"translation": [-0.25, 2.5, 2.25],
			"scale": [0.96, 1.11, 0.92]
		},
		"firstperson_lefthand": {
			"rotation": [-170, 96, 133],
			"translation": [2.25, 2, 1],
			"scale": [1, 1.19, 0.7]
		},
		"ground": {
			"translation": [0, 4, 0],
			"scale": [1.03, 1.03, 1]
		},
		"gui": {
			"translation": [0.5, 0.5, 0],
			"scale": [0.91, 0.91, 1]
		}
	}
}