{
	"parent": "item/generated",
	"textures": {
		"layer0": "item/leather"
	},
	"overrides": [
		{ "predicate": {"custom_model_data": 1}, "model": "item/carved_pumpkin/ochki"},
		{ "predicate": {"custom_model_data": 2}, "model": "item/carved_pumpkin/lineyka"},
		{ "predicate": {"custom_model_data": 3}, "model": "item/carved_pumpkin/goat_skin"},
		{ "predicate": {"custom_model_data": 4}, "model": "item/carved_pumpkin/mage_hat"},
		{ "predicate": {"custom_model_data": 5}, "model": "item/carved_pumpkin/banki"},
		{ "predicate": {"custom_model_data": 6}, "model": "item/carved_pumpkin/wolf_skin"},
		{ "predicate": {"custom_model_data": 7}, "model": "item/carved_pumpkin/golova"}
	]
}