{
	"parent": "item/handheld",
	"textures": {
		"layer0": "item/diamond_sword"
	},
	"overrides": [
		{ "predicate": {"custom_model_data": 1}, "model": "item/diamond_sword/kin"},
		{ "predicate": {"custom_model_data": 2}, "model": "item/diamond_sword/mech"},
		{ "predicate": {"custom_model_data": 3}, "model": "item/diamond_sword/top"},
		{ "predicate": {"custom_model_data": 4}, "model": "item/diamond_sword/mol"},
		{ "predicate": {"custom_model_data": 5}, "model": "item/diamond_sword/kinleg1"},
		{ "predicate": {"custom_model_data": 6}, "model": "item/diamond_sword/kinleg2"},
		{ "predicate": {"custom_model_data": 7}, "model": "item/diamond_sword/kinleg3"}		
	]
}