{
  "parent": "item/handheld",
  "textures": {
    "layer0": "item/diamond_hoe"
  },
  "overrides": [
    {"predicate": {"damaged": 0, "damage": 0.001}, "model": "majesty/slots/1"},
    {"predicate": {"damaged": 0, "damage": 0.002}, "model": "majesty/slots/2"},
    {"predicate": {"damaged": 0, "damage": 0.003}, "model": "majesty/slots/3"},
    {"predicate": {"damaged": 0, "damage": 0.004}, "model": "majesty/slots/4"},
	{"predicate": {"damaged": 0, "damage": 0.005}, "model": "majesty/slots/5"},
	{"predicate": {"damaged": 0, "damage": 0.006}, "model": "majesty/slots/6"},

    {"predicate": {"custom_model_data": 1}, "model": "majesty/slots/1"},
    {"predicate": {"custom_model_data": 2}, "model": "majesty/slots/2"},
    {"predicate": {"custom_model_data": 3}, "model": "majesty/slots/3"},
    {"predicate": {"custom_model_data": 4}, "model": "majesty/slots/4"},
	{"predicate": {"custom_model_data": 5}, "model": "majesty/slots/5"},
	{"predicate": {"custom_model_data": 6}, "model": "majesty/slots/6"}
  ]
}
