{
	"parent": "item/generated",
	"textures": {
		"layer0": "item/emerald"
	},
	"overrides": [
		{ "predicate": {"custom_model_data": 1}, "model": "item/emerald/iz1"},
		{ "predicate": {"custom_model_data": 2}, "model": "item/emerald/iz2"},
		{ "predicate": {"custom_model_data": 3}, "model": "item/emerald/iz3"},
		{ "predicate": {"custom_model_data": 4}, "model": "item/emerald/tp1"},
		{ "predicate": {"custom_model_data": 5}, "model": "item/emerald/tp2"},
		{ "predicate": {"custom_model_data": 6}, "model": "item/emerald/tp3"},
		{ "predicate": {"custom_model_data": 7}, "model": "item/emerald/ru1"},
		{ "predicate": {"custom_model_data": 8}, "model": "item/emerald/ru2"},
		{ "predicate": {"custom_model_data": 9}, "model": "item/emerald/ru3"},
		{ "predicate": {"custom_model_data": 10}, "model": "item/emerald/sa1"},
		{ "predicate": {"custom_model_data": 11}, "model": "item/emerald/sa2"},
		{ "predicate": {"custom_model_data": 12}, "model": "item/emerald/sa3"},
		{ "predicate": {"custom_model_data": 13}, "model": "item/emerald/ne1"},
		{ "predicate": {"custom_model_data": 14}, "model": "item/emerald/ne2"},
		{ "predicate": {"custom_model_data": 15}, "model": "item/emerald/ne3"},
		{ "predicate": {"custom_model_data": 16}, "model": "item/emerald/ma1"},
		{ "predicate": {"custom_model_data": 17}, "model": "item/emerald/ma2"},
		{ "predicate": {"custom_model_data": 18}, "model": "item/emerald/ma3"},
		{ "predicate": {"custom_model_data": 19}, "model": "item/emerald/sh1"},
		{ "predicate": {"custom_model_data": 20}, "model": "item/emerald/sh2"},
		{ "predicate": {"custom_model_data": 21}, "model": "item/emerald/sh3"},
		{ "predicate": {"custom_model_data": 22}, "model": "item/emerald/ia1"},
		{ "predicate": {"custom_model_data": 23}, "model": "item/emerald/ia2"},
		{ "predicate": {"custom_model_data": 24}, "model": "item/emerald/ia3"},
		{ "predicate": {"custom_model_data": 25}, "model": "item/emerald/ci1"},
		{ "predicate": {"custom_model_data": 26}, "model": "item/emerald/ci2"},
		{ "predicate": {"custom_model_data": 27}, "model": "item/emerald/ci3"},
		{ "predicate": {"custom_model_data": 28}, "model": "item/emerald/ty1"},
		{ "predicate": {"custom_model_data": 29}, "model": "item/emerald/ty2"},
		{ "predicate": {"custom_model_data": 30}, "model": "item/emerald/ty3"},
		{ "predicate": {"custom_model_data": 31}, "model": "item/emerald/ag1"},
		{ "predicate": {"custom_model_data": 32}, "model": "item/emerald/ag2"},
		{ "predicate": {"custom_model_data": 33}, "model": "item/emerald/ag3"},
		{ "predicate": {"custom_model_data": 34}, "model": "item/emerald/ian1"},
		{ "predicate": {"custom_model_data": 35}, "model": "item/emerald/ian2"},
		{ "predicate": {"custom_model_data": 36}, "model": "item/emerald/ian3"},
		{ "predicate": {"custom_model_data": 37}, "model": "item/emerald/mif"},
		{ "predicate": {"custom_model_data": 38}, "model": "item/emerald/leg"},
		{ "predicate": {"custom_model_data": 39}, "model": "item/emerald/leg2"},
		{ "predicate": {"custom_model_data": 40}, "model": "item/emerald/leg3"},
		{ "predicate": {"custom_model_data": 41}, "model": "item/emerald/leg4"},
		{ "predicate": {"custom_model_data": 42}, "model": "item/emerald/leg5"},
		{ "predicate": {"custom_model_data": 43}, "model": "item/emerald/leg6"}
	]
}