{
	"parent": "item/handheld",
	"textures": {
		"layer0": "item/golden_sword"
	},
	"overrides": [
		{ "predicate": {"custom_model_data": 1}, "model": "item/golden_sword/kin"},
		{ "predicate": {"custom_model_data": 2}, "model": "item/golden_sword/kop"},
		{ "predicate": {"custom_model_data": 3}, "model": "item/golden_sword/mech"},
		{ "predicate": {"custom_model_data": 4}, "model": "item/golden_sword/mol"},
		{ "predicate": {"custom_model_data": 5}, "model": "item/golden_sword/top"},
		{ "predicate": {"custom_model_data": 6}, "model": "item/golden_sword/kinz"},
		{ "predicate": {"custom_model_data": 7}, "model": "item/golden_sword/mechz"},
		{ "predicate": {"custom_model_data": 8}, "model": "item/golden_sword/topz"},
		{ "predicate": {"custom_model_data": 9}, "model": "item/golden_sword/molz"}		
	]
}