{
	"parent": "item/handheld",
	"textures": {
		"layer0": "item/iron_sword"
	},
	"overrides": [
		{ "predicate": {"custom_model_data": 1}, "model": "item/iron_sword/kin"},
		{ "predicate": {"custom_model_data": 2}, "model": "item/iron_sword/mech"},
		{ "predicate": {"custom_model_data": 3}, "model": "item/iron_sword/top"},
		{ "predicate": {"custom_model_data": 4}, "model": "item/iron_sword/mol"},
		{ "predicate": {"custom_model_data": 5}, "model": "item/iron_sword/kinm"},
		{ "predicate": {"custom_model_data": 6}, "model": "item/iron_sword/mechm"},
		{ "predicate": {"custom_model_data": 7}, "model": "item/iron_sword/topm"},
		{ "predicate": {"custom_model_data": 8}, "model": "item/iron_sword/molm"},
        { "predicate": {"custom_model_data": 9}, "model": "item/iron_sword/tleg1"},
        { "predicate": {"custom_model_data": 10}, "model": "item/iron_sword/tleg2"},
        { "predicate": {"custom_model_data": 11}, "model": "item/iron_sword/tleg3"},
		{ "predicate": {"custom_model_data": 12}, "model": "item/iron_sword/kin_new1"}
	]
}