{
  "parent": "item/generated",
  "textures": {
    "layer0": "item/leather_horse_armor"
  },
  "overrides": [
    {
      "predicate": {
        "custom_model_data": 1
      },
      "model": "modelengine:boss_crab/bone"
    },
    {
      "predicate": {
        "custom_model_data": 2
      },
      "model": "modelengine:boss_crab/bone2"
    },
    {
      "predicate": {
        "custom_model_data": 3
      },
      "model": "modelengine:boss_crab/bone3"
    },
    {
      "predicate": {
        "custom_model_data": 4
      },
      "model": "modelengine:boss_crab/bone4"
    },
    {
      "predicate": {
        "custom_model_data": 5
      },
      "model": "modelengine:hermitcrab/bone"
    },
    {
      "predicate": {
        "custom_model_data": 6
      },
      "model": "modelengine:hermitcrab/bone2"
    },
    {
      "predicate": {
        "custom_model_data": 7
      },
      "model": "modelengine:hermitcrab/bone3"
    },
    {
      "predicate": {
        "custom_model_data": 8
      },
      "model": "modelengine:hermitcrab/bone4"
    },
    {
      "predicate": {
        "custom_model_data": 9
      },
      "model": "modelengine:hermitcrab2/bone"
    },
    {
      "predicate": {
        "custom_model_data": 10
      },
      "model": "modelengine:hermitcrab2/bone2"
    },
    {
      "predicate": {
        "custom_model_data": 11
      },
      "model": "modelengine:hermitcrab2/bone3"
    },
    {
      "predicate": {
        "custom_model_data": 12
      },
      "model": "modelengine:hermitcrab2/bone4"
    },
    {
      "predicate": {
        "custom_model_data": 13
      },
      "model": "modelengine:rat/body"
    },
    {
      "predicate": {
        "custom_model_data": 14
      },
      "model": "modelengine:rat/tail"
    },
    {
      "predicate": {
        "custom_model_data": 15
      },
      "model": "modelengine:rat/head"
    }
  ]
}