{
	"parent": "item/generated",
	"textures": {
		"layer0": "item/prismarine_shard"
	},
	"overrides": [
		{ "predicate": {"custom_model_data": 1}, "model": "item/prismarine_shard/1_stone"},
		{ "predicate": {"custom_model_data": 2}, "model": "item/prismarine_shard/axe1"},
		{ "predicate": {"custom_model_data": 3}, "model": "item/prismarine_shard/ryb"},
		{ "predicate": {"custom_model_data": 4}, "model": "item/prismarine_shard/top"},
		{ "predicate": {"custom_model_data": 5}, "model": "item/prismarine_shard/sap"},	
		{ "predicate": {"custom_model_data": 6}, "model": "item/prismarine_shard/leg"},
		{ "predicate": {"custom_model_data": 7}, "model": "item/prismarine_shard/med2"},
		{ "predicate": {"custom_model_data": 8}, "model": "item/prismarine_shard/med3"},
        { "predicate": {"custom_model_data": 9}, "model": "item/prismarine_shard/zhel"},
		{ "predicate": {"custom_model_data": 10}, "model": "item/prismarine_shard/zol"},
		{ "predicate": {"custom_model_data": 11}, "model": "item/prismarine_shard/stal"},
		{ "predicate": {"custom_model_data": 12}, "model": "item/prismarine_shard/ser"},
		{ "predicate": {"custom_model_data": 13}, "model": "item/prismarine_shard/serk"},
		{ "predicate": {"custom_model_data": 14}, "model": "item/prismarine_shard/serp"},
		{ "predicate": {"custom_model_data": 15}, "model": "item/prismarine_shard/titp"},
		{ "predicate": {"custom_model_data": 16}, "model": "item/prismarine_shard/tits"},
		{ "predicate": {"custom_model_data": 17}, "model": "item/prismarine_shard/mif"},
		{ "predicate": {"custom_model_data": 18}, "model": "item/prismarine_shard/coinm"},
		{ "predicate": {"custom_model_data": 19}, "model": "item/prismarine_shard/coins"},
		{ "predicate": {"custom_model_data": 20}, "model": "item/prismarine_shard/coinz"},
		{ "predicate": {"custom_model_data": 21}, "model": "item/prismarine_shard/shabook"},
		{ "predicate": {"custom_model_data": 22}, "model": "item/prismarine_shard/plabook"},
		{ "predicate": {"custom_model_data": 23}, "model": "item/prismarine_shard/kyzbook"},
		{ "predicate": {"custom_model_data": 24}, "model": "item/prismarine_shard/ferbook"},
		{ "predicate": {"custom_model_data": 25}, "model": "item/prismarine_shard/Zglaz"},
		{ "predicate": {"custom_model_data": 26}, "model": "item/prismarine_shard/Zmozg"},
		{ "predicate": {"custom_model_data": 27}, "model": "item/prismarine_shard/med"},
		{ "predicate": {"custom_model_data": 28}, "model": "item/prismarine_shard/dryid"},
		{ "predicate": {"custom_model_data": 29}, "model": "item/prismarine_shard/berserk"},
		{ "predicate": {"custom_model_data": 30}, "model": "item/prismarine_shard/dylia"},
		{ "predicate": {"custom_model_data": 31}, "model": "item/prismarine_shard/charodey"},
		{ "predicate": {"custom_model_data": 32}, "model": "item/prismarine_shard/golovorez"},
		{ "predicate": {"custom_model_data": 33}, "model": "item/prismarine_shard/znahar"},
		{ "predicate": {"custom_model_data": 34}, "model": "item/prismarine_shard/samyrai"},
		{ "predicate": {"custom_model_data": 35}, "model": "item/prismarine_shard/inzhener"},
		{ "predicate": {"custom_model_data": 36}, "model": "item/prismarine_shard/sledopit"},
		{ "predicate": {"custom_model_data": 37}, "model": "item/prismarine_shard/okyltist"},
		{ "predicate": {"custom_model_data": 38}, "model": "item/prismarine_shard/shaman"},
		{ "predicate": {"custom_model_data": 39}, "model": "item/prismarine_shard/ritsar"},
		{ "predicate": {"custom_model_data": 40}, "model": "item/prismarine_shard/olovo"},
		{ "predicate": {"custom_model_data": 41}, "model": "item/prismarine_shard/olovo_p"},
		{ "predicate": {"custom_model_data": 42}, "model": "item/prismarine_shard/olovo_s"},
		{ "predicate": {"custom_model_data": 43}, "model": "item/prismarine_shard/volokno"},
		{ "predicate": {"custom_model_data": 44}, "model": "item/prismarine_shard/book1"},
		{ "predicate": {"custom_model_data": 45}, "model": "item/prismarine_shard/shliapa"},
		{ "predicate": {"custom_model_data": 46}, "model": "item/prismarine_shard/vili"},
		{ "predicate": {"custom_model_data": 47}, "model": "item/prismarine_shard/lupa"},
		{ "predicate": {"custom_model_data": 48}, "model": "item/prismarine_shard/igla"},
		{ "predicate": {"custom_model_data": 49}, "model": "item/prismarine_shard/bottles"},
		{ "predicate": {"custom_model_data": 50}, "model": "item/prismarine_shard/banki"},
		{ "predicate": {"custom_model_data": 51}, "model": "item/prismarine_shard/big_anvil"},
		{ "predicate": {"custom_model_data": 52}, "model": "item/prismarine_shard/posoh_m"},
		{ "predicate": {"custom_model_data": 53}, "model": "item/prismarine_shard/posoh_l"},
		{ "predicate": {"custom_model_data": 54}, "model": "item/prismarine_shard/stone_ring"},
		{ "predicate": {"custom_model_data": 55}, "model": "item/prismarine_shard/posoh_4"},
		{ "predicate": {"custom_model_data": 56}, "model": "item/prismarine_shard/posoh_m2"},
		{ "predicate": {"custom_model_data": 57}, "model": "item/prismarine_shard/posoh_z2"},
		{ "predicate": {"custom_model_data": 58}, "model": "item/prismarine_shard/mace2"},
		{ "predicate": {"custom_model_data": 59}, "model": "item/prismarine_shard/zap_1"}
	]
}