{
	"parent": "item/handheld",
	"textures": {
		"layer0": "item/stone_sword"
	},
	"overrides": [
		{ "predicate": {"custom_model_data": 1}, "model": "item/stone_sword/kin"},
		{ "predicate": {"custom_model_data": 2}, "model": "item/stone_sword/mech"},
		{ "predicate": {"custom_model_data": 3}, "model": "item/stone_sword/top"},
		{ "predicate": {"custom_model_data": 4}, "model": "item/stone_sword/mol"},
		{ "predicate": {"custom_model_data": 5}, "model": "item/stone_sword/leg1"},
		{ "predicate": {"custom_model_data": 6}, "model": "item/stone_sword/leg2"},
		{ "predicate": {"custom_model_data": 7}, "model": "item/stone_sword/leg3"},
		{ "predicate": {"custom_model_data": 8}, "model": "item/stone_sword/bastard"}
	]
}