{
	"parent": "block/torch",
	"display": {
		"thirdperson_righthand": {
			"translation": [ 0, 4, 1 ],
			"scale": [ 0.7, 0.7, 0.7 ]
		},
		"thirdperson_lefthand": {
			"translation": [ 0, 4, 1.5 ],
			"scale": [ 0.7, 0.7, 0.7 ]
		},
		"firstperson_righthand": {
			"translation": [ 0, 4, 0 ],
			"scale": [ 0.7, 0.7, 0.7 ]
		},
		"firstperson_lefthand": {
			"translation": [ 0, 4, 0 ],
			"scale": [ 0.7, 0.7, 0.7 ]
		},
		"ground": {
			"translation": [ 0, 2, 0 ],
			"scale": [ 0.5, 0.5, 0.5 ]
		},
		"gui": {
			"rotation": [ 0, 45, 0 ]
		},
		"fixed": {
			"translation": [ 0, 0, 1 ]
		}
	}
}