{
	"credit": "Made with Blockbench",
	"texture_size": [32, 32],
	"textures": {
		"0": "item/trident",
		"particle": "item/trident"
	},
	"elements": [
		{
			"from": [8.25, 9.75, 8.25],
			"to": [8.75, 28, 8.75],
			"rotation": {"angle": 0, "axis": "y", "origin": [16, 8, 16]},
			"faces": {
				"north": {"uv": [0, 0, 0.5, 14], "texture": "#0"},
				"east": {"uv": [0.5, 0.5, 1, 14.5], "texture": "#0"},
				"south": {"uv": [1, 1, 1.5, 15], "texture": "#0"},
				"west": {"uv": [1.5, 1.5, 2, 15.5], "texture": "#0"},
				"up": {"uv": [1, 0.5, 0.5, 0], "texture": "#0"},
				"down": {"uv": [1.5, 0, 1, 0.5], "texture": "#0"}
			}
		},
		{
			"from": [8, 27.5, 8.35],
			"to": [9, 29, 8.65],
			"rotation": {"angle": 0, "axis": "y", "origin": [16, 35.5, 2]},
			"faces": {
				"north": {"uv": [1, 0.5, 1.5, 1], "texture": "#0"},
				"east": {"uv": [1.5, 0, 1.65, 0.625], "texture": "#0"},
				"south": {"uv": [1.5, 0.5, 2, 1.125], "texture": "#0"},
				"west": {"uv": [1.5, 1, 1.65, 1.625], "rotation": 180, "texture": "#0"},
				"up": {"uv": [2.5, 2.15, 2, 2], "texture": "#0"},
				"down": {"uv": [2.5, 0, 2, 0.5], "texture": "#0"}
			}
		},
		{
			"from": [8.25, 29.5, 8.4],
			"to": [8.75, 30, 8.6],
			"rotation": {"angle": 0, "axis": "y", "origin": [16, 37.5, 16]},
			"faces": {
				"north": {"uv": [2, 0.5, 2.25, 0.75], "rotation": 90, "texture": "#0"},
				"east": {"uv": [2, 1, 2.1, 1.125], "texture": "#0"},
				"south": {"uv": [2, 1.5, 2.25, 1.75], "texture": "#0"},
				"west": {"uv": [2, 2.5, 2.1, 2.625], "texture": "#0"},
				"up": {"uv": [2.75, 2.6, 2.5, 2.5], "texture": "#0"},
				"down": {"uv": [3, 0, 2.5, 0.5], "texture": "#0"}
			}
		},
		{
			"from": [8.37, 30, 8.45],
			"to": [8.62, 30.5, 8.55],
			"rotation": {"angle": 0, "axis": "y", "origin": [16, 38, 16]},
			"faces": {
				"north": {"uv": [3, 2.5, 3.125, 2.75], "texture": "#0"},
				"east": {"uv": [2, 3.5, 2.05, 3.625], "texture": "#0"},
				"south": {"uv": [2.5, 3.5, 2.625, 3.75], "texture": "#0"},
				"west": {"uv": [3, 3.5, 3.05, 3.625], "texture": "#0"},
				"up": {"uv": [3.625, 3.55, 3.5, 3.5], "texture": "#0"},
				"down": {"uv": [4, 0, 3.5, 0.5], "texture": "#0"}
			}
		},
		{
			"from": [8.1, 27.25, 8.4],
			"to": [8.9, 27.5, 8.6],
			"rotation": {"angle": 0, "axis": "y", "origin": [16, 35, 16]},
			"faces": {
				"north": {"uv": [2.5, 0.5, 2.9, 0.625], "texture": "#0"},
				"east": {"uv": [2.5, 1, 2.6, 1.125], "texture": "#0"},
				"south": {"uv": [2.5, 1.5, 2.9, 1.625], "texture": "#0"},
				"west": {"uv": [2.5, 2, 2.6, 2.125], "texture": "#0"},
				"up": {"uv": [2.5, 3.5, 2, 3], "texture": "#0"},
				"down": {"uv": [2.9, 3, 2.5, 3.1], "texture": "#0"}
			}
		},
		{
			"from": [8.1, 29, 8.4],
			"to": [8.9, 29.5, 8.6],
			"rotation": {"angle": 0, "axis": "y", "origin": [16, 36.5, 16]},
			"faces": {
				"north": {"uv": [3, 3, 3.4, 3.25], "texture": "#0"},
				"east": {"uv": [3, 0, 3.1, 0.125], "texture": "#0"},
				"south": {"uv": [3, 0.5, 3.4, 0.75], "texture": "#0"},
				"west": {"uv": [3, 1, 3.1, 1.125], "texture": "#0"},
				"up": {"uv": [3.4, 1.6, 3, 1.5], "texture": "#0"},
				"down": {"uv": [3.5, 2, 3, 2.5], "texture": "#0"}
			}
		}
	],
	"display": {
		"thirdperson_righthand": {
			"rotation": [0, -23, 0],
			"translation": [-0.25, -24.75, -0.25],
			"scale": [1.75, 2.06, 1.75]
		},
		"thirdperson_lefthand": {
			"rotation": [52, -23, 0],
			"translation": [1.25, -11.5, -13.5],
			"scale": [1.75, 2.06, 1.75]
		},
		"firstperson_righthand": {
			"rotation": [-16, 102, 9],
			"translation": [12, -57, 1],
			"scale": [3.14, 4, 3.19]
		},
		"firstperson_lefthand": {
			"rotation": [-16, 102, 9],
			"translation": [12, -57, -2.75],
			"scale": [3.22, 4, 3.25]
		},
		"ground": {
			"rotation": [90, 0, 0],
			"translation": [0, 0, -17.5],
			"scale": [1.97, 2.14, 2]
		},
		"gui": {
			"rotation": [0, 0, -45],
			"translation": [-8.25, -5.75, 0.75],
			"scale": [3.44, 0.86, 1.75]
		},
		"head": {
			"rotation": [-1, -3, 20],
			"translation": [6.75, -43.5, 3.75],
			"scale": [2.97, 2.83, 2.78]
		},
		"fixed": {
			"rotation": [6, 0, 0],
			"translation": [-2, -68, -11],
			"scale": [4, 4, 4]
		}
	}
}