{
	"parent": "item/handheld",
	"textures": {
		"layer0": "item/wooden_sword"
	},
	"overrides": [
		{ "predicate": {"custom_model_data": 1}, "model": "item/wooden_sword/kin_1"},
		{ "predicate": {"custom_model_data": 2}, "model": "item/wooden_sword/kin_2"},
		{ "predicate": {"custom_model_data": 3}, "model": "item/wooden_sword/kin_3"},
		{ "predicate": {"custom_model_data": 4}, "model": "item/wooden_sword/kin_4"},
		{ "predicate": {"custom_model_data": 5}, "model": "item/wooden_sword/kin_5"},
		{ "predicate": {"custom_model_data": 6}, "model": "item/wooden_sword/kin_6"},
		{ "predicate": {"custom_model_data": 7}, "model": "item/wooden_sword/kin_7"},
		{ "predicate": {"custom_model_data": 8}, "model": "item/wooden_sword/kin_8"},
		{ "predicate": {"custom_model_data": 9}, "model": "item/wooden_sword/kin_9"},
		{ "predicate": {"custom_model_data": 10}, "model": "item/wooden_sword/kin_10"},
		{ "predicate": {"custom_model_data": 11}, "model": "item/wooden_sword/kin_11"},
		{ "predicate": {"custom_model_data": 12}, "model": "item/wooden_sword/kin_12"},
		{ "predicate": {"custom_model_data": 13}, "model": "item/wooden_sword/kin_13"},
		{ "predicate": {"custom_model_data": 14}, "model": "item/wooden_sword/kin_14"},
		{ "predicate": {"custom_model_data": 15}, "model": "item/wooden_sword/kin_15"},
		{ "predicate": {"custom_model_data": 16}, "model": "item/wooden_sword/kin_16"},
		{ "predicate": {"custom_model_data": 17}, "model": "item/wooden_sword/kin_17"},
		{ "predicate": {"custom_model_data": 18}, "model": "item/wooden_sword/kin_18"},
		{ "predicate": {"custom_model_data": 19}, "model": "item/wooden_sword/kin_19"},
		{ "predicate": {"custom_model_data": 20}, "model": "item/wooden_sword/kin_20"},
		{ "predicate": {"custom_model_data": 21}, "model": "item/wooden_sword/kin_21"},
		{ "predicate": {"custom_model_data": 22}, "model": "item/wooden_sword/kin_22"},
		{ "predicate": {"custom_model_data": 23}, "model": "item/wooden_sword/kin_23"},
		{ "predicate": {"custom_model_data": 24}, "model": "item/wooden_sword/kin_24"}
	]
}