{
	"credit": "Made with Blockbench",
	"parent": "item/generated",
	"textures": {
		"layer0": "item/wooden_sword/kin_13"
	},
	"display": {
		"thirdperson_righthand": {
			"rotation": [10, 90, 33],
			"translation": [0.25, 3.5, 1],
			"scale": [0.81, 0.81, 0.71]
		},
		"thirdperson_lefthand": {
			"rotation": [-80, 90, 33],
			"translation": [0.25, 3.25, 1],
			"scale": [0.81, 0.81, 0.71]
		},
		"firstperson_righthand": {
			"rotation": [8, 70, 10],
			"translation": [1.75, 3.75, 0],
			"scale": [1, 1, 0.93]
		},
		"firstperson_lefthand": {
			"rotation": [8, 70, -81],
			"translation": [1.75, 3.75, 0],
			"scale": [1, 1, 0.93]
		},
		"ground": {
			"rotation": [90, 0, 0],
			"translation": [0.15, -2, -0.45],
			"scale": [0.9, 0.9, 0.9]
		},
		"gui": {
			"translation": [0.5, 1, 0]
		},
		"fixed": {
			"rotation": [0, 0, 45],
			"translation": [0, 0, -0.75],
			"scale": [1.5, 1.5, 1.5]
		}
	}
}