{
	"credit": "Made with Blockbench",
	"textures": {
		"0": "kuznia",
		"particle": "kuznia"
	},
	"elements": [
		{
			"from": [0, 12, 0],
			"to": [16, 16, 16],
			"rotation": {"angle": 0, "axis": "y", "origin": [8, 8, 23]},
			"faces": {
				"north": {"uv": [0, 5.33333, 5.33333, 6.66667], "texture": "#0"},
				"east": {"uv": [0, 5.33333, 5.33333, 6.66667], "texture": "#0"},
				"south": {"uv": [0, 5.33333, 5.33333, 6.66667], "texture": "#0"},
				"west": {"uv": [0, 5.33333, 5.33333, 6.66667], "texture": "#0"},
				"up": {"uv": [0, 5.33333, 5.33333, 10.66667], "texture": "#0"},
				"down": {"uv": [0, 5.33333, 5.33333, 10.66667], "texture": "#0"}
			}
		},
		{
			"from": [0, 5, 0],
			"to": [2, 12, 2],
			"faces": {
				"north": {"uv": [0, 7.66667, 0.66667, 10], "rotation": 180, "texture": "#0"},
				"east": {"uv": [0, 7.66667, 0.66667, 10], "texture": "#0"},
				"south": {"uv": [0, 7.66667, 0.66667, 10], "rotation": 180, "texture": "#0"},
				"west": {"uv": [0, 7.66667, 0.66667, 10], "texture": "#0"},
				"up": {"uv": [0, 7.66667, 0.66667, 10], "rotation": 180, "texture": "#0"},
				"down": {"uv": [0, 7.66667, 0.66667, 10], "rotation": 180, "texture": "#0"}
			}
		},
		{
			"from": [-1, 0, -1],
			"to": [17, 5, 17],
			"rotation": {"angle": 0, "axis": "y", "origin": [8, 1, 8]},
			"faces": {
				"north": {"uv": [0, 10.66667, 5.33333, 12.33333], "texture": "#0"},
				"east": {"uv": [0, 10.66667, 5.33333, 12.33333], "texture": "#0"},
				"south": {"uv": [0, 10.66667, 5.33333, 12.33333], "texture": "#0"},
				"west": {"uv": [0, 10.66667, 5.33333, 12.33333], "texture": "#0"},
				"up": {"uv": [0, 10.66667, 5.33333, 16], "texture": "#0"},
				"down": {"uv": [0, 10.66667, 5.33333, 16], "texture": "#0"}
			}
		},
		{
			"from": [0, 5, 14],
			"to": [2, 12, 16],
			"rotation": {"angle": 0, "axis": "y", "origin": [8, 8, 22]},
			"faces": {
				"north": {"uv": [0, 7.66667, 0.66667, 10], "texture": "#0"},
				"east": {"uv": [0, 7.66667, 0.66667, 10], "rotation": 180, "texture": "#0"},
				"south": {"uv": [0, 7.66667, 0.66667, 10], "texture": "#0"},
				"west": {"uv": [0, 7.66667, 0.66667, 10], "rotation": 180, "texture": "#0"},
				"up": {"uv": [0, 7.66667, 0.66667, 10], "rotation": 180, "texture": "#0"},
				"down": {"uv": [0, 7.66667, 0.66667, 10], "rotation": 180, "texture": "#0"}
			}
		},
		{
			"from": [1, 5, 2],
			"to": [2, 12, 14],
			"rotation": {"angle": 0, "axis": "y", "origin": [8, 8, 20]},
			"faces": {
				"north": {"uv": [0, 14, 3.33333, 16], "texture": "#0"},
				"east": {"uv": [0, 14, 3.33333, 16], "texture": "#0"},
				"south": {"uv": [0, 14, 3.33333, 16], "texture": "#0"},
				"west": {"uv": [0, 14, 3.33333, 16], "texture": "#0"},
				"up": {"uv": [0, 14, 3.33333, 16], "texture": "#0"},
				"down": {"uv": [0, 14, 3.33333, 16], "texture": "#0"}
			}
		},
		{
			"from": [14, 5, 2],
			"to": [15, 12, 14],
			"rotation": {"angle": 0, "axis": "y", "origin": [21, 8, 20]},
			"faces": {
				"north": {"uv": [0, 13.66667, 3.33333, 16], "texture": "#0"},
				"east": {"uv": [0, 13.66667, 3.33333, 16], "texture": "#0"},
				"south": {"uv": [0, 13.66667, 3.33333, 16], "texture": "#0"},
				"west": {"uv": [0, 13.66667, 3.33333, 16], "texture": "#0"},
				"up": {"uv": [0, 13.66667, 3.33333, 16], "texture": "#0"},
				"down": {"uv": [0, 13.66667, 3.33333, 16], "texture": "#0"}
			}
		},
		{
			"from": [14, 5, 14],
			"to": [16, 12, 16],
			"rotation": {"angle": 0, "axis": "y", "origin": [22, 8, 22]},
			"faces": {
				"north": {"uv": [0, 7.66667, 0.66667, 10], "rotation": 180, "texture": "#0"},
				"east": {"uv": [0, 7.66667, 0.66667, 10], "texture": "#0"},
				"south": {"uv": [0, 7.66667, 0.66667, 10], "rotation": 180, "texture": "#0"},
				"west": {"uv": [0, 7.66667, 0.66667, 10], "texture": "#0"},
				"up": {"uv": [0, 7.66667, 0.66667, 10], "texture": "#0"},
				"down": {"uv": [0, 7.66667, 0.66667, 10], "texture": "#0"}
			}
		},
		{
			"from": [2, 5, 14],
			"to": [14, 11, 16],
			"rotation": {"angle": 0, "axis": "y", "origin": [20, 9, 22]},
			"faces": {
				"north": {"uv": [12, 0, 15.33333, 2], "texture": "#0"},
				"east": {"uv": [12, 0, 15.33333, 2], "texture": "#0"},
				"south": {"uv": [12, 0, 15.33333, 2], "texture": "#0"},
				"west": {"uv": [12, 0, 15.33333, 2], "texture": "#0"},
				"up": {"uv": [12, 0, 15.33333, 0.33333], "texture": "#0"},
				"down": {"uv": [12, 0, 15.33333, 2], "texture": "#0"}
			}
		},
		{
			"from": [13, 5, 0],
			"to": [14, 6, 14],
			"rotation": {"angle": 0, "axis": "y", "origin": [20, 13, 20]},
			"faces": {
				"north": {"uv": [12.33333, 3.66667, 12.33333, 3.66667], "texture": "#0"},
				"east": {"uv": [12.33333, 6, 15.33333, 6.33333], "texture": "#0"},
				"south": {"uv": [12.33333, 6, 15.33333, 6.33333], "texture": "#0"},
				"west": {"uv": [12.33333, 6, 15.33333, 6.33333], "texture": "#0"},
				"up": {"uv": [12.33333, 6, 15.33333, 6.33333], "rotation": 90, "texture": "#0"},
				"down": {"uv": [12.33333, 6, 15.33333, 6.33333], "texture": "#0"}
			}
		},
		{
			"from": [13.9, 6, 2],
			"to": [14, 9, 14],
			"rotation": {"angle": 0, "axis": "y", "origin": [20, 14, 20]},
			"faces": {
				"north": {"uv": [11, 7.66667, 14, 8.66667], "texture": "#0"},
				"east": {"uv": [11, 7.66667, 14, 8.66667], "texture": "#0"},
				"south": {"uv": [11, 7.66667, 14, 8.66667], "texture": "#0"},
				"west": {"uv": [11, 7.66667, 14, 8.66667], "texture": "#0"},
				"up": {"uv": [11, 7.66667, 14, 8.66667], "texture": "#0"},
				"down": {"uv": [11, 7.66667, 14, 8.66667], "texture": "#0"}
			}
		},
		{
			"from": [2, 6, 2],
			"to": [2.1, 9, 14],
			"rotation": {"angle": 0, "axis": "y", "origin": [8.1, 14, 20]},
			"faces": {
				"north": {"uv": [11, 7.66667, 14, 8.66667], "texture": "#0"},
				"east": {"uv": [11, 7.66667, 14, 8.66667], "texture": "#0"},
				"south": {"uv": [11, 7.66667, 14, 8.66667], "texture": "#0"},
				"west": {"uv": [11, 7.66667, 14, 8.66667], "texture": "#0"},
				"up": {"uv": [11, 7.66667, 14, 8.66667], "texture": "#0"},
				"down": {"uv": [11, 7.66667, 14, 8.66667], "texture": "#0"}
			}
		},
		{
			"from": [2, 5, 0],
			"to": [3, 6, 14],
			"rotation": {"angle": 0, "axis": "y", "origin": [9, 13, 20]},
			"faces": {
				"north": {"uv": [3.33333, 8.66667, 3.33333, 9], "texture": "#0"},
				"east": {"uv": [12.33333, 6, 15.33333, 6.33333], "texture": "#0"},
				"south": {"uv": [12.33333, 6, 15.33333, 6.33333], "texture": "#0"},
				"west": {"uv": [12.33333, 6, 15.33333, 6.33333], "texture": "#0"},
				"up": {"uv": [12.33333, 6, 15.33333, 6.33333], "rotation": 90, "texture": "#0"},
				"down": {"uv": [12.33333, 6, 15.33333, 6.33333], "texture": "#0"}
			}
		},
		{
			"from": [3, 5, 1],
			"to": [13, 5.25, 13],
			"rotation": {"angle": 0, "axis": "y", "origin": [9, 13, 20]},
			"faces": {
				"north": {"uv": [6, 11.66667, 9, 15], "texture": "#0"},
				"east": {"uv": [6, 11.66667, 9, 15], "texture": "#0"},
				"south": {"uv": [6, 11.66667, 9, 15], "texture": "#0"},
				"west": {"uv": [6, 11.66667, 9, 15], "texture": "#0"},
				"up": {"uv": [6, 11.66667, 9, 15], "texture": "#0"},
				"down": {"uv": [6, 11.66667, 9, 15], "texture": "#0"}
			}
		},
		{
			"from": [2, 8.9, 1],
			"to": [14, 9.05, 13.8],
			"rotation": {"angle": 0, "axis": "y", "origin": [9, 16.8, 20]},
			"faces": {
				"north": {"uv": [11, 5.66667, 14, 10], "texture": "#0"},
				"east": {"uv": [11, 5.66667, 14, 10], "texture": "#0"},
				"south": {"uv": [11, 5.66667, 14, 10], "texture": "#0"},
				"west": {"uv": [11, 5.66667, 14, 10], "texture": "#0"},
				"up": {"uv": [11, 5.66667, 14, 10], "texture": "#0"},
				"down": {"uv": [11, 5.66667, 14, 10], "texture": "#0"}
			}
		},
		{
			"from": [2, 9, 0],
			"to": [14, 10, 14],
			"rotation": {"angle": 0, "axis": "y", "origin": [9, 17, 20]},
			"faces": {
				"north": {"uv": [12.33333, 1.33333, 16, 1.33333], "texture": "#0"},
				"east": {"uv": [12.33333, 1.33333, 16, 1.33333], "texture": "#0"},
				"south": {"uv": [12.33333, 1.33333, 16, 1.33333], "texture": "#0"},
				"west": {"uv": [12.33333, 1.33333, 16, 1.33333], "texture": "#0"},
				"up": {"uv": [12.33333, 1.33333, 16, 5], "texture": "#0"},
				"down": {"uv": [12.33333, 1.33333, 16, 1.33333], "texture": "#0"}
			}
		},
		{
			"from": [3, 5, 13],
			"to": [13, 6, 14],
			"rotation": {"angle": 0, "axis": "y", "origin": [10, 13, 20]},
			"faces": {
				"north": {"uv": [12.33333, 6, 15.33333, 6.33333], "texture": "#0"},
				"east": {"uv": [12.33333, 6, 15.33333, 6.33333], "texture": "#0"},
				"south": {"uv": [12.33333, 6, 15.33333, 6.33333], "texture": "#0"},
				"west": {"uv": [12.33333, 6, 15.33333, 6.33333], "texture": "#0"},
				"up": {"uv": [12.33333, 6, 15.33333, 6.33333], "texture": "#0"},
				"down": {"uv": [12.33333, 6, 15.33333, 6.33333], "texture": "#0"}
			}
		},
		{
			"from": [2, 6, 13.8],
			"to": [14, 9, 14],
			"rotation": {"angle": 0, "axis": "y", "origin": [10, 14, 20]},
			"faces": {
				"north": {"uv": [12.33333, 5.33333, 16, 6.33333], "texture": "#0"},
				"east": {"uv": [12.33333, 5.33333, 16, 6.33333], "texture": "#0"},
				"south": {"uv": [12.33333, 5.33333, 16, 6.33333], "texture": "#0"},
				"west": {"uv": [12.33333, 5.33333, 16, 6.33333], "texture": "#0"},
				"up": {"uv": [12.33333, 5.33333, 16, 6.33333], "texture": "#0"},
				"down": {"uv": [12.33333, 5.33333, 16, 6.33333], "texture": "#0"}
			}
		},
		{
			"from": [5, 5, 4],
			"to": [11, 6, 10],
			"rotation": {"angle": 0, "axis": "y", "origin": [10, 13, 11]},
			"faces": {
				"north": {"uv": [0, 15.66667, 1.66667, 16], "texture": "#0"},
				"east": {"uv": [0, 15.66667, 1.66667, 16], "rotation": 180, "texture": "#0"},
				"south": {"uv": [0, 15.66667, 1.66667, 16], "rotation": 180, "texture": "#0"},
				"west": {"uv": [0, 15.66667, 1.66667, 16], "rotation": 180, "texture": "#0"},
				"up": {"uv": [0, 14.33333, 1.66667, 16], "rotation": 180, "texture": "#0"},
				"down": {"uv": [0, 15.66667, 1.66667, 16], "rotation": 180, "texture": "#0"}
			}
		},
		{
			"from": [3, 5, 0],
			"to": [13, 6, 1],
			"rotation": {"angle": 0, "axis": "y", "origin": [10, 13, 7]},
			"faces": {
				"north": {"uv": [1.33333, 9.33333, 4.66667, 9.33333], "texture": "#0"},
				"east": {"uv": [12.66667, 8.33333, 16, 8.33333], "texture": "#0"},
				"south": {"uv": [12.66667, 8.33333, 16, 8.33333], "texture": "#0"},
				"west": {"uv": [12.66667, 8.33333, 16, 8.33333], "texture": "#0"},
				"up": {"uv": [12.66667, 8.33333, 16, 8.33333], "texture": "#0"},
				"down": {"uv": [12.66667, 8.33333, 16, 8.33333], "texture": "#0"}
			}
		},
		{
			"from": [14, 5, 0],
			"to": [16, 12, 2],
			"rotation": {"angle": 0, "axis": "y", "origin": [22, 8, 8]},
			"faces": {
				"north": {"uv": [0, 7.66667, 0.66667, 10], "texture": "#0"},
				"east": {"uv": [0, 7.66667, 0.66667, 10], "rotation": 180, "texture": "#0"},
				"south": {"uv": [0, 7.66667, 0.66667, 10], "texture": "#0"},
				"west": {"uv": [0, 7.66667, 0.66667, 10], "rotation": 180, "texture": "#0"},
				"up": {"uv": [0, 7.66667, 0.66667, 10], "rotation": 180, "texture": "#0"},
				"down": {"uv": [0, 7.66667, 0.66667, 10], "rotation": 180, "texture": "#0"}
			}
		},
		{
			"from": [6.8, 16, 13.7],
			"to": [8.8, 19, 16.7],
			"rotation": {"angle": -22.5, "axis": "y", "origin": [14.8, 24, 23.7]},
			"faces": {
				"north": {"uv": [7.66667, 8.66667, 8.66667, 10], "texture": "#0"},
				"east": {"uv": [7.66667, 8.66667, 8.66667, 10], "texture": "#0"},
				"south": {"uv": [7.66667, 8.66667, 8.66667, 10], "texture": "#0"},
				"west": {"uv": [7.66667, 8.66667, 8.66667, 10], "texture": "#0"},
				"up": {"uv": [7.66667, 8.66667, 8.66667, 10], "texture": "#0"},
				"down": {"uv": [7.66667, 8.66667, 8.66667, 10], "texture": "#0"}
			}
		},
		{
			"from": [8.15, 16.75, 4],
			"to": [9.65, 18.25, 17.25],
			"rotation": {"angle": -22.5, "axis": "y", "origin": [15.9, 24, 21]},
			"faces": {
				"north": {"uv": [6, 0, 6.66667, 0.66667], "rotation": 270, "texture": "#0"},
				"east": {"uv": [8.66667, 0, 9.33333, 5.33333], "rotation": 90, "texture": "#0"},
				"south": {"uv": [6, 0, 6.66667, 0.66667], "texture": "#0"},
				"west": {"uv": [8.33333, 0, 9, 5.33333], "rotation": 90, "texture": "#0"},
				"up": {"uv": [6, 0, 6.66667, 5.33333], "texture": "#0"},
				"down": {"uv": [6, 0, 6.66667, 5.33333], "texture": "#0"}
			}
		},
		{
			"from": [4.25, 16.25, 12.5],
			"to": [5.25, 18.75, 15],
			"rotation": {"angle": -22.5, "axis": "y", "origin": [11.25, 24, 22.25]},
			"faces": {
				"north": {"uv": [8, 8.33333, 8.66667, 9.66667], "texture": "#0"},
				"east": {"uv": [7.33333, 8.33333, 8.66667, 9.66667], "texture": "#0"},
				"south": {"uv": [9, 7.66667, 9.66667, 9], "texture": "#0"},
				"west": {"uv": [7.33333, 8.33333, 8.66667, 9.66667], "texture": "#0"},
				"up": {"uv": [8, 6.33333, 8.66667, 7.66667], "texture": "#0"},
				"down": {"uv": [7.33333, 8.33333, 8.66667, 9.66667], "texture": "#0"}
			}
		},
		{
			"from": [11.5, 16.25, 10.15],
			"to": [12.5, 18.75, 12.65],
			"rotation": {"angle": -22.5, "axis": "y", "origin": [5.5, 11, 19.9]},
			"faces": {
				"north": {"uv": [8.66667, 9.66667, 8, 8.33333], "texture": "#0"},
				"east": {"uv": [8.66667, 9.66667, 7.33333, 8.33333], "texture": "#0"},
				"south": {"uv": [9.66667, 9, 9, 7.66667], "texture": "#0"},
				"west": {"uv": [8.66667, 9.66667, 7.33333, 8.33333], "texture": "#0"},
				"up": {"uv": [8, 9.66667, 7.33333, 8.33333], "texture": "#0"},
				"down": {"uv": [8.66667, 7.66667, 8, 6.33333], "texture": "#0"}
			}
		},
		{
			"from": [5, 16.5, 13.5],
			"to": [6, 18.5, 15.5],
			"rotation": {"angle": -22.5, "axis": "y", "origin": [13, 24, 23]},
			"faces": {
				"north": {"uv": [9, 6, 9.66667, 7.33333], "texture": "#0"},
				"east": {"uv": [8, 8, 8.66667, 9.33333], "texture": "#0"},
				"south": {"uv": [9.33333, 8.33333, 10, 9.66667], "texture": "#0"},
				"west": {"uv": [8, 8, 8.66667, 9.33333], "texture": "#0"},
				"up": {"uv": [7.66667, 6, 8.33333, 7.33333], "texture": "#0"},
				"down": {"uv": [8, 8, 8.66667, 9.33333], "texture": "#0"}
			}
		},
		{
			"from": [10.75, 16.5, 9.725],
			"to": [11.75, 18.5, 11.725],
			"rotation": {"angle": -22.5, "axis": "y", "origin": [3.75, 11, 19.225]},
			"faces": {
				"north": {"uv": [9.66667, 7.33333, 9, 6], "texture": "#0"},
				"east": {"uv": [8.66667, 9.33333, 8, 8], "texture": "#0"},
				"south": {"uv": [10, 9.66667, 9.33333, 8.33333], "texture": "#0"},
				"west": {"uv": [8.66667, 9.33333, 8, 8], "texture": "#0"},
				"up": {"uv": [8.66667, 9.33333, 8, 8], "texture": "#0"},
				"down": {"uv": [8.33333, 7.33333, 7.66667, 6], "texture": "#0"}
			}
		},
		{
			"from": [6, 16.25, 13.25],
			"to": [10, 18.75, 15.75],
			"rotation": {"angle": -22.5, "axis": "y", "origin": [13, 24, 23]},
			"faces": {
				"north": {"uv": [7.66667, 8, 9.66667, 9.33333], "texture": "#0"},
				"east": {"uv": [7.66667, 8, 9.66667, 9.33333], "texture": "#0"},
				"south": {"uv": [7.66667, 8, 9.66667, 9.33333], "texture": "#0"},
				"west": {"uv": [7.66667, 8, 9.66667, 9.33333], "texture": "#0"},
				"up": {"uv": [6, 6.66667, 8, 8], "rotation": 180, "texture": "#0"},
				"down": {"uv": [7.66667, 8, 9.66667, 9.33333], "texture": "#0"}
			}
		},
		{
			"from": [-0.8, 8, 8],
			"to": [-0.1, 8.5, 9],
			"rotation": {"angle": 0, "axis": "y", "origin": [7, 16, 16]},
			"faces": {
				"north": {"uv": [8.66667, 8.33333, 9, 8.66667], "texture": "#0"},
				"east": {"uv": [8.66667, 8.33333, 9, 8.66667], "texture": "#0"},
				"south": {"uv": [8.66667, 8.33333, 9, 8.66667], "texture": "#0"},
				"west": {"uv": [8.66667, 8.33333, 9, 8.66667], "texture": "#0"},
				"up": {"uv": [8.66667, 8.33333, 9, 8.66667], "texture": "#0"},
				"down": {"uv": [8.66667, 8.33333, 9, 8.66667], "texture": "#0"}
			}
		},
		{
			"from": [-0.8, 8, 10],
			"to": [-0.1, 8.5, 11],
			"rotation": {"angle": 0, "axis": "y", "origin": [7, 16, 3]},
			"faces": {
				"north": {"uv": [7.33333, 7.33333, 7.66667, 7.66667], "texture": "#0"},
				"east": {"uv": [7.33333, 7.33333, 7.66667, 7.66667], "texture": "#0"},
				"south": {"uv": [7.33333, 7.33333, 7.66667, 7.66667], "texture": "#0"},
				"west": {"uv": [7.33333, 7.33333, 7.66667, 7.66667], "texture": "#0"},
				"up": {"uv": [7.33333, 7.33333, 7.66667, 7.66667], "texture": "#0"},
				"down": {"uv": [7.33333, 7.33333, 7.66667, 7.66667], "texture": "#0"}
			}
		},
		{
			"from": [-1.25, 13, 9],
			"to": [0, 13.5, 10],
			"rotation": {"angle": 0, "axis": "y", "origin": [7, 21, 2]},
			"faces": {
				"north": {"uv": [13.66667, 2, 14.66667, 2.66667], "texture": "#0"},
				"east": {"uv": [13.66667, 2, 14.66667, 2.66667], "texture": "#0"},
				"south": {"uv": [13.66667, 2, 14.66667, 2.66667], "texture": "#0"},
				"west": {"uv": [13.66667, 2, 14.66667, 2.66667], "texture": "#0"},
				"up": {"uv": [13.66667, 2, 14.66667, 2.66667], "texture": "#0"},
				"down": {"uv": [13.66667, 2, 14.66667, 2.66667], "texture": "#0"}
			}
		},
		{
			"from": [-1.5, 13.5, 9],
			"to": [-1, 14, 10],
			"rotation": {"angle": 0, "axis": "y", "origin": [6, 21, 2]},
			"faces": {
				"north": {"uv": [13.66667, 2, 14.66667, 2.66667], "texture": "#0"},
				"east": {"uv": [13.66667, 2, 14.66667, 2.66667], "texture": "#0"},
				"south": {"uv": [13.66667, 2, 14.66667, 2.66667], "texture": "#0"},
				"west": {"uv": [13.66667, 2, 14.66667, 2.66667], "texture": "#0"},
				"up": {"uv": [13.66667, 2, 14.66667, 2.66667], "texture": "#0"},
				"down": {"uv": [13.66667, 2, 14.66667, 2.66667], "texture": "#0"}
			}
		},
		{
			"from": [-0.8, 8, 7.5],
			"to": [-0.1, 12.5, 8],
			"rotation": {"angle": 0, "axis": "y", "origin": [7, 16, 15]},
			"faces": {
				"north": {"uv": [8, 7, 8, 9.66667], "texture": "#0"},
				"east": {"uv": [8, 7, 8, 9.66667], "texture": "#0"},
				"south": {"uv": [8, 7, 8, 9.66667], "texture": "#0"},
				"west": {"uv": [8, 7, 8, 9.66667], "texture": "#0"},
				"up": {"uv": [8, 7, 8, 9.66667], "texture": "#0"},
				"down": {"uv": [8, 7, 8, 9.66667], "texture": "#0"}
			}
		},
		{
			"from": [-0.8, 8, 11],
			"to": [-0.1, 12.5, 11.5],
			"rotation": {"angle": 0, "axis": "y", "origin": [7, 16, 4]},
			"faces": {
				"north": {"uv": [7, 7, 7.33333, 9.66667], "texture": "#0"},
				"east": {"uv": [7, 7, 7.33333, 9.66667], "texture": "#0"},
				"south": {"uv": [7, 7, 7.33333, 9.66667], "texture": "#0"},
				"west": {"uv": [7, 7, 7.33333, 9.66667], "texture": "#0"},
				"up": {"uv": [7, 7, 7.33333, 9.66667], "texture": "#0"},
				"down": {"uv": [7, 7, 7.33333, 9.66667], "texture": "#0"}
			}
		},
		{
			"from": [-0.8, 4.85, 10.975],
			"to": [-0.1, 9.35, 11.475],
			"rotation": {"angle": 45, "axis": "x", "origin": [7, 12.85, 18.475]},
			"faces": {
				"north": {"uv": [7.66667, 7.66667, 7.66667, 10], "texture": "#0"},
				"east": {"uv": [7.66667, 7.66667, 7.66667, 10], "texture": "#0"},
				"south": {"uv": [7.66667, 7.66667, 7.66667, 10], "texture": "#0"},
				"west": {"uv": [7.66667, 7.66667, 7.66667, 10], "texture": "#0"},
				"up": {"uv": [7.66667, 7.66667, 7.66667, 10], "texture": "#0"},
				"down": {"uv": [7.66667, 7.66667, 7.66667, 10], "texture": "#0"}
			}
		},
		{
			"from": [-1.05, 9.35, 10.725],
			"to": [0.15, 11.35, 11.725],
			"rotation": {"angle": 45, "axis": "x", "origin": [7, 12.85, 18.475]},
			"faces": {
				"north": {"uv": [9.33333, 1.33333, 10, 2.66667], "texture": "#0"},
				"east": {"uv": [5.33333, 0, 6, 1.33333], "texture": "#0"},
				"south": {"uv": [8, 3.33333, 8.66667, 4.66667], "texture": "#0"},
				"west": {"uv": [5.33333, 0, 6, 1.33333], "texture": "#0"},
				"up": {"uv": [5.33333, 0, 6, 1.33333], "texture": "#0"},
				"down": {"uv": [5.33333, 0, 6, 1.33333], "texture": "#0"}
			}
		},
		{
			"from": [-1.05, 9.35, 7.275],
			"to": [0.15, 11.35, 8.275],
			"rotation": {"angle": -45, "axis": "x", "origin": [7, 12.85, 0.525]},
			"faces": {
				"north": {"uv": [9.66667, 0.66667, 9, 1.66667], "texture": "#0"},
				"east": {"uv": [6.33333, 0, 5.66667, 1], "texture": "#0"},
				"south": {"uv": [9.66667, 3, 9, 4], "texture": "#0"},
				"west": {"uv": [7.66667, 1, 7, 2], "texture": "#0"},
				"up": {"uv": [6.33333, 0, 5.66667, 1], "texture": "#0"},
				"down": {"uv": [6.33333, 0, 5.66667, 1], "texture": "#0"}
			}
		},
		{
			"from": [-0.8, 4.85, 7.525],
			"to": [-0.1, 9.35, 8.025],
			"rotation": {"angle": -45, "axis": "x", "origin": [7, 12.85, 0.525]},
			"faces": {
				"north": {"uv": [8, 6.66667, 8, 8.66667], "texture": "#0"},
				"east": {"uv": [8, 6.66667, 8, 8.66667], "texture": "#0"},
				"south": {"uv": [8, 6.66667, 8, 8.66667], "texture": "#0"},
				"west": {"uv": [8, 6.66667, 8, 8.66667], "texture": "#0"},
				"up": {"uv": [8, 6.66667, 8, 8.66667], "texture": "#0"},
				"down": {"uv": [8, 6.66667, 8, 8.66667], "texture": "#0"}
			}
		}
	],
	"display": {
		"thirdperson_righthand": {
			"translation": [-1, 1.25, 0],
			"scale": [0.3, 0.3, 0.3]
		},
		"thirdperson_lefthand": {
			"translation": [-1, 1.25, 0],
			"scale": [0.3, 0.3, 0.3]
		},
		"firstperson_righthand": {
			"rotation": [1, 119, 0],
			"translation": [0.5, 2.75, 0],
			"scale": [0.3, 0.3, 0.3]
		},
		"firstperson_lefthand": {
			"rotation": [1, 119, 0],
			"translation": [0.5, 2.75, 0],
			"scale": [0.3, 0.3, 0.3]
		},
		"ground": {
			"translation": [0, -1.5, 0],
			"scale": [0.3, 0.3, 0.3]
		},
		"gui": {
			"rotation": [15, 129, 0],
			"translation": [0.5, -0.5, 0],
			"scale": [0.3, 0.3, 0.3]
		},
		"fixed": {
			"rotation": [-90, 0, 0],
			"translation": [0, 0, -15.75],
			"scale": [2.07, 2.07, 2.07]
		}
	}
}