{
	"credit": "Made with Blockbench",
	"parent": "item/handheld",
	"textures": {
		"layer0": "item/diamond_sword/kin"
	},
	"display": {
		"thirdperson_righthand": {
			"rotation": [-45, -90, 0],
			"translation": [0, 1, 1.25],
			"scale": [0.6, 0.6, 0.45]
		},
		"thirdperson_lefthand": {
			"rotation": [45, -90, 0],
			"translation": [0, 1, 1.25],
			"scale": [0.6, 0.6, 0.45]
		},
		"firstperson_righthand": {
			"rotation": [-59, -90, 0],
			"translation": [0, 2.25, 1.25],
			"scale": [0.6, 0.6, 0.45]
		},
		"firstperson_lefthand": {
			"rotation": [-51, 83, 0],
			"translation": [0, 2.25, 1.25],
			"scale": [0.6, 0.6, 0.45]
		},
		"ground": {
			"rotation": [-90, 0, -45],
			"translation": [0, -2, 0],
			"scale": [0.6, 0.6, 0.45]
		},
		"gui": {
			"translation": [0, 0, -0.25],
			"scale": [0.88, 0.88, 0.67]
		},
		"fixed": {
			"rotation": [0, 0, 90],
			"translation": [0, 0, -0.25],
			"scale": [0.88, 0.88, 0.67]
		}
	}
}