{
	"credit": "Made by Anicloud",
	"parent": "JAPANESE_TEA_CUP",
	"textures": {
		"0": "block/oak_log",
		"particle": "block/oak_log"
	},
	"elements": [
		{
			"from": [6, 1, 5],
			"to": [10, 9, 6],
			"rotation": {"angle": 0, "axis": "y", "origin": [14, 8, 13]},
			"faces": {
				"north": {"uv": [2, 0, 6, 8], "texture": "#0"},
				"east": {"uv": [0, 0, 1, 8], "texture": "#0"},
				"south": {"uv": [5, 8, 9, 16], "texture": "#0"},
				"west": {"uv": [1, 8, 2, 16], "texture": "#0"},
				"up": {"uv": [0, 0, 4, 1], "texture": "#0"},
				"down": {"uv": [0, 0, 4, 1], "texture": "#0"}
			}
		},
		{
			"from": [6, 0, 6],
			"to": [10, 1, 7],
			"rotation": {"angle": 0, "axis": "y", "origin": [14, 8, 14]},
			"faces": {
				"north": {"uv": [0, 0, 4, 1], "texture": "#0"},
				"east": {"uv": [0, 0, 1, 1], "texture": "#0"},
				"south": {"uv": [0, 0, 4, 1], "texture": "#0"},
				"west": {"uv": [0, 0, 1, 1], "texture": "#0"},
				"up": {"uv": [0, 5, 4, 6], "texture": "#0"},
				"down": {"uv": [0, 4, 4, 5], "texture": "#0"}
			}
		},
		{
			"from": [6, 1, 12],
			"to": [10, 9, 13],
			"rotation": {"angle": 0, "axis": "y", "origin": [14, 8, 20]},
			"faces": {
				"north": {"uv": [0, 0, 4, 8], "texture": "#0"},
				"east": {"uv": [14, 8, 15, 16], "texture": "#0"},
				"south": {"uv": [10, 8, 14, 16], "texture": "#0"},
				"west": {"uv": [0, 0, 1, 8], "texture": "#0"},
				"up": {"uv": [0, 0, 4, 1], "texture": "#0"},
				"down": {"uv": [0, 0, 4, 1], "texture": "#0"}
			}
		},
		{
			"from": [6, 0, 11],
			"to": [10, 1, 12],
			"rotation": {"angle": 0, "axis": "y", "origin": [14, 8, 19]},
			"faces": {
				"north": {"uv": [0, 0, 4, 1], "texture": "#0"},
				"east": {"uv": [0, 0, 1, 1], "texture": "#0"},
				"south": {"uv": [0, 0, 4, 1], "texture": "#0"},
				"west": {"uv": [0, 0, 1, 1], "texture": "#0"},
				"up": {"uv": [0, 0, 4, 1], "texture": "#0"},
				"down": {"uv": [0, 9, 4, 10], "texture": "#0"}
			}
		},
		{
			"from": [5, 0, 7],
			"to": [11, 1, 11],
			"rotation": {"angle": 0, "axis": "y", "origin": [14, 8, 15]},
			"faces": {
				"north": {"uv": [0, 0, 6, 1], "texture": "#0"},
				"east": {"uv": [0, 0, 4, 1], "texture": "#0"},
				"south": {"uv": [0, 0, 6, 1], "texture": "#0"},
				"west": {"uv": [0, 0, 4, 1], "texture": "#0"},
				"up": {"uv": [0, 1, 6, 5], "texture": "#0"},
				"down": {"uv": [0, 5, 6, 9], "texture": "#0"}
			}
		},
		{
			"from": [11, 1, 7],
			"to": [12, 9, 11],
			"rotation": {"angle": 0, "axis": "y", "origin": [4, 8, 15]},
			"faces": {
				"north": {"uv": [5, 0, 6, 8], "texture": "#0"},
				"east": {"uv": [2, 0, 6, 8], "texture": "#0"},
				"south": {"uv": [1, 0, 2, 8], "texture": "#0"},
				"west": {"uv": [0, 0, 4, 8], "texture": "#0"},
				"up": {"uv": [0, 0, 4, 1], "rotation": 90, "texture": "#0"},
				"down": {"uv": [0, 0, 4, 1], "rotation": 270, "texture": "#0"}
			}
		},
		{
			"from": [4, 1, 7],
			"to": [5, 9, 11],
			"rotation": {"angle": 0, "axis": "y", "origin": [-3, 8, 15]},
			"faces": {
				"north": {"uv": [0, 0, 1, 8], "texture": "#0"},
				"east": {"uv": [4, 0, 8, 8], "texture": "#0"},
				"south": {"uv": [9, 0, 10, 8], "texture": "#0"},
				"west": {"uv": [9, 8, 13, 16], "texture": "#0"},
				"up": {"uv": [0, 0, 4, 1], "rotation": 90, "texture": "#0"},
				"down": {"uv": [0, 0, 4, 1], "rotation": 270, "texture": "#0"}
			}
		},
		{
			"from": [2, 2, 9],
			"to": [3, 3, 10],
			"rotation": {"angle": 0, "axis": "y", "origin": [-5, 5, 17]},
			"faces": {
				"north": {"uv": [0, 0, 1, 1], "texture": "#0"},
				"east": {"uv": [0, 0, 1, 1], "texture": "#0"},
				"south": {"uv": [0, 0, 1, 1], "texture": "#0"},
				"west": {"uv": [0, 0, 1, 1], "texture": "#0"},
				"up": {"uv": [0, 0, 1, 1], "rotation": 90, "texture": "#0"},
				"down": {"uv": [0, 0, 1, 1], "rotation": 270, "texture": "#0"}
			}
		},
		{
			"from": [1, 3, 9],
			"to": [2, 7, 10],
			"rotation": {"angle": 0, "axis": "y", "origin": [-6, 9, 17]},
			"faces": {
				"north": {"uv": [1, 2, 2, 6], "texture": "#0"},
				"east": {"uv": [1, 2, 2, 6], "texture": "#0"},
				"south": {"uv": [1, 2, 2, 6], "texture": "#0"},
				"west": {"uv": [1, 2, 2, 6], "texture": "#0"},
				"up": {"uv": [1, 2, 2, 3], "rotation": 90, "texture": "#0"},
				"down": {"uv": [1, 2, 2, 3], "rotation": 270, "texture": "#0"}
			}
		},
		{
			"from": [2, 7, 9],
			"to": [3, 8, 10],
			"rotation": {"angle": 0, "axis": "y", "origin": [-5, 13, 17]},
			"faces": {
				"north": {"uv": [1, 2, 2, 3], "texture": "#0"},
				"east": {"uv": [1, 2, 2, 3], "texture": "#0"},
				"south": {"uv": [1, 2, 2, 3], "texture": "#0"},
				"west": {"uv": [1, 2, 2, 3], "texture": "#0"},
				"up": {"uv": [1, 2, 2, 3], "rotation": 90, "texture": "#0"},
				"down": {"uv": [1, 2, 2, 3], "rotation": 270, "texture": "#0"}
			}
		},
		{
			"from": [3, 2, 9],
			"to": [4, 3, 10],
			"rotation": {"angle": 0, "axis": "y", "origin": [-4, 8, 17]},
			"faces": {
				"north": {"uv": [0, 3, 1, 4], "texture": "#0"},
				"east": {"uv": [0, 3, 1, 4], "texture": "#0"},
				"south": {"uv": [0, 3, 1, 4], "texture": "#0"},
				"west": {"uv": [0, 3, 1, 4], "texture": "#0"},
				"up": {"uv": [0, 3, 1, 4], "rotation": 90, "texture": "#0"},
				"down": {"uv": [0, 3, 1, 4], "rotation": 270, "texture": "#0"}
			}
		},
		{
			"from": [3, 7, 9],
			"to": [4, 8, 10],
			"rotation": {"angle": 0, "axis": "y", "origin": [-4, 14, 17]},
			"faces": {
				"north": {"uv": [1, 0, 2, 1], "texture": "#0"},
				"east": {"uv": [1, 0, 2, 1], "texture": "#0"},
				"south": {"uv": [1, 0, 2, 1], "texture": "#0"},
				"west": {"uv": [1, 0, 2, 1], "texture": "#0"},
				"up": {"uv": [1, 0, 2, 1], "rotation": 90, "texture": "#0"},
				"down": {"uv": [1, 0, 2, 1], "rotation": 270, "texture": "#0"}
			}
		},
		{
			"from": [5, 1, 6],
			"to": [6, 9, 7],
			"rotation": {"angle": 0, "axis": "y", "origin": [13, 8, 14]},
			"faces": {
				"north": {"uv": [1, 0, 2, 8], "texture": "#0"},
				"east": {"uv": [0, 0, 1, 8], "texture": "#0"},
				"south": {"uv": [0, 0, 1, 8], "texture": "#0"},
				"west": {"uv": [2, 8, 3, 16], "texture": "#0"},
				"up": {"uv": [0, 0, 1, 1], "texture": "#0"},
				"down": {"uv": [0, 0, 1, 1], "texture": "#0"}
			}
		},
		{
			"from": [5, 1, 11],
			"to": [6, 9, 12],
			"rotation": {"angle": 0, "axis": "y", "origin": [13, 8, 19]},
			"faces": {
				"north": {"uv": [0, 0, 1, 8], "texture": "#0"},
				"east": {"uv": [0, 0, 1, 8], "texture": "#0"},
				"south": {"uv": [8, 8, 9, 16], "texture": "#0"},
				"west": {"uv": [7, 8, 8, 16], "texture": "#0"},
				"up": {"uv": [0, 0, 1, 1], "texture": "#0"},
				"down": {"uv": [0, 0, 1, 1], "texture": "#0"}
			}
		},
		{
			"from": [10, 1, 11],
			"to": [11, 9, 12],
			"rotation": {"angle": 0, "axis": "y", "origin": [18, 8, 19]},
			"faces": {
				"north": {"uv": [0, 0, 1, 8], "texture": "#0"},
				"east": {"uv": [0, 0, 1, 8], "texture": "#0"},
				"south": {"uv": [15, 8, 16, 16], "texture": "#0"},
				"west": {"uv": [0, 0, 1, 8], "texture": "#0"},
				"up": {"uv": [0, 0, 1, 1], "texture": "#0"},
				"down": {"uv": [0, 0, 1, 1], "texture": "#0"}
			}
		},
		{
			"from": [10, 1, 6],
			"to": [11, 9, 7],
			"rotation": {"angle": 0, "axis": "y", "origin": [18, 8, 14]},
			"faces": {
				"north": {"uv": [9, 0, 10, 8], "texture": "#0"},
				"east": {"uv": [7, 0, 8, 8], "texture": "#0"},
				"south": {"uv": [0, 0, 1, 8], "texture": "#0"},
				"west": {"uv": [0, 0, 1, 8], "texture": "#0"},
				"up": {"uv": [0, 0, 1, 1], "texture": "#0"},
				"down": {"uv": [0, 0, 1, 1], "texture": "#0"}
			}
		}
	],
	"display": {
		"thirdperson_righthand": {
			"rotation": [0, 89, 0],
			"translation": [-0.75, 0.5, -2.5],
			"scale": [0.6, 0.6, 0.6]
		},
		"thirdperson_lefthand": {
			"rotation": [0, -89, 0],
			"translation": [0.75, 0.5, -2.5],
			"scale": [0.6, 0.6, 0.6]
		},
		"ground": {
			"translation": [0, 1.75, 0],
			"scale": [0.7, 0.7, 0.7]
		},
		"gui": {
			"rotation": [21, 34, 9],
			"translation": [0, 3.25, 0]
		},
		"fixed": {
			"translation": [0, 2.75, -1.5]
		}
	}
}