{
	"credit": "Made with Blockbench",
	"texture_size": [128, 128],
	"textures": {
		"0": "modelengine:entity/goblinking"
	},
	"elements": [
		{
			"from": [7.2, -0.01803, 6.80386],
			"to": [9.2, 19.98197, 8.80386],
			"rotation": {"angle": 0, "axis": "x", "origin": [8.2, 20.19341, 6.31833]},
			"faces": {
				"north": {"uv": [5, 7.25, 4.625, 10.375], "rotation": 180, "texture": "#0"},
				"east": {"uv": [6.5, 3.5, 9.625, 3.875], "rotation": 270, "texture": "#0"},
				"south": {"uv": [4.625, 10.375, 4.25, 7.25], "texture": "#0"},
				"west": {"uv": [1.125, 7.25, 4.25, 7.625], "rotation": 90, "texture": "#0"},
				"up": {"uv": [1.875, 10.375, 2.25, 10.75], "rotation": 180, "texture": "#0"},
				"down": {"uv": [2.25, 10.375, 2.625, 10.75], "texture": "#0"}
			}
		},
		{
			"from": [6.4, 10.38197, 6.00386],
			"to": [10, 11.98197, 9.60386],
			"rotation": {"angle": 0, "axis": "x", "origin": [8.2, 20.19341, 6.31833]},
			"faces": {
				"north": {"uv": [10.875, 4.125, 10.25, 4.375], "rotation": 180, "texture": "#0"},
				"east": {"uv": [2.25, 3, 2.5, 3.625], "rotation": 270, "texture": "#0"},
				"south": {"uv": [10.875, 3, 10.25, 2.75], "texture": "#0"},
				"west": {"uv": [2.25, 3.625, 2.5, 4.25], "rotation": 90, "texture": "#0"},
				"up": {"uv": [3.5, 9.375, 4.125, 10], "rotation": 180, "texture": "#0"},
				"down": {"uv": [9.375, 1.25, 10, 1.875], "texture": "#0"}
			}
		},
		{
			"from": [6.2, 19.34509, 5.20386],
			"to": [10.2, 27.34509, 10.40386],
			"rotation": {"angle": 0, "axis": "x", "origin": [8.2, 20.19341, 6.31833]},
			"faces": {
				"north": {"uv": [6.125, 8.75, 5.75, 10], "rotation": 180, "texture": "#0"},
				"east": {"uv": [2.375, 7.625, 3.625, 8.5], "rotation": 270, "texture": "#0"},
				"south": {"uv": [1.125, 9.875, 0.75, 8.625], "texture": "#0"},
				"west": {"uv": [7.75, 3.875, 9, 4.75], "rotation": 90, "texture": "#0"},
				"up": {"uv": [9.5, 8.5, 9.875, 9.375], "rotation": 180, "texture": "#0"},
				"down": {"uv": [8.25, 9.625, 8.625, 10.5], "texture": "#0"}
			}
		},
		{
			"from": [7.2, 23.18197, 10.40386],
			"to": [9.2, 24.78197, 12.00386],
			"rotation": {"angle": 0, "axis": "x", "origin": [8.2, 20.19341, 6.31833]},
			"faces": {
				"north": {"uv": [9.875, 10.375, 9.5, 10.625], "rotation": 180, "texture": "#0"},
				"east": {"uv": [2.25, 4.25, 2.5, 4.5], "rotation": 270, "texture": "#0"},
				"south": {"uv": [8.25, 10.625, 7.875, 10.375], "texture": "#0"},
				"west": {"uv": [6.25, 5, 6.5, 5.25], "rotation": 90, "texture": "#0"},
				"up": {"uv": [7.125, 10.375, 7.5, 10.625], "rotation": 180, "texture": "#0"},
				"down": {"uv": [7.5, 10.375, 7.875, 10.625], "texture": "#0"}
			}
		},
		{
			"from": [5.6, 21.58197, 12.00386],
			"to": [10.8, 26.38197, 15.20386],
			"rotation": {"angle": 0, "axis": "x", "origin": [8.2, 20.19341, 6.31833]},
			"faces": {
				"north": {"uv": [2.875, 8.5, 2, 9.25], "rotation": 180, "texture": "#0"},
				"east": {"uv": [9.375, 6.5, 10.125, 7], "rotation": 270, "texture": "#0"},
				"south": {"uv": [2, 9.25, 1.125, 8.5], "texture": "#0"},
				"west": {"uv": [6.125, 9.5, 6.875, 10], "rotation": 90, "texture": "#0"},
				"up": {"uv": [8.25, 6, 9.125, 6.5], "rotation": 180, "texture": "#0"},
				"down": {"uv": [8.25, 9.125, 9.125, 9.625], "texture": "#0"}
			}
		},
		{
			"from": [7.8, 20.94509, -1.19614],
			"to": [8.6, 27.34509, 2.80386],
			"rotation": {"angle": 0, "axis": "x", "origin": [8.2, 20.19341, 6.31833]},
			"faces": {
				"north": {"uv": [0.5, 10, 0.375, 11], "rotation": 180, "texture": "#0"},
				"east": {"uv": [7.5, 8.5, 8.5, 9.125], "rotation": 270, "texture": "#0"},
				"south": {"uv": [2.875, 10.875, 2.75, 9.875], "texture": "#0"},
				"west": {"uv": [8.5, 8.5, 9.5, 9.125], "rotation": 90, "texture": "#0"},
				"up": {"uv": [4.75, 10.375, 4.875, 11], "rotation": 180, "texture": "#0"},
				"down": {"uv": [4.875, 10.375, 5, 11], "texture": "#0"}
			}
		},
		{
			"from": [7.8, 23.34509, 2.80386],
			"to": [8.6, 27.34509, 5.20386],
			"rotation": {"angle": 0, "axis": "x", "origin": [8.2, 20.19341, 6.31833]},
			"faces": {
				"north": {"uv": [10.125, 10.375, 10, 11], "rotation": 180, "texture": "#0"},
				"east": {"uv": [10, 1.5, 10.625, 1.875], "rotation": 270, "texture": "#0"},
				"south": {"uv": [10, 11, 9.875, 10.375], "texture": "#0"},
				"west": {"uv": [10.125, 1.875, 10.75, 2.25], "rotation": 90, "texture": "#0"},
				"up": {"uv": [9.625, 4.375, 9.75, 4.75], "rotation": 180, "texture": "#0"},
				"down": {"uv": [9.75, 4.375, 9.875, 4.75], "texture": "#0"}
			}
		},
		{
			"from": [7.8, 20.51505, -0.09275],
			"to": [8.6, 23.71505, 3.90725],
			"rotation": {"angle": -22.5, "axis": "x", "origin": [8.2, 19.55653, 6.31833]},
			"faces": {
				"north": {"uv": [6.5, 8, 6.375, 8.5], "rotation": 180, "texture": "#0"},
				"east": {"uv": [9.75, 0, 10.25, 0.625], "rotation": 270, "texture": "#0"},
				"south": {"uv": [6.375, 8.5, 6.25, 8], "texture": "#0"},
				"west": {"uv": [9.75, 2.375, 10.25, 3], "rotation": 90, "texture": "#0"},
				"up": {"uv": [6.125, 10.375, 6.25, 11], "rotation": 180, "texture": "#0"},
				"down": {"uv": [6.25, 10.375, 6.375, 11], "texture": "#0"}
			}
		},
		{
			"from": [7.8, 14.00027, 2.97935],
			"to": [8.6, 18.00027, 6.17935],
			"rotation": {"angle": 45, "axis": "x", "origin": [8.2, 19.55653, 6.31833]},
			"faces": {
				"north": {"uv": [10.125, 10.375, 10.25, 11], "texture": "#0"},
				"east": {"uv": [9.75, 7, 10.25, 7.625], "texture": "#0"},
				"south": {"uv": [10.25, 10.375, 10.375, 11], "texture": "#0"},
				"west": {"uv": [9.75, 7.625, 10.25, 8.25], "texture": "#0"},
				"up": {"uv": [3.375, 10, 3.25, 9.5], "texture": "#0"},
				"down": {"uv": [3.5, 9.5, 3.375, 10], "texture": "#0"}
			}
		}
	],
	"display": {
		"thirdperson_righthand": {
			"translation": [0, 0.75, 1.5]
		},
		"thirdperson_lefthand": {
			"translation": [0, 0.75, 1.5]
		},
		"firstperson_righthand": {
			"rotation": [-11, 22, -31],
			"translation": [0, -3.75, 0]
		},
		"firstperson_lefthand": {
			"rotation": [-11, 22, -31],
			"translation": [0, -3.75, 0]
		},
		"ground": {
			"rotation": [0, -1, 44],
			"translation": [1, 0, 0],
			"scale": [0.5, 0.5, 0.5]
		},
		"gui": {
			"rotation": [121, 41, -112],
			"translation": [-3.5, -4, 0],
			"scale": [0.6, 0.6, 0.6]
		},
		"head": {
			"scale": [0, 0, 0]
		},
		"fixed": {
			"rotation": [0, 90, 0],
			"translation": [0, -5.25, 0],
			"scale": [0.75, 0.75, 0.75]
		}
	}
}