{
	"credit": "Made with Blockbench",
	"texture_size": [64, 64],
	"textures": {
		"0": "modelengine:entity/pengy"
	},
	"elements": [
		{
			"from": [3, 16, 2],
			"to": [13, 19, 12],
			"rotation": {"angle": 0, "axis": "y", "origin": [8, 8, 5]},
			"faces": {
				"north": {"uv": [1.5, 7.5, 4, 8.25], "texture": "#0"},
				"east": {"uv": [7.5, 4, 9.5, 4.75], "texture": "#0"},
				"south": {"uv": [5.5, 7.5, 8, 8.25], "texture": "#0"},
				"west": {"uv": [7.5, 4.75, 9.5, 5.5], "texture": "#0"},
				"up": {"uv": [7, 2, 4.5, 0], "texture": "#0"},
				"down": {"uv": [8, 5.5, 5.5, 7.5], "texture": "#0"}
			}
		},
		{
			"from": [6.5, 15, 12],
			"to": [9.5, 18, 15],
			"rotation": {"angle": 0, "axis": "y", "origin": [7.5, 8, 13]},
			"faces": {
				"north": {"uv": [8, 6.25, 8.75, 7], "texture": "#0"},
				"east": {"uv": [8, 7, 8.75, 7.75], "texture": "#0"},
				"south": {"uv": [1, 8.25, 1.75, 9], "texture": "#0"},
				"west": {"uv": [1.75, 8.25, 2.5, 9], "texture": "#0"},
				"up": {"uv": [3.25, 9, 2.5, 8.25], "texture": "#0"},
				"down": {"uv": [4, 8.25, 3.25, 9], "texture": "#0"}
			}
		}
	],
	"display": {
		"thirdperson_righthand": {
			"rotation": [0, 55, 0],
			"translation": [0, -5.75, 0],
			"scale": [0.75, 0.75, 0.75]
		},
		"thirdperson_lefthand": {
			"rotation": [0, 55, 0],
			"translation": [0, -5.75, 0],
			"scale": [0.75, 0.75, 0.75]
		},
		"firstperson_righthand": {
			"rotation": [0, 55, 0],
			"translation": [0, -5.75, 0],
			"scale": [0.75, 0.75, 0.75]
		},
		"firstperson_lefthand": {
			"rotation": [0, 55, 0],
			"translation": [0, -5.75, 0],
			"scale": [0.75, 0.75, 0.75]
		},
		"ground": {
			"rotation": [0, 55, 0],
			"translation": [0, -5.75, 0],
			"scale": [0.75, 0.75, 0.75]
		},
		"gui": {
			"rotation": [36, 55, 0],
			"translation": [0.5, -5.75, 0],
			"scale": [0.75, 0.75, 0.75]
		},
		"head": {
			"translation": [0, -8.5, 1.5],
			"scale": [1.5, 1.5, 1.5]
		},
		"fixed": {
			"rotation": [67, 55, 0],
			"translation": [0, -5.75, 0],
			"scale": [0.75, 0.75, 0.75]
		}
	},
	"groups": [
		{
			"name": "hitbox",
			"origin": [0, 13, 0],
			"children": []
		},
		{
			"name": "body",
			"origin": [0, 0, 1],
			"children": [
				{
					"name": "rightflipper",
					"origin": [4, 8, 1],
					"children": []
				},
				{
					"name": "leftflipper",
					"origin": [-4, 8, 1],
					"children": []
				}, 0, 1]
		}
	]
}