{
	"credit": "Made with Blockbench",
	"texture_size": [32, 32],
	"textures": {
		"0": "littleroom:item/xmastreebox",
		"particle": "littleroom:item/xmastreebox"
	},
	"elements": [
		{
			"from": [3, 0, 3],
			"to": [13, 10, 13],
			"rotation": {"angle": 0, "axis": "y", "origin": [18, 8, 11]},
			"faces": {
				"north": {"uv": [0, 0, 5, 5], "texture": "#0"},
				"east": {"uv": [0, 5, 5, 10], "texture": "#0"},
				"south": {"uv": [5, 5, 10, 10], "texture": "#0"},
				"west": {"uv": [5, 0, 10, 5], "texture": "#0"},
				"up": {"uv": [5, 15, 0, 10], "texture": "#0"},
				"down": {"uv": [10, 10, 5, 15], "texture": "#0"}
			}
		},
		{
			"from": [3, 11.91249, 2.61978],
			"to": [13, 11.91249, 7.61978],
			"rotation": {"angle": -22.5, "axis": "x", "origin": [8, 11.91249, 7.61978]},
			"faces": {
				"north": {"uv": [0, 0, 5, 0], "texture": "#0"},
				"east": {"uv": [0, 0, 2.5, 0], "texture": "#0"},
				"south": {"uv": [0, 0, 5, 0], "texture": "#0"},
				"west": {"uv": [0, 0, 2.5, 0], "texture": "#0"},
				"up": {"uv": [15, 12.5, 10, 10], "texture": "#0"},
				"down": {"uv": [15, 0, 10, 2.5], "texture": "#0"}
			}
		}
	],
	"display": {
		"thirdperson_righthand": {
			"rotation": [20, -122, 0],
			"translation": [0, 5, 0],
			"scale": [0.75, 0.75, 0.75]
		},
		"thirdperson_lefthand": {
			"rotation": [20, -122, 0],
			"translation": [0, 5, 0],
			"scale": [0.75, 0.75, 0.75]
		},
		"firstperson_righthand": {
			"rotation": [-10, 106, 12],
			"translation": [-0.5, 4.5, 0.25],
			"scale": [0.55, 0.55, 0.55]
		},
		"firstperson_lefthand": {
			"rotation": [-10, 106, 12],
			"translation": [-0.5, 4.5, 0.25],
			"scale": [0.55, 0.55, 0.55]
		},
		"ground": {
			"rotation": [0, 106, 0],
			"translation": [-0.5, 4.5, 0.25],
			"scale": [0.75, 0.75, 0.75]
		},
		"gui": {
			"rotation": [36, 136, 0],
			"translation": [0, 1.75, 0],
			"scale": [0.8, 0.8, 0.8]
		}
	}
}