{
	"credit": "Made with Blockbench",
	"textures": {
		"0": "item/flintlock"
	},
	"elements": [
		{
			"from": [7, 1.25, 11],
			"to": [9, 8.25, 14],
			"rotation": {"angle": -45, "axis": "x", "origin": [8, 5.7, 13.3]},
			"faces": {
				"north": {"uv": [14, 3, 15, 3.997], "rotation": 180, "texture": "#0"},
				"east": {"uv": [12, 6.5, 15.495, 7.995], "rotation": 270, "texture": "#0"},
				"south": {"uv": [1, 10, 1.5, 13.499], "texture": "#0"},
				"west": {"uv": [8, 6.5, 11.493, 7.993], "rotation": 90, "texture": "#0"},
				"up": {"uv": [8.99993, 3.99984, 9.49947, 4.49938], "rotation": 180, "texture": "#0"},
				"down": {"uv": [14, 0.5, 14.5, 1.999], "texture": "#0"}
			}
		},
		{
			"from": [6.5, 4, 8],
			"to": [9.5, 8, 12],
			"faces": {
				"north": {"uv": [8, 3, 9.495, 4.999], "texture": "#0"},
				"east": {"uv": [0.5, 0.5, 2.499, 2.499], "texture": "#0"},
				"south": {"uv": [13.5, 0.5, 14.998, 2.497], "texture": "#0"},
				"west": {"uv": [10.999, 0.5, 12.998, 2.499], "texture": "#0"},
				"up": {"uv": [10, 3, 11.498, 4.999], "texture": "#0"},
				"down": {"uv": [6, 3, 7.5, 5], "texture": "#0"}
			}
		},
		{
			"from": [7, 5.5, 0],
			"to": [9, 7.5, 8],
			"faces": {
				"north": {"uv": [8.49905, 12.99926, 9.99662, 14.49496], "texture": "#0"},
				"east": {"uv": [8.5, 8.5, 12.496, 9.495], "texture": "#0"},
				"south": {"uv": [8.5, 13, 9.999, 14.498], "texture": "#0"},
				"west": {"uv": [8.5, 10, 12.494, 10.994], "texture": "#0"},
				"up": {"uv": [13, 8.5, 13.994, 12.496], "texture": "#0"},
				"down": {"uv": [14.5, 8.5, 15.495, 12.498], "texture": "#0"}
			}
		},
		{
			"from": [6.5, 4.5, 2],
			"to": [9.5, 6.5, 8],
			"faces": {
				"north": {"uv": [6, 1.5, 7.499, 2.5], "texture": "#0"},
				"east": {"uv": [2.5, 1.5, 5.498, 2.5], "texture": "#0"},
				"south": {"uv": [0.99987, 0.99987, 1.49951, 1.99974], "texture": "#0"},
				"west": {"uv": [8, 1.5, 10.997, 2.499], "texture": "#0"},
				"up": {"uv": [12, 3, 13.499, 5.998], "texture": "#0"},
				"down": {"uv": [14, 3, 15.498, 5.998], "texture": "#0"}
			}
		},
		{
			"from": [7.5, 4.5, 1],
			"to": [8.5, 5.5, 2],
			"faces": {
				"north": {"uv": [9.5, 14.5, 10, 15], "texture": "#0"},
				"east": {"uv": [9.5, 14.5, 10, 15], "texture": "#0"},
				"south": {"uv": [0.99987, 0.99987, 1.49951, 1.99974], "texture": "#0"},
				"west": {"uv": [9.5, 15, 10, 15.5], "texture": "#0"},
				"up": {"uv": [8.5, 14.5, 9, 15], "texture": "#0"},
				"down": {"uv": [9.5, 14.5, 9.998, 15], "texture": "#0"}
			}
		},
		{
			"from": [8, 2, 9],
			"to": [8.01, 4, 12],
			"faces": {
				"north": {"uv": [3, 12.5, 3.5, 13], "texture": "#0"},
				"east": {"uv": [2.5, 3, 3.997, 3.998], "texture": "#0"},
				"south": {"uv": [3, 12.5, 3.499, 12.999], "texture": "#0"},
				"west": {"uv": [4, 8.5, 5.498, 9.498], "texture": "#0"},
				"up": {"uv": [3, 12.5, 3.5, 13], "texture": "#0"},
				"down": {"uv": [3, 12.5, 3.499, 12.999], "texture": "#0"}
			}
		},
		{
			"from": [9.5, 6, 10],
			"to": [9.5, 9, 12],
			"rotation": {"angle": 22.5, "axis": "y", "origin": [9.5, 5.5, 10]},
			"faces": {
				"north": {"uv": [0, 0, 0, 3], "texture": "#missing"},
				"east": {"uv": [0.5, 3, 1.5, 4.5], "texture": "#0"},
				"south": {"uv": [0, 0, 0, 3], "texture": "#missing"},
				"west": {"uv": [6.5, 8.5, 7.5, 10], "texture": "#0"},
				"up": {"uv": [0, 0, 0, 2], "texture": "#missing"},
				"down": {"uv": [0, 0, 0, 2], "texture": "#missing"}
			}
		},
		{
			"from": [9.5, 6, 9],
			"to": [9.5, 9, 10],
			"rotation": {"angle": -22.5, "axis": "y", "origin": [9.5, 5.5, 10]},
			"faces": {
				"north": {"uv": [0, 0, 0, 3], "texture": "#missing"},
				"east": {"uv": [1.5, 3, 2, 4.5], "texture": "#0"},
				"south": {"uv": [0, 0, 0, 3], "texture": "#missing"},
				"west": {"uv": [6, 8.5, 6.5, 10], "texture": "#0"},
				"up": {"uv": [0, 0, 0, 1], "rotation": 180, "texture": "#missing"},
				"down": {"uv": [0, 0, 0, 1], "rotation": 180, "texture": "#missing"}
			}
		}
	],
	"display": {
		"thirdperson_righthand": {
			"rotation": [15, 0, 0],
			"translation": [0, 3.25, -1.4],
			"scale": [0.73, 0.73, 0.73]
		},
		"thirdperson_lefthand": {
			"rotation": [15, 0, 0],
			"translation": [0, 3.25, -1.4],
			"scale": [0.73, 0.73, 0.73]
		},
		"firstperson_righthand": {
			"rotation": [2, 0, 0],
			"translation": [7, 4.5, -2],
			"scale": [0.8, 0.8, 0.75]
		},
		"firstperson_lefthand": {
			"rotation": [5, -10.2, 0],
			"translation": [1.6, 4, -1.5],
			"scale": [0.8, 0.8, 0.75]
		},
		"ground": {
			"rotation": [0, 0, 90],
			"translation": [-2, -1, 0],
			"scale": [0.6, 0.6, 0.6]
		},
		"gui": {
			"rotation": [30, 130, 0],
			"translation": [-0.25, 1, 0],
			"scale": [0.95, 0.95, 0.95]
		},
		"fixed": {
			"rotation": [0, -90, 0],
			"translation": [0, 2, -1.75],
			"scale": [1.2, 1.2, 1.2]
		}
	}
}