{
    "parent": "item/generated",
    "textures": {
        "layer0": "item/iron_ingot"
    },  
    "overrides": [
        { "predicate": { "custom_model_data": 101}, "model":"item/custom_ingots/copper"},
        { "predicate": { "custom_model_data": 102}, "model":"item/custom_ingots/bronze"},
        { "predicate": { "custom_model_data": 103}, "model":"item/custom_ingots/silver"},
        { "predicate": { "custom_model_data": 104}, "model":"item/custom_ingots/steel"},
		{ "predicate": { "custom_model_data": 105}, "model":"item/custom_ingots/tin"}
    ]
}