{
	"credit": "Made with Blockbench",
	"parent": "item/generated",
	"textures": {
		"particle": "item/prismarine_shard/kin_new1",
		"layer0": "item/prismarine_shard/kin_new1"
	},
	"display": {
		"thirdperson_righthand": {
			"rotation": [-23, -90, 27],
			"translation": [-0.25, 2, 1],
			"scale": [0.76, 0.73, 0.78]
		},
		"thirdperson_lefthand": {
			"rotation": [-77, 90, 27],
			"translation": [0, 2, 1],
			"scale": [0.76, 0.73, 0.78]
		},
		"firstperson_righthand": {
			"rotation": [-16, -98, 57],
			"translation": [1.63, 3.7, 0.13],
			"scale": [0.91, 0.84, 0.85]
		},
		"firstperson_lefthand": {
			"rotation": [-128, 90, 57],
			"translation": [1.63, 3.7, 0.13],
			"scale": [0.91, 0.84, 0.85]
		},
		"ground": {
			"rotation": [-90, 0, 0],
			"translation": [0, -2.5, 0],
			"scale": [0.87, 0.87, 0.88]
		},
		"gui": {
			"rotation": [-180, 0, -90],
			"translation": [0.5, 0.5, 0],
			"scale": [1.01, 1.01, 1.3]
		},
		"head": {
			"translation": [0, -1, 0]
		},
		"fixed": {
			"rotation": [0, 0, -180],
			"translation": [-1.25, -2.75, -1],
			"scale": [1.63, 1.63, 1.53]
		}
	}
}