{
	"credit": "Made with Blockbench",
	"parent": "item/handheld",
	"textures": {
		"layer0": "item/iron_sword/mech"
	},
	"display": {
		"thirdperson_righthand": {
			"rotation": [-36, -89, 5],
			"translation": [0, 6, 1.75],
			"scale": [1.2, 1.2, 1.1]
		},
		"thirdperson_lefthand": {
			"rotation": [53, -89, 5],
			"translation": [0, 6, 1.75],
			"scale": [1.2, 1.2, 1.1]
		},
		"firstperson_righthand": {
			"rotation": [-49, -85, 10],
			"translation": [0.25, 5.5, 1.75],
			"scale": [1.2, 1.2, 0.91]
		},
		"firstperson_lefthand": {
			"rotation": [46, -85, 10],
			"translation": [0.25, 4.75, 1.75],
			"scale": [1.2, 1.2, 0.91]
		},
		"ground": {
			"translation": [0, 2.75, 0]
		},
		"head": {
			"translation": [0, -15, 5.25]
		},
		"fixed": {
			"translation": [0, 0, -0.5],
			"scale": [2.14, 2.14, 1.58]
		}
	}
}