{
	"credit": "Made with Blockbench",
	"texture_size": [32, 32],
	"textures": {
		"0": "item/iron_sword/molm",
		"particle": "item/iron_sword/molm"
	},
	"elements": [
		{
			"from": [1, 5, 8],
			"to": [2, 8, 9],
			"rotation": {"angle": 45, "axis": "z", "origin": [9, 13, 16]},
			"faces": {
				"north": {"uv": [1.5, 5.5, 2, 7], "texture": "#0"},
				"east": {"uv": [2, 5.5, 2.5, 7], "texture": "#0"},
				"south": {"uv": [2.5, 5.5, 3, 7], "texture": "#0"},
				"west": {"uv": [4.5, 5.5, 5, 7], "texture": "#0"},
				"up": {"uv": [7.5, 9, 7, 8.5], "texture": "#0"},
				"down": {"uv": [8.5, 8.5, 8, 9], "texture": "#0"}
			}
		},
		{
			"from": [1, 3.6, 8],
			"to": [2, 6.6, 9],
			"rotation": {"angle": 45, "axis": "z", "origin": [9, 11.6, 16]},
			"faces": {
				"north": {"uv": [1.5, 7, 2, 8.5], "texture": "#0"},
				"east": {"uv": [2, 7, 2.5, 8.5], "texture": "#0"},
				"south": {"uv": [2.5, 7, 3, 8.5], "texture": "#0"},
				"west": {"uv": [3, 7, 3.5, 8.5], "texture": "#0"},
				"up": {"uv": [9, 3, 8.5, 2.5], "texture": "#0"},
				"down": {"uv": [9, 3, 8.5, 3.5], "texture": "#0"}
			}
		},
		{
			"from": [1.15, 7.825, 8],
			"to": [2.15, 10.825, 9],
			"rotation": {"angle": 45, "axis": "z", "origin": [9.1, 15.625, 16]},
			"faces": {
				"north": {"uv": [6.5, 0, 7, 1.5], "texture": "#0"},
				"east": {"uv": [6.5, 1.5, 7, 3], "texture": "#0"},
				"south": {"uv": [6.5, 3, 7, 4.5], "texture": "#0"},
				"west": {"uv": [6.5, 4.5, 7, 6], "texture": "#0"},
				"up": {"uv": [9, 2, 8.5, 1.5], "texture": "#0"},
				"down": {"uv": [9, 2, 8.5, 2.5], "texture": "#0"}
			}
		},
		{
			"from": [1.15, 6.05, 8],
			"to": [2.15, 9.05, 9],
			"rotation": {"angle": 45, "axis": "z", "origin": [8.65, 14.05, 16]},
			"faces": {
				"north": {"uv": [5, 5.5, 5.5, 7], "texture": "#0"},
				"east": {"uv": [5.5, 5.5, 6, 7], "texture": "#0"},
				"south": {"uv": [6, 6, 6.5, 7.5], "texture": "#0"},
				"west": {"uv": [6, 0, 6.5, 1.5], "texture": "#0"},
				"up": {"uv": [9, 9, 8.5, 8.5], "texture": "#0"},
				"down": {"uv": [9, 0, 8.5, 0.5], "texture": "#0"}
			}
		},
		{
			"from": [1.03, 9.125, 8],
			"to": [2.03, 12.125, 9],
			"rotation": {"angle": 45, "axis": "z", "origin": [8.9, 17.125, 16]},
			"faces": {
				"north": {"uv": [6, 1.5, 6.5, 3], "texture": "#0"},
				"east": {"uv": [6, 3, 6.5, 4.5], "texture": "#0"},
				"south": {"uv": [6, 4.5, 6.5, 6], "texture": "#0"},
				"west": {"uv": [6.5, 6.5, 7, 8], "texture": "#0"},
				"up": {"uv": [9, 1, 8.5, 0.5], "texture": "#0"},
				"down": {"uv": [9, 1, 8.5, 1.5], "texture": "#0"}
			}
		},
		{
			"from": [1.005, 10.525, 8],
			"to": [2.005, 13.525, 9],
			"rotation": {"angle": 45, "axis": "z", "origin": [8.875, 18.525, 16]},
			"faces": {
				"north": {"uv": [3.5, 7, 4, 8.5], "texture": "#0"},
				"east": {"uv": [4, 7, 4.5, 8.5], "texture": "#0"},
				"south": {"uv": [4.5, 7, 5, 8.5], "texture": "#0"},
				"west": {"uv": [5, 7, 5.5, 8.5], "texture": "#0"},
				"up": {"uv": [9, 4, 8.5, 3.5], "texture": "#0"},
				"down": {"uv": [9, 4, 8.5, 4.5], "texture": "#0"}
			}
		},
		{
			"from": [1.005, 13.325, 8],
			"to": [2.005, 14.325, 9],
			"rotation": {"angle": 45, "axis": "z", "origin": [8.875, 21.325, 16]},
			"faces": {
				"north": {"uv": [8.5, 4.5, 9, 5], "texture": "#0"},
				"east": {"uv": [8.5, 5, 9, 5.5], "texture": "#0"},
				"south": {"uv": [8.5, 5.5, 9, 6], "texture": "#0"},
				"west": {"uv": [8.5, 6, 9, 6.5], "texture": "#0"},
				"up": {"uv": [9, 7, 8.5, 6.5], "texture": "#0"},
				"down": {"uv": [9, 7, 8.5, 7.5], "texture": "#0"}
			}
		},
		{
			"from": [1.005, 11.925, 8],
			"to": [2.005, 14.925, 9],
			"rotation": {"angle": 45, "axis": "z", "origin": [8.875, 19.925, 16]},
			"faces": {
				"north": {"uv": [8, 1.5, 8.5, 3], "texture": "#0"},
				"east": {"uv": [8, 3, 8.5, 4.5], "texture": "#0"},
				"south": {"uv": [8, 4.5, 8.5, 6], "texture": "#0"},
				"west": {"uv": [8, 6, 8.5, 7.5], "texture": "#0"},
				"up": {"uv": [1, 9.5, 0.5, 9], "texture": "#0"},
				"down": {"uv": [1.5, 9, 1, 9.5], "texture": "#0"}
			}
		},
		{
			"from": [1.005, 14.325, 7],
			"to": [2.005, 17.325, 10],
			"rotation": {"angle": 45, "axis": "z", "origin": [8.875, 21.325, 16]},
			"faces": {
				"north": {"uv": [7, 6, 7.5, 7.5], "texture": "#0"},
				"east": {"uv": [3, 2, 4.5, 3], "texture": "#0"},
				"south": {"uv": [1.5, 8.5, 2, 10], "texture": "#0"},
				"west": {"uv": [4.5, 4.5, 6, 5.5], "texture": "#0"},
				"up": {"uv": [6, 8.5, 5.5, 7], "texture": "#0"},
				"down": {"uv": [7.5, 7, 7, 8.5], "texture": "#0"}
			}
		},
		{
			"from": [2.405, 13.725, 7],
			"to": [3.405, 18.725, 10],
			"rotation": {"angle": 45, "axis": "z", "origin": [10.275, 22.725, 16]},
			"faces": {
				"north": {"uv": [4, 5, 4.5, 7.5], "texture": "#0"},
				"east": {"uv": [0, 2, 1.5, 4], "texture": "#0"},
				"south": {"uv": [0, 5.5, 0.5, 8], "texture": "#0"},
				"west": {"uv": [3, 3, 4.5, 5], "texture": "#0"},
				"up": {"uv": [7.5, 4.5, 7, 3], "texture": "#0"},
				"down": {"uv": [7.5, 4.5, 7, 6], "texture": "#0"}
			}
		},
		{
			"from": [1.03, 13.725, 7],
			"to": [2.03, 18.725, 10],
			"rotation": {"angle": 45, "axis": "z", "origin": [8.9, 22.725, 16]},
			"faces": {
				"north": {"uv": [4, 5, 4.5, 7.5], "texture": "#0"},
				"east": {"uv": [0, 2, 1.5, 4], "texture": "#0"},
				"south": {"uv": [0, 5.5, 0.5, 8], "texture": "#0"},
				"west": {"uv": [3, 3, 4.5, 5], "texture": "#0"},
				"up": {"uv": [7.5, 4.5, 7, 3], "texture": "#0"},
				"down": {"uv": [7.5, 4.5, 7, 6], "texture": "#0"}
			}
		},
		{
			"from": [3.805, 14.725, 7],
			"to": [4.805, 18.725, 10],
			"rotation": {"angle": 45, "axis": "z", "origin": [11.675, 22.725, 16]},
			"faces": {
				"north": {"uv": [0, 7.5, 0.5, 9.5], "texture": "#0"},
				"east": {"uv": [1.5, 0, 3, 1.5], "texture": "#0"},
				"south": {"uv": [0.5, 7.5, 1, 9.5], "texture": "#0"},
				"west": {"uv": [0, 4, 1.5, 5.5], "texture": "#0"},
				"up": {"uv": [1.5, 9, 1, 7.5], "texture": "#0"},
				"down": {"uv": [6.5, 7.5, 6, 9], "texture": "#0"}
			}
		},
		{
			"from": [5.205, 16.725, 7],
			"to": [6.205, 18.725, 10],
			"rotation": {"angle": 45, "axis": "z", "origin": [13.075, 22.725, 16]},
			"faces": {
				"north": {"uv": [8.5, 7.5, 9, 8.5], "texture": "#0"},
				"east": {"uv": [4.5, 4, 6, 4.5], "texture": "#0"},
				"south": {"uv": [0, 9, 0.5, 10], "texture": "#0"},
				"west": {"uv": [8, 8, 9.5, 8.5], "texture": "#0"},
				"up": {"uv": [7, 9.5, 6.5, 8], "texture": "#0"},
				"down": {"uv": [8.5, 0, 8, 1.5], "texture": "#0"}
			}
		},
		{
			"from": [-1.82, 13.725, 7],
			"to": [-0.82, 17.725, 10],
			"rotation": {"angle": 45, "axis": "z", "origin": [6.05, 22.725, 16]},
			"faces": {
				"north": {"uv": [0.5, 5.5, 1, 7.5], "texture": "#0"},
				"east": {"uv": [3, 0, 4.5, 2], "texture": "#0"},
				"south": {"uv": [1, 5.5, 1.5, 7.5], "texture": "#0"},
				"west": {"uv": [1.5, 3.5, 3, 5.5], "texture": "#0"},
				"up": {"uv": [8, 9, 7.5, 7.5], "texture": "#0"},
				"down": {"uv": [8, 0, 7.5, 1.5], "texture": "#0"}
			}
		},
		{
			"from": [-2.52, 14.025, 7],
			"to": [-1.52, 16.025, 10],
			"rotation": {"angle": 45, "axis": "z", "origin": [5.35, 22.025, 16]},
			"faces": {
				"north": {"uv": [2, 8.5, 2.5, 9.5], "texture": "#0"},
				"east": {"uv": [4.5, 0, 6, 1], "texture": "#0"},
				"south": {"uv": [2.5, 8.5, 3, 9.5], "texture": "#0"},
				"west": {"uv": [4.5, 1, 6, 2], "texture": "#0"},
				"up": {"uv": [8, 3, 7.5, 1.5], "texture": "#0"},
				"down": {"uv": [8, 3, 7.5, 4.5], "texture": "#0"}
			}
		},
		{
			"from": [-1.82, 16.125, 7],
			"to": [-0.82, 18.125, 10],
			"rotation": {"angle": 45, "axis": "z", "origin": [6.05, 24.125, 16]},
			"faces": {
				"north": {"uv": [3, 8.5, 3.5, 9.5], "texture": "#0"},
				"east": {"uv": [4.5, 2, 6, 3], "texture": "#0"},
				"south": {"uv": [3.5, 8.5, 4, 9.5], "texture": "#0"},
				"west": {"uv": [4.5, 3, 6, 4], "texture": "#0"},
				"up": {"uv": [8, 6, 7.5, 4.5], "texture": "#0"},
				"down": {"uv": [8, 6, 7.5, 7.5], "texture": "#0"}
			}
		},
		{
			"from": [-0.4, 3.6, 8],
			"to": [0.6, 4.6, 9],
			"rotation": {"angle": 45, "axis": "z", "origin": [7.6, 11.6, 16]},
			"faces": {
				"north": {"uv": [6.5, 6, 7, 6.5], "texture": "#0"},
				"east": {"uv": [8, 7.5, 8.5, 8], "texture": "#0"},
				"south": {"uv": [4, 8.5, 4.5, 9], "texture": "#0"},
				"west": {"uv": [4.5, 8.5, 5, 9], "texture": "#0"},
				"up": {"uv": [5.5, 9, 5, 8.5], "texture": "#0"},
				"down": {"uv": [6, 8.5, 5.5, 9], "texture": "#0"}
			}
		},
		{
			"from": [-0.4, 17.6, 8],
			"to": [0.6, 18.6, 9],
			"rotation": {"angle": 45, "axis": "z", "origin": [7.6, 25.6, 16]},
			"faces": {
				"north": {"uv": [6.5, 6, 7, 6.5], "texture": "#0"},
				"east": {"uv": [8, 7.5, 8.5, 8], "texture": "#0"},
				"south": {"uv": [4, 8.5, 4.5, 9], "texture": "#0"},
				"west": {"uv": [4.5, 8.5, 5, 9], "texture": "#0"},
				"up": {"uv": [5.5, 9, 5, 8.5], "texture": "#0"},
				"down": {"uv": [6, 8.5, 5.5, 9], "texture": "#0"}
			}
		},
		{
			"from": [0.95, 17.6, 8],
			"to": [1.95, 18.6, 9],
			"rotation": {"angle": 45, "axis": "z", "origin": [8.95, 25.6, 16]},
			"faces": {
				"north": {"uv": [6.5, 6, 7, 6.5], "texture": "#0"},
				"east": {"uv": [8, 7.5, 8.5, 8], "texture": "#0"},
				"south": {"uv": [4, 8.5, 4.5, 9], "texture": "#0"},
				"west": {"uv": [4.5, 8.5, 5, 9], "texture": "#0"},
				"up": {"uv": [5.5, 9, 5, 8.5], "texture": "#0"},
				"down": {"uv": [6, 8.5, 5.5, 9], "texture": "#0"}
			}
		}
	],
	"display": {
		"thirdperson_righthand": {
			"rotation": [-47, -90, -65],
			"translation": [0.5, 5.25, 3.75],
			"scale": [1.11, 1.11, 1.06]
		},
		"thirdperson_lefthand": {
			"rotation": [-176, -90, -65],
			"translation": [0.25, -4, -4.25],
			"scale": [1.11, 1.11, 1.06]
		},
		"firstperson_righthand": {
			"rotation": [-11, 69, 0],
			"translation": [1.75, 2.25, 2],
			"scale": [1.14, 1.47, 1.11]
		},
		"firstperson_lefthand": {
			"rotation": [-180, 111, 9],
			"translation": [1, -6.75, 1],
			"scale": [0.64, 1.33, 1]
		},
		"ground": {
			"rotation": [-90, 0, 0],
			"translation": [0, -1, 0]
		},
		"gui": {
			"rotation": [0, 0, -45],
			"translation": [-0.75, 0, 0],
			"scale": [1.14, 1.14, 1.14]
		},
		"head": {
			"rotation": [13, 3, -48],
			"translation": [1, -15, 4.5],
			"scale": [1.83, 1.89, 1.72]
		},
		"fixed": {
			"translation": [0, -7, -2],
			"scale": [2, 2, 2]
		}
	}
}