{
	"credit": "Made with Blockbench",
	"parent": "item/handheld",
	"textures": {
		"layer0": "item/iron_sword/leg2"
	},
	"display": {
		"thirdperson_righthand": {
			"rotation": [0, -90, 35],
			"translation": [-0.5, 5.5, 2.25],
			"scale": [1.15, 1.15, 1]
		},
		"thirdperson_lefthand": {
			"rotation": [0, 90, -35],
			"translation": [0, 5.5, 2.25],
			"scale": [1.15, 1.15, 1]
		},
		"firstperson_righthand": {
			"rotation": [-5, -115, 55],
			"translation": [1.25, 3.25, 2.25],
			"scale": [1.15, 1.15, 0.91]
		},
		"firstperson_lefthand": {
			"rotation": [-5, -115, -33],
			"translation": [1.5, 3.5, 2.25],
			"scale": [1.15, 1.15, 0.9]
		},
		"ground": {
			"rotation": [-90, 1, 0],
			"translation": [0, -0.5, 0],
			"scale": [1.19, 1.19, 1]
		},
		"gui": {
			"translation": [-0.5, 0.5, 0],
			"scale": [0.89, 0.89, 0.93]
		},
		"head": {
			"rotation": [0, 0, 15],
			"translation": [0, -16, 5.5],
			"scale": [1.63, 1.63, 1.19]
		},
		"fixed": {
			"rotation": [0, 0, 45],
			"translation": [0, -5.5, -1.75],
			"scale": [1.81, 1.81, 1.63]
		}
	}
}