{
	"credit": "Made with Blockbench",
	"parent": "item/handheld",
	"textures": {
		"layer0": "item/iron_sword/leg1"
	},
	"display": {
		"thirdperson_righthand": {
			"rotation": [-5, -86, 34],
			"translation": [0, 7, 1],
			"scale": [1.25, 1.25, 1]
		},
		"thirdperson_lefthand": {
			"rotation": [-9, 94, -26],
			"translation": [0.75, 7.5, 2],
			"scale": [1.25, 1.25, 1]
		},
		"firstperson_righthand": {
			"rotation": [20, -102, 79],
			"translation": [1.5, 2.75, -1],
			"scale": [1.35, 1.63, 1.21]
		},
		"firstperson_lefthand": {
			"rotation": [-180, 100, 124],
			"translation": [2.75, 2.25, -1],
			"scale": [1.35, 1.44, 1.12]
		},
		"ground": {
			"rotation": [-90, 0, 0],
			"translation": [0, -1.75, 0],
			"scale": [1.12, 1.16, 1]
		},
		"gui": {
			"translation": [-0.5, 0.5, 0],
			"scale": [0.9, 0.9, 0.9]
		},
		"fixed": {
			"rotation": [0, 2, 45],
			"translation": [0.75, -6.5, -0.75],
			"scale": [2.14, 2.14, 2]
		}
	}
}