{
	"credit": "Made with Blockbench",
	"texture_size": [32, 32],
	"textures": {
		"0": "item/carved_pumpkin/golova",
		"particle": "item/carved_pumpkin/golova"
	},
	"elements": [
		{
			"from": [0, 0, -1],
			"to": [18, 18, 17],
			"faces": {
				"north": {"uv": [6, 0, 10.5, 4.5], "texture": "#0"},
				"east": {"uv": [8, 5, 12.5, 9.5], "texture": "#0"},
				"south": {"uv": [3.5, 5, 8.5, 9.5], "texture": "#0"},
				"west": {"uv": [0, 5, 4, 9], "texture": "#0"},
				"up": {"uv": [4, 0.5, 9, 5], "texture": "#0"},
				"down": {"uv": [5, 9.5, 9.5, 14], "texture": "#0"}
			}
		},
		{
			"from": [0, -15, 17],
			"to": [17, 0, 17],
			"rotation": {"angle": 0, "axis": "y", "origin": [8, 7, 24]},
			"faces": {
				"north": {"uv": [10, 10.5, 14, 15.5], "texture": "#0"},
				"east": {"uv": [0, 0, 0, 7.5], "texture": "#missing"},
				"south": {"uv": [10, 10, 14, 16], "texture": "#0"},
				"west": {"uv": [0, 0, 0, 7.5], "texture": "#missing"},
				"up": {"uv": [0, 0, 8.5, 0], "texture": "#missing"},
				"down": {"uv": [0, 0, 8.5, 0], "texture": "#missing"}
			}
		},
		{
			"from": [0, -7, 0],
			"to": [0, 0, 16],
			"rotation": {"angle": 0, "axis": "y", "origin": [8, 7, 8]},
			"faces": {
				"north": {"uv": [0, 0, 0, 3.5], "texture": "#missing"},
				"east": {"uv": [10.5, 14.5, 14.5, 16], "texture": "#0"},
				"south": {"uv": [0, 0, 0, 3.5], "texture": "#missing"},
				"west": {"uv": [8.5, 14.5, 12.5, 16], "texture": "#0"},
				"up": {"uv": [0, 0, 0, 8], "texture": "#missing"},
				"down": {"uv": [0, 0, 0, 8], "texture": "#missing"}
			}
		},
		{
			"from": [18, -7, 0],
			"to": [18, 0, 16],
			"rotation": {"angle": 0, "axis": "y", "origin": [26, 7, 8]},
			"faces": {
				"north": {"uv": [0, 0, 0, 3.5], "texture": "#missing"},
				"east": {"uv": [10.5, 14.5, 14.5, 16], "texture": "#0"},
				"south": {"uv": [0, 0, 0, 3.5], "texture": "#missing"},
				"west": {"uv": [8.5, 14.5, 12.5, 16], "texture": "#0"},
				"up": {"uv": [0, 0, 0, 8], "texture": "#missing"},
				"down": {"uv": [0, 0, 0, 8], "texture": "#missing"}
			}
		},
		{
			"from": [6, -2, 6],
			"to": [10, 0, 10],
			"rotation": {"angle": 0, "axis": "y", "origin": [17, 7, 15]},
			"faces": {
				"north": {"uv": [8, 12, 8.5, 12], "texture": "#0"},
				"east": {"uv": [8, 11.5, 8, 12.5], "texture": "#0"},
				"south": {"uv": [8, 11.5, 8.5, 12.5], "texture": "#0"},
				"west": {"uv": [7, 11.5, 9, 12.5], "texture": "#0"},
				"up": {"uv": [0, 0, 2, 2], "texture": "#0"},
				"down": {"uv": [7.5, 11, 8, 12], "texture": "#0"}
			}
		}
	],
	"display": {
		"thirdperson_righthand": {
			"rotation": [53, -180, 14],
			"translation": [1.75, -2, -3],
			"scale": [0.33, 0.33, 0.33]
		},
		"thirdperson_lefthand": {
			"rotation": [53, -180, 14],
			"translation": [1.75, -2, -3],
			"scale": [0.33, 0.33, 0.33]
		},
		"firstperson_righthand": {
			"rotation": [0, 45, 0],
			"scale": [0.33, 0.33, 0.33]
		},
		"firstperson_lefthand": {
			"rotation": [0, 45, 0],
			"scale": [0.33, 0.33, 0.33]
		},
		"ground": {
			"rotation": [-90, 0, 0],
			"translation": [0, 1.75, 0],
			"scale": [0.33, 0.33, 0.33]
		},
		"gui": {
			"rotation": [29, 53, 0],
			"translation": [0, 1.5, 0],
			"scale": [0.39, 0.39, 0.39]
		},
		"head": {
			"rotation": [0, -180, 0],
			"translation": [0.75, 0.25, 0],
			"scale": [0.9, 0.9, 0.9]
		},
		"fixed": {
			"rotation": [0, -180, 0],
			"translation": [0, 0, -8]
		}
	}
}