{
	"credit": "Made with Blockbench",
	"textures": {
		"1": "block/gold_block"
	},
	"elements": [
		{
			"from": [4, 1, 7.75],
			"to": [12, 2, 8],
			"rotation": {"angle": 0, "axis": "y", "origin": [12, 10, 15]},
			"faces": {
				"north": {"uv": [6, 11, 14, 12], "texture": "#1"},
				"east": {"uv": [4, 4, 5, 6], "texture": "#1"},
				"south": {"uv": [6, 3, 14, 4], "texture": "#1"},
				"west": {"uv": [5, 6, 6, 8], "texture": "#1"},
				"up": {"uv": [3, 3, 11, 4], "texture": "#1"},
				"down": {"uv": [4, 5, 12, 6], "texture": "#1"}
			}
		},
		{
			"from": [4.5, 1, 8],
			"to": [4.75, 1.5, 8.075],
			"rotation": {"angle": 0, "axis": "y", "origin": [12, 8.75, 16]},
			"faces": {
				"north": {"uv": [0, 0, 0.25, 0.5], "texture": "#1"},
				"east": {"uv": [4, 4, 5, 6], "texture": "#1"},
				"south": {"uv": [1, 3, 2, 5], "texture": "#1"},
				"west": {"uv": [0, 0, 1, 2], "texture": "#1"},
				"up": {"uv": [0, 0, 1, 1], "texture": "#1"},
				"down": {"uv": [0, 0, 1, 1], "texture": "#1"}
			}
		},
		{
			"from": [5.5, 1, 8],
			"to": [5.75, 1.75, 8.075],
			"rotation": {"angle": 0, "axis": "y", "origin": [13, 8.75, 16]},
			"faces": {
				"north": {"uv": [0, 0, 0.25, 0.5], "texture": "#1"},
				"east": {"uv": [4, 4, 5, 6], "texture": "#1"},
				"south": {"uv": [1, 3, 2, 5], "texture": "#1"},
				"west": {"uv": [0, 0, 1, 2], "texture": "#1"},
				"up": {"uv": [0, 0, 1, 1], "texture": "#1"},
				"down": {"uv": [0, 0, 1, 1], "texture": "#1"}
			}
		},
		{
			"from": [6.5, 1, 8],
			"to": [6.75, 1.5, 8.075],
			"rotation": {"angle": 0, "axis": "y", "origin": [14, 8.75, 16]},
			"faces": {
				"north": {"uv": [0, 0, 0.25, 0.5], "texture": "#1"},
				"east": {"uv": [4, 4, 5, 6], "texture": "#1"},
				"south": {"uv": [1, 3, 2, 5], "texture": "#1"},
				"west": {"uv": [0, 0, 1, 2], "texture": "#1"},
				"up": {"uv": [0, 0, 1, 1], "texture": "#1"},
				"down": {"uv": [0, 0, 1, 1], "texture": "#1"}
			}
		},
		{
			"from": [7.5, 1, 8],
			"to": [7.75, 1.5, 8.075],
			"rotation": {"angle": 0, "axis": "y", "origin": [15, 8.75, 16]},
			"faces": {
				"north": {"uv": [0, 0, 0.25, 0.5], "texture": "#1"},
				"east": {"uv": [4, 4, 5, 6], "texture": "#1"},
				"south": {"uv": [1, 3, 2, 5], "texture": "#1"},
				"west": {"uv": [0, 0, 1, 2], "texture": "#1"},
				"up": {"uv": [0, 0, 1, 1], "texture": "#1"},
				"down": {"uv": [0, 0, 1, 1], "texture": "#1"}
			}
		},
		{
			"from": [8.5, 1, 8],
			"to": [8.75, 1.5, 8.075],
			"rotation": {"angle": 0, "axis": "y", "origin": [16, 8.75, 16]},
			"faces": {
				"north": {"uv": [0, 0, 0.25, 0.5], "texture": "#1"},
				"east": {"uv": [4, 4, 5, 6], "texture": "#1"},
				"south": {"uv": [1, 3, 2, 5], "texture": "#1"},
				"west": {"uv": [0, 0, 1, 2], "texture": "#1"},
				"up": {"uv": [0, 0, 1, 1], "texture": "#1"},
				"down": {"uv": [0, 0, 1, 1], "texture": "#1"}
			}
		},
		{
			"from": [9.5, 1, 8],
			"to": [9.75, 1.75, 8.075],
			"rotation": {"angle": 0, "axis": "y", "origin": [17, 8.75, 16]},
			"faces": {
				"north": {"uv": [0, 0, 0.25, 0.5], "texture": "#1"},
				"east": {"uv": [4, 4, 5, 6], "texture": "#1"},
				"south": {"uv": [1, 3, 2, 5], "texture": "#1"},
				"west": {"uv": [0, 0, 1, 2], "texture": "#1"},
				"up": {"uv": [0, 0, 1, 1], "texture": "#1"},
				"down": {"uv": [0, 0, 1, 1], "texture": "#1"}
			}
		},
		{
			"from": [10.5, 1, 8],
			"to": [10.75, 1.5, 8.075],
			"rotation": {"angle": 0, "axis": "y", "origin": [18, 8.75, 16]},
			"faces": {
				"north": {"uv": [0, 0, 0.25, 0.5], "texture": "#1"},
				"east": {"uv": [4, 4, 5, 6], "texture": "#1"},
				"south": {"uv": [1, 3, 2, 5], "texture": "#1"},
				"west": {"uv": [0, 0, 1, 2], "texture": "#1"},
				"up": {"uv": [0, 0, 1, 1], "texture": "#1"},
				"down": {"uv": [0, 0, 1, 1], "texture": "#1"}
			}
		},
		{
			"from": [11.5, 1, 8],
			"to": [11.75, 1.5, 8.075],
			"rotation": {"angle": 0, "axis": "y", "origin": [19, 8.75, 16]},
			"faces": {
				"north": {"uv": [0, 0, 0.25, 0.5], "texture": "#1"},
				"east": {"uv": [4, 4, 5, 6], "texture": "#1"},
				"south": {"uv": [1, 3, 2, 5], "texture": "#1"},
				"west": {"uv": [0, 0, 1, 2], "texture": "#1"},
				"up": {"uv": [0, 0, 1, 1], "texture": "#1"},
				"down": {"uv": [0, 0, 1, 1], "texture": "#1"}
			}
		},
		{
			"from": [4.5, 1, 8],
			"to": [4.75, 1.5, 8],
			"rotation": {"angle": 0, "axis": "y", "origin": [12, 8.75, 16]},
			"color": 1,
			"faces": {
				"north": {"uv": [0, 0, 0.25, 0.5], "texture": "#missing"},
				"east": {"uv": [0, 0, 0, 0.5], "texture": "#missing"},
				"south": {"uv": [0, 0, 0.25, 0.5], "texture": "#missing"},
				"west": {"uv": [0, 0, 0, 0.5], "texture": "#missing"},
				"up": {"uv": [0, 0, 0.25, 0], "texture": "#missing"},
				"down": {"uv": [0, 0, 0.25, 0], "texture": "#missing"}
			}
		}
	],
	"display": {
		"thirdperson_righthand": {
			"rotation": [25, -90, -66],
			"translation": [-0.75, 3.25, 7.5]
		},
		"thirdperson_lefthand": {
			"rotation": [25, -90, -66],
			"translation": [-0.75, 3.25, 7.5]
		},
		"firstperson_righthand": {
			"rotation": [70, -96, 5],
			"translation": [1.5, 5.25, 5]
		},
		"firstperson_lefthand": {
			"rotation": [70, -96, 5],
			"translation": [1.5, 5.25, 5]
		},
		"ground": {
			"translation": [0, 4.5, 0]
		},
		"gui": {
			"rotation": [-8, 3, 42],
			"translation": [-8.5, 9.75, 0],
			"scale": [1.95, 1.95, 1.95]
		},
		"head": {
			"rotation": [23, 90, 8],
			"translation": [7.25, 12.75, 6.75],
			"scale": [2, 2, 2]
		},
		"fixed": {
			"rotation": [0, -180, 68],
			"translation": [14, 5.75, -0.25],
			"scale": [2.33, 2.33, 2.33]
		}
	}
}