{
	"credit": "Made with Blockbench",
	"texture_size": [64, 64],
	"textures": {
		"0": "item/carved_pumpkin/mage_hat",
		"particle": "item/carved_pumpkin/mage_hat"
	},
	"elements": [
		{
			"from": [4, 12, 6],
			"to": [12, 16, 12],
			"rotation": {"angle": 45, "axis": "x", "origin": [8, 8, 4]},
			"faces": {
				"north": {"uv": [1.5, 14.75, 3.5, 16], "texture": "#0"},
				"east": {"uv": [0, 14.75, 1.5, 16], "texture": "#0"},
				"south": {"uv": [5, 14.75, 7, 16], "texture": "#0"},
				"west": {"uv": [3.5, 14.75, 5, 16], "texture": "#0"},
				"up": {"uv": [3.5, 14.75, 1.5, 13.25], "texture": "#0"},
				"down": {"uv": [5.5, 13.25, 3.5, 14.75], "texture": "#0"}
			}
		},
		{
			"from": [5, 15, 11],
			"to": [11, 19, 14],
			"rotation": {"angle": 45, "axis": "x", "origin": [8, 11, 6]},
			"faces": {
				"north": {"uv": [1.5, 14.75, 3.5, 16], "texture": "#0"},
				"east": {"uv": [0, 14.75, 1.5, 16], "texture": "#0"},
				"south": {"uv": [5, 14.75, 7, 16], "texture": "#0"},
				"west": {"uv": [3.5, 14.75, 5, 16], "texture": "#0"},
				"up": {"uv": [3.5, 14.75, 1.5, 13.25], "texture": "#0"},
				"down": {"uv": [5.5, 13.25, 3.5, 14.75], "texture": "#0"}
			}
		},
		{
			"from": [1, 0, 1],
			"to": [15, 1, 15],
			"rotation": {"angle": 0, "axis": "x", "origin": [9, 0, 9]},
			"faces": {
				"north": {"uv": [3.5, 3.5, 7, 3.75], "texture": "#0"},
				"east": {"uv": [0, 3.5, 3.5, 3.75], "texture": "#0"},
				"south": {"uv": [10.5, 3.5, 14, 3.75], "texture": "#0"},
				"west": {"uv": [7, 3.5, 10.5, 3.75], "texture": "#0"},
				"up": {"uv": [3.5, 0, 7, 3.5], "texture": "#0"},
				"down": {"uv": [7, 0, 10.5, 3.5], "texture": "#0"}
			}
		},
		{
			"from": [3, 1, 4],
			"to": [13, 9, 12],
			"rotation": {"angle": 22.5, "axis": "x", "origin": [8, 2, 8]},
			"faces": {
				"north": {"uv": [1.5, 10.25, 3.5, 12.75], "texture": "#0"},
				"east": {"uv": [0, 10.25, 1.5, 12.75], "texture": "#0"},
				"south": {"uv": [5, 10.25, 7, 12.75], "texture": "#0"},
				"west": {"uv": [3.5, 10.25, 5, 12.75], "texture": "#0"},
				"up": {"uv": [3.5, 10.25, 1.5, 8.75], "texture": "#0"},
				"down": {"uv": [5.5, 8.75, 3.5, 10.25], "texture": "#0"}
			}
		},
		{
			"from": [2.75, 0.75, 3.85],
			"to": [13.25, 8.25, 13.35],
			"rotation": {"angle": 0, "axis": "y", "origin": [8, 1, 8.1]},
			"faces": {
				"north": {"uv": [1.5, 6.25, 3.5, 8.75], "texture": "#0"},
				"east": {"uv": [0, 6.25, 1.5, 8.75], "texture": "#0"},
				"south": {"uv": [5, 6.25, 7, 8.75], "texture": "#0"},
				"west": {"uv": [3.5, 6.25, 5, 8.75], "texture": "#0"},
				"up": {"uv": [3.5, 6.25, 1.5, 4.75], "texture": "#0"},
				"down": {"uv": [5.5, 4.75, 3.5, 6.25], "texture": "#0"}
			}
		}
	],
	"display": {
		"thirdperson_righthand": {
			"rotation": [75, 45, 0],
			"translation": [0, 2.5, 4],
			"scale": [0.6, 0.62, 0.59]
		},
		"thirdperson_lefthand": {
			"rotation": [75, 45, 0],
			"translation": [0, 2.5, 4],
			"scale": [0.6, 0.62, 0.59]
		},
		"firstperson_righthand": {
			"rotation": [1, 74, 0],
			"translation": [0, 7, 4],
			"scale": [0.6, 0.62, 0.59]
		},
		"firstperson_lefthand": {
			"rotation": [1, 74, 0],
			"translation": [0, 7, 4],
			"scale": [0.6, 0.62, 0.59]
		},
		"ground": {
			"translation": [0, 1.5, 0],
			"scale": [0.56, 0.56, 0.56]
		},
		"gui": {
			"rotation": [40, 126, 0],
			"translation": [0, 2.25, 0],
			"scale": [0.68, 0.68, 0.68]
		},
		"head": {
			"rotation": [27, 0, 0],
			"translation": [0, 13.75, 4.75],
			"scale": [1.5, 1.5, 1.5]
		},
		"fixed": {
			"rotation": [-90, 0, 0],
			"translation": [0, 0, -14],
			"scale": [1.86, 1.86, 1.91]
		}
	}
}