{
	"credit": "Made with Blockbench",
	"textures": {
		"1": "block/gold_block",
		"3": "item/prismarine_shard/glass2",
		"particle": "item/prismarine_shard/glass"
	},
	"elements": [
		{
			"from": [6, 0.25, 5],
			"to": [7, 1, 7],
			"rotation": {"angle": 0, "axis": "y", "origin": [14, 8, 13]},
			"faces": {
				"north": {"uv": [0, 0, 1, 1], "texture": "#1"},
				"east": {"uv": [9, 7, 11, 8], "texture": "#1"},
				"south": {"uv": [0, 2, 1, 3], "texture": "#1"},
				"west": {"uv": [3, 2, 5, 3], "texture": "#1"},
				"up": {"uv": [12, 4, 13, 6], "texture": "#1"},
				"down": {"uv": [0, 2, 1, 4], "texture": "#1"}
			}
		},
		{
			"from": [6, 3, 5],
			"to": [7, 3.75, 7],
			"rotation": {"angle": 0, "axis": "y", "origin": [14, 11, 13]},
			"faces": {
				"north": {"uv": [0, 0, 1, 1], "texture": "#1"},
				"east": {"uv": [5, 4, 7, 5], "texture": "#1"},
				"south": {"uv": [3, 5, 4, 6], "texture": "#1"},
				"west": {"uv": [12, 2, 14, 3], "texture": "#1"},
				"up": {"uv": [0, 1, 1, 3], "texture": "#1"},
				"down": {"uv": [0, 0, 1, 2], "texture": "#1"}
			}
		},
		{
			"from": [6.25, 2, 7.75],
			"to": [6.75, 2.75, 8.5],
			"rotation": {"angle": 0, "axis": "y", "origin": [13.75, 10, 15]},
			"faces": {
				"north": {"uv": [0, 0, 1, 1], "texture": "#1"},
				"east": {"uv": [15, 4, 16, 5], "texture": "#1"},
				"south": {"uv": [3, 5, 4, 6], "texture": "#1"},
				"west": {"uv": [15, 4, 16, 5], "texture": "#1"},
				"up": {"uv": [15, 3, 16, 5], "texture": "#1"},
				"down": {"uv": [15, 3, 16, 5], "texture": "#1"}
			}
		},
		{
			"from": [6, 1, 8.5],
			"to": [7, 3, 9.25],
			"rotation": {"angle": 0, "axis": "y", "origin": [14, 10, 16.25]},
			"faces": {
				"north": {"uv": [0, 2, 1, 4], "texture": "#1"},
				"east": {"uv": [12, 4, 13, 6], "texture": "#1"},
				"south": {"uv": [6, 3, 7, 5], "texture": "#1"},
				"west": {"uv": [8, 6, 9, 8], "texture": "#1"},
				"up": {"uv": [3, 3, 4, 4], "texture": "#1"},
				"down": {"uv": [0, 0, 1, 1], "texture": "#1"}
			}
		},
		{
			"from": [6, 1, 7],
			"to": [7, 3, 7.75],
			"rotation": {"angle": 0, "axis": "y", "origin": [14, 10, 15]},
			"faces": {
				"north": {"uv": [0, 2, 1, 4], "texture": "#1"},
				"east": {"uv": [13, 6, 14, 8], "texture": "#1"},
				"south": {"uv": [9, 8, 10, 10], "texture": "#1"},
				"west": {"uv": [8, 6, 9, 8], "texture": "#1"},
				"up": {"uv": [3, 3, 4, 4], "texture": "#1"},
				"down": {"uv": [0, 0, 1, 1], "texture": "#1"}
			}
		},
		{
			"from": [6, 1, 4.25],
			"to": [7, 3, 5],
			"rotation": {"angle": 0, "axis": "y", "origin": [14, 10, 12]},
			"faces": {
				"north": {"uv": [7, 4, 8, 6], "texture": "#1"},
				"east": {"uv": [4, 4, 5, 6], "texture": "#1"},
				"south": {"uv": [8, 3, 9, 5], "texture": "#1"},
				"west": {"uv": [5, 6, 6, 8], "texture": "#1"},
				"up": {"uv": [0, 0, 1, 1], "texture": "#1"},
				"down": {"uv": [0, 0, 1, 1], "texture": "#1"}
			}
		},
		{
			"from": [6, 1, 11.25],
			"to": [7, 3, 12],
			"rotation": {"angle": 0, "axis": "y", "origin": [14, 10, 19.25]},
			"faces": {
				"north": {"uv": [0, 0, 1, 2], "texture": "#1"},
				"east": {"uv": [7, 5, 8, 7], "texture": "#1"},
				"south": {"uv": [5, 4, 6, 5], "texture": "#1"},
				"west": {"uv": [3, 7, 4, 9], "texture": "#1"},
				"up": {"uv": [0, 0, 1, 1], "texture": "#1"},
				"down": {"uv": [0, 0, 1, 1], "texture": "#1"}
			}
		},
		{
			"from": [7, 2.25, 12],
			"to": [12, 3, 12],
			"rotation": {"angle": 0, "axis": "y", "origin": [15, 10, 20]},
			"faces": {
				"north": {"uv": [4, 15, 9, 16], "texture": "#1"},
				"east": {"uv": [0, 0, 0, 1], "texture": "#1"},
				"south": {"uv": [8, 15, 13, 16], "texture": "#1"},
				"west": {"uv": [0, 0, 0, 1], "texture": "#1"},
				"up": {"uv": [0, 0, 5, 0], "texture": "#1"},
				"down": {"uv": [0, 0, 5, 0], "texture": "#1"}
			}
		},
		{
			"from": [7, 2.25, 4.25],
			"to": [12, 3, 4.25],
			"rotation": {"angle": 0, "axis": "y", "origin": [15, 10, 11.25]},
			"faces": {
				"north": {"uv": [7, 15, 12, 16], "texture": "#1"},
				"east": {"uv": [0, 0, 0, 1], "texture": "#1"},
				"south": {"uv": [10, 15, 15, 16], "texture": "#1"},
				"west": {"uv": [0, 0, 0, 1], "texture": "#1"},
				"up": {"uv": [0, 0, 5, 0], "texture": "#1"},
				"down": {"uv": [0, 0, 5, 0], "texture": "#1"}
			}
		},
		{
			"from": [6, 0.25, 9.25],
			"to": [7, 1, 11.25],
			"rotation": {"angle": 0, "axis": "y", "origin": [14, 8, 17.25]},
			"faces": {
				"north": {"uv": [0, 0, 1, 1], "texture": "#1"},
				"east": {"uv": [6, 5, 8, 6], "texture": "#1"},
				"south": {"uv": [4, 3, 5, 4], "texture": "#1"},
				"west": {"uv": [2, 3, 4, 4], "texture": "#1"},
				"up": {"uv": [7, 10, 8, 12], "texture": "#1"},
				"down": {"uv": [0, 1, 1, 3], "texture": "#1"}
			}
		},
		{
			"from": [6, 3, 9.25],
			"to": [7, 3.75, 11.25],
			"rotation": {"angle": 0, "axis": "y", "origin": [14, 11, 17.25]},
			"faces": {
				"north": {"uv": [0, 0, 1, 0.75], "texture": "#1"},
				"east": {"uv": [9, 7, 11, 8], "texture": "#1"},
				"south": {"uv": [0, 0, 1, 0.75], "texture": "#1"},
				"west": {"uv": [4, 8, 6, 9], "texture": "#1"},
				"up": {"uv": [0, 2, 1, 4], "texture": "#1"},
				"down": {"uv": [0, 0, 1, 2], "texture": "#1"}
			}
		},
		{
			"from": [6.4, 1, 5],
			"to": [6.4, 3, 7],
			"rotation": {"angle": 0, "axis": "y", "origin": [14.4, 9, 13]},
			"faces": {
				"north": {"uv": [0, 0, 0, 2], "texture": "#missing"},
				"east": {"uv": [0, 0, 2, 2], "texture": "#3"},
				"south": {"uv": [0, 0, 0, 2], "texture": "#missing"},
				"west": {"uv": [0, 0, 2, 2], "texture": "#3"},
				"up": {"uv": [0, 0, 0, 2], "texture": "#missing"},
				"down": {"uv": [0, 0, 0, 2], "texture": "#missing"}
			}
		},
		{
			"from": [6.4, 1, 9.25],
			"to": [6.4, 3, 11.25],
			"rotation": {"angle": 0, "axis": "y", "origin": [14.4, 9, 17.25]},
			"faces": {
				"north": {"uv": [0, 0, 0, 2], "texture": "#missing"},
				"east": {"uv": [0, 0, 2, 2], "texture": "#3"},
				"south": {"uv": [0, 0, 0, 2], "texture": "#missing"},
				"west": {"uv": [0, 0, 2, 2], "texture": "#3"},
				"up": {"uv": [0, 0, 0, 2], "texture": "#missing"},
				"down": {"uv": [0, 0, 0, 2], "texture": "#missing"}
			}
		}
	],
	"display": {
		"thirdperson_righthand": {
			"rotation": [0, -90, -66],
			"translation": [-2.5, 2, 5.5]
		},
		"thirdperson_lefthand": {
			"rotation": [0, -90, 113],
			"translation": [-2.5, -2, -4.75]
		},
		"firstperson_righthand": {
			"rotation": [-8, -96, 5],
			"translation": [0, 7, 0]
		},
		"firstperson_lefthand": {
			"rotation": [-8, 81, 5],
			"translation": [1.5, 6.5, 0]
		},
		"ground": {
			"translation": [0, 4.5, 0]
		},
		"gui": {
			"rotation": [29, 68, 5],
			"translation": [-0.75, 7.75, 0],
			"scale": [1.49, 1.49, 1.49]
		},
		"head": {
			"rotation": [0, -90, 0],
			"translation": [0.25, 11, -4.25],
			"scale": [2, 2, 2]
		},
		"fixed": {
			"rotation": [0, -90, 68],
			"translation": [0, 3.5, -15.25],
			"scale": [2.33, 2.33, 2.33]
		}
	}
}