{
	"credit": "Made with Blockbench",
	"texture_size": [32, 32],
	"textures": {
		"0": "item/carved_pumpkin/wolf_skin",
		"particle": "item/carved_pumpkin/wolf_skin"
	},
	"elements": [
		{
			"from": [3.5, 0, 3.5],
			"to": [12.5, 9, 13.5],
			"rotation": {"angle": 0, "axis": "y", "origin": [12, 8, 12]},
			"faces": {
				"north": {"uv": [8.5, 11.5, 4.5, 16], "texture": "#0"},
				"east": {"uv": [8.5, 11.5, 13, 16], "texture": "#0"},
				"south": {"uv": [4.5, 11.5, 8.5, 16], "texture": "#0"},
				"west": {"uv": [0, 11.5, 4.5, 16], "texture": "#0"},
				"up": {"uv": [0, 7.5, 4.5, 11.5], "rotation": 90, "texture": "#0"},
				"down": {"uv": [4.5, 7.5, 9, 11.5], "texture": "#0"}
			}
		},
		{
			"from": [10, 10, 0],
			"to": [11, 13, 3],
			"rotation": {"angle": -22.5, "axis": "x", "origin": [18, 18, 8]},
			"faces": {
				"north": {"uv": [0, 0.5, 0.5, 2], "texture": "#0"},
				"east": {"uv": [2.5, 0.5, 4, 2], "texture": "#0"},
				"south": {"uv": [2, 0.5, 2.5, 2], "texture": "#0"},
				"west": {"uv": [0.5, 0.5, 2, 2], "texture": "#0"},
				"up": {"uv": [0.5, 0, 2, 0.5], "rotation": 90, "texture": "#0"},
				"down": {"uv": [2, 0, 3.5, 0.5], "rotation": 90, "texture": "#0"}
			}
		},
		{
			"from": [10, 5, 13],
			"to": [11, 8, 16],
			"rotation": {"angle": 22.5, "axis": "x", "origin": [18, 13, 21]},
			"faces": {
				"north": {"uv": [0, 0.5, 0.5, 2], "texture": "#0"},
				"east": {"uv": [2.5, 0.5, 4, 2], "texture": "#0"},
				"south": {"uv": [2, 0.5, 2.5, 2], "texture": "#0"},
				"west": {"uv": [2, 0.5, 0.5, 2], "texture": "#0"},
				"up": {"uv": [0.5, 0, 2, 0.5], "rotation": 90, "texture": "#0"},
				"down": {"uv": [2, 0, 3.5, 0.5], "rotation": 90, "texture": "#0"}
			}
		},
		{
			"from": [0, 5, 6],
			"to": [4, 7, 11],
			"rotation": {"angle": 0, "axis": "y", "origin": [11, 14, 14]},
			"faces": {
				"north": {"uv": [4, 2, 6, 3], "texture": "#0"},
				"east": {"uv": [10.5, 2, 13, 3], "texture": "#0"},
				"south": {"uv": [8.5, 2, 10.5, 3], "texture": "#0"},
				"west": {"uv": [6, 2, 8.5, 3], "texture": "#0"},
				"up": {"uv": [6, 0, 8.5, 2], "rotation": 90, "texture": "#0"},
				"down": {"uv": [8.5, 0, 11, 2], "rotation": 90, "texture": "#0"}
			}
		},
		{
			"from": [2, -1, 5.5],
			"to": [6, 0, 11.5],
			"rotation": {"angle": 0, "axis": "y", "origin": [10, 7, 14.5]},
			"faces": {
				"north": {"uv": [4, 5, 6, 5.5], "texture": "#0"},
				"east": {"uv": [11, 5, 14, 5.5], "texture": "#0"},
				"south": {"uv": [9, 5, 11, 5.5], "texture": "#0"},
				"west": {"uv": [6, 5, 9, 5.5], "texture": "#0"},
				"up": {"uv": [6, 3, 9, 5], "rotation": 90, "texture": "#0"},
				"down": {"uv": [9, 3, 12, 5], "rotation": 90, "texture": "#0"}
			}
		},
		{
			"from": [3, 4, 10.9],
			"to": [4, 6, 10.9],
			"rotation": {"angle": 0, "axis": "y", "origin": [11, 12, 18.9]},
			"faces": {
				"north": {"uv": [0, 2.5, 0.5, 3.5], "texture": "#0"},
				"east": {"uv": [0, 0, 0, 1], "texture": "#missing"},
				"south": {"uv": [0, 2.5, 0.5, 3.5], "texture": "#0"},
				"west": {"uv": [0, 0, 0, 1], "texture": "#missing"},
				"up": {"uv": [0, 0, 0.5, 0], "texture": "#missing"},
				"down": {"uv": [0, 0, 0.5, 0], "texture": "#missing"}
			}
		},
		{
			"from": [0, 3, 10.9],
			"to": [1, 5, 10.9],
			"rotation": {"angle": 0, "axis": "y", "origin": [8, 11, 18.9]},
			"faces": {
				"north": {"uv": [0, 2.5, 0.5, 3.5], "texture": "#0"},
				"east": {"uv": [0, 0, 0, 1], "texture": "#missing"},
				"south": {"uv": [0, 2.5, 0.5, 3.5], "texture": "#0"},
				"west": {"uv": [0, 0, 0, 1], "texture": "#missing"},
				"up": {"uv": [0, 0, 0.5, 0], "texture": "#missing"},
				"down": {"uv": [0, 0, 0.5, 0], "texture": "#missing"}
			}
		},
		{
			"from": [3, 4, 6.1],
			"to": [4, 6, 6.1],
			"rotation": {"angle": 0, "axis": "y", "origin": [11, 12, 14.1]},
			"faces": {
				"north": {"uv": [0, 2.5, 0.5, 3.5], "texture": "#0"},
				"east": {"uv": [0, 0, 0, 1], "texture": "#missing"},
				"south": {"uv": [0, 2.5, 0.5, 3.5], "texture": "#0"},
				"west": {"uv": [0, 0, 0, 1], "texture": "#missing"},
				"up": {"uv": [0, 0, 0.5, 0], "texture": "#missing"},
				"down": {"uv": [0, 0, 0.5, 0], "texture": "#missing"}
			}
		},
		{
			"from": [0, 3, 6.1],
			"to": [1, 5, 6.1],
			"rotation": {"angle": 0, "axis": "y", "origin": [8, 11, 14.1]},
			"faces": {
				"north": {"uv": [0, 2.5, 0.5, 3.5], "texture": "#0"},
				"east": {"uv": [0, 0, 0, 1], "texture": "#missing"},
				"south": {"uv": [0, 2.5, 0.5, 3.5], "texture": "#0"},
				"west": {"uv": [0, 0, 0, 1], "texture": "#missing"},
				"up": {"uv": [0, 0, 0.5, 0], "texture": "#missing"},
				"down": {"uv": [0, 0, 0.5, 0], "texture": "#missing"}
			}
		},
		{
			"from": [3, -1, 5.6],
			"to": [4, 1, 5.6],
			"rotation": {"angle": 0, "axis": "y", "origin": [11, 7, 13.6]},
			"faces": {
				"north": {"uv": [0, 2.5, 0.5, 3.5], "texture": "#0"},
				"east": {"uv": [0, 0, 0, 1], "texture": "#missing"},
				"south": {"uv": [0, 2.5, 0.5, 3.5], "texture": "#0"},
				"west": {"uv": [0, 0, 0, 1], "texture": "#missing"},
				"up": {"uv": [0, 0, 0.5, 0], "texture": "#missing"},
				"down": {"uv": [0, 0, 0.5, 0], "texture": "#missing"}
			}
		},
		{
			"from": [3, -1, 11.4],
			"to": [4, 1, 11.4],
			"rotation": {"angle": 0, "axis": "y", "origin": [11, 7, 19.4]},
			"faces": {
				"north": {"uv": [0, 2.5, 0.5, 3.5], "texture": "#0"},
				"east": {"uv": [0, 0, 0, 1], "texture": "#missing"},
				"south": {"uv": [0, 2.5, 0.5, 3.5], "texture": "#0"},
				"west": {"uv": [0, 0, 0, 1], "texture": "#missing"},
				"up": {"uv": [0, 0, 0.5, 0], "texture": "#missing"},
				"down": {"uv": [0, 0, 0.5, 0], "texture": "#missing"}
			}
		},
		{
			"from": [0.05, 4, 6],
			"to": [0.05, 6, 7],
			"rotation": {"angle": 0, "axis": "y", "origin": [8.05, 13, 14]},
			"faces": {
				"north": {"uv": [0, 0, 0, 1], "texture": "#missing"},
				"east": {"uv": [0, 2.5, 0.5, 3.5], "texture": "#0"},
				"south": {"uv": [0, 0, 0, 1], "texture": "#missing"},
				"west": {"uv": [0, 2.5, 0.5, 3.5], "texture": "#0"},
				"up": {"uv": [0, 0, 0, 0.5], "texture": "#missing"},
				"down": {"uv": [0, 0, 0, 0.5], "texture": "#missing"}
			}
		},
		{
			"from": [2.05, -1, 6.5],
			"to": [2.05, 1, 7.5],
			"rotation": {"angle": 0, "axis": "y", "origin": [10.05, 8, 14.5]},
			"faces": {
				"north": {"uv": [0, 0, 0, 1], "texture": "#missing"},
				"east": {"uv": [0, 2.5, 0.5, 3.5], "texture": "#0"},
				"south": {"uv": [0, 0, 0, 1], "texture": "#missing"},
				"west": {"uv": [0, 2.5, 0.5, 3.5], "texture": "#0"},
				"up": {"uv": [0, 0, 0, 0.5], "texture": "#missing"},
				"down": {"uv": [0, 0, 0, 0.5], "texture": "#missing"}
			}
		},
		{
			"from": [0.05, 4, 10],
			"to": [0.05, 6, 11],
			"rotation": {"angle": 0, "axis": "y", "origin": [8.05, 13, 18]},
			"faces": {
				"north": {"uv": [0, 0, 0, 1], "texture": "#missing"},
				"east": {"uv": [0, 2.5, 0.5, 3.5], "texture": "#0"},
				"south": {"uv": [0, 0, 0, 1], "texture": "#missing"},
				"west": {"uv": [0, 2.5, 0.5, 3.5], "texture": "#0"},
				"up": {"uv": [0, 0, 0, 0.5], "texture": "#missing"},
				"down": {"uv": [0, 0, 0, 0.5], "texture": "#missing"}
			}
		},
		{
			"from": [2.05, -1, 9.5],
			"to": [2.05, 1, 10.5],
			"rotation": {"angle": 0, "axis": "y", "origin": [10.05, 8, 17.5]},
			"faces": {
				"north": {"uv": [0, 0, 0, 1], "texture": "#missing"},
				"east": {"uv": [0, 2.5, 0.5, 3.5], "texture": "#0"},
				"south": {"uv": [0, 0, 0, 1], "texture": "#missing"},
				"west": {"uv": [0, 2.5, 0.5, 3.5], "texture": "#0"},
				"up": {"uv": [0, 0, 0, 0.5], "texture": "#missing"},
				"down": {"uv": [0, 0, 0, 0.5], "texture": "#missing"}
			}
		}
	],
	"display": {
		"thirdperson_righthand": {
			"rotation": [75, 45, 0],
			"translation": [0, 2.5, 0],
			"scale": [0.375, 0.375, 0.375]
		},
		"thirdperson_lefthand": {
			"rotation": [75, 45, 0],
			"translation": [0, 2.5, 0],
			"scale": [0.375, 0.375, 0.375]
		},
		"firstperson_righthand": {
			"rotation": [0, 45, 0],
			"scale": [0.4, 0.4, 0.4]
		},
		"firstperson_lefthand": {
			"rotation": [0, 225, 0],
			"scale": [0.4, 0.4, 0.4]
		},
		"ground": {
			"translation": [0, 3, 0],
			"scale": [0.6, 0.6, 0.6]
		},
		"gui": {
			"rotation": [30, 135, 0],
			"translation": [-1, 2.75, 0],
			"scale": [0.78, 0.78, 0.78]
		},
		"head": {
			"rotation": [0, -90, 0],
			"translation": [0.75, 6.5, 0],
			"scale": [1.61, 1.61, 1.61]
		},
		"fixed": {
			"rotation": [0, -90, 0]
		}
	}
}